ID,Edad,Sexo,Estado_Civil,Numero_Hijos,Nivel_Educativo,Zona_Vivienda,Estrato,Sector,Tamaño_Empresa,Trabajo_Turnos,Tipo_Contrato,Horas_Semana,Ingreso,Tipo_Cargo,Personas_Cargo,Años_Experiencia,Antiguedad_Cargo,Modalidad,Horas_Traslado,Horas_Formacion,CT1,CT2,CT3,PT1,PT2,PT3,PT4,CL1,CL2,CL3,CL4,CL5,CL6,CL7,AC1,AC2,AC3,CR1,CR2,CR3,CR4,CoR1,CoR2,CoR3,GC1,GC2,GC3,GC4,SM1,SM2,SM3,SM4,SM5,SAT1,SAT2,SAT3,SAT4,SAT5,SAT6,SAT7,SAT8,SAT9,IR1,IR2,IR3,IR4,FT1,FT2,FT3,FT4,FT5,TF1,TF2,TF3,TF4,TF5,BU1,BU2,BU3,BU4,BU5,BU6,BU7,BU8,BU9,BU10,BU11,BU12,BP1,BP2,BP3,BP4,BP5,BP6,BP7,BP8,BP9,BP10,SOM1,SOM2,SOM3,SOM4,SOM5,DL1,DL2,DL3,DL4,DL5,DL6,DL7,DL8,IR1_original,outlier_flag,CTRL,PRES,LIDER,COMP,ROL_C,ROL_CON,CAMBIO,SM_ORG,SAT,RETIRO,FAM_TRAB,TRAB_FAM,BURNOUT,BIENESTAR,SOMATIZ,DESGASTE
1,47,Mujer,Casado,Sin hijos,Profesional,Urbana,2.0,Mixto,Más de 500 empleados,No,Presentación de servicios,48,Entre 1 y 3 SMLV,Operativo,No,Entre 1 a 5,Entre 1 y 3 años,Presencial,Entre 2 y 3 horas,9.0,1.0,3.0,3.0,3.0,4.0,3.0,2.0,,,2.0,,2.0,3.0,3.0,4.0,4.0,4.0,5.0,5.0,4.0,5.0,2.0,2.0,2.0,2.0,3.0,2.0,2.0,2.0,3.0,2.0,3.0,2.0,7.0,5.0,6.0,6.0,5.0,6.0,6.0,6.0,5.0,3.0,,2.0,2.0,1.0,1.0,2.0,1.0,1.0,2.0,2.0,1.0,2.0,1.0,2.0,4.0,2.0,1.0,2.0,2.0,2.0,2.0,2.0,2.0,,1.0,6.0,5.0,5.0,5.0,5.0,5.0,5.0,5.0,5.0,6.0,,2.0,2.0,,2.0,2.0,1.0,1.0,2.0,1.0,3.0,3.0,3.0,5.0,0,2.333,3.0,2.5,4.0,4.75,2.0,2.25,2.4,5.778,2.333,1.2,1.6,2.0,5.2,2.0,2.0
2,43,Mujer,Separado,3,Profesional,Urbana,3.0,Público,Más de 500 empleados,Si,Provisionalidad,45,Entre 1 y 3 SMLV,Administrativo,No,Entre 20 a 25,Entre 1 y 3 años,Presencial,Menos de 1 hora,29.0,4.0,4.0,4.0,2.0,3.0,3.0,2.0,3.0,3.0,3.0,4.0,3.0,2.0,2.0,4.0,4.0,5.0,4.0,5.0,4.0,5.0,2.0,,2.0,2.0,1.0,2.0,2.0,3.0,3.0,3.0,2.0,2.0,5.0,6.0,5.0,4.0,5.0,5.0,5.0,5.0,5.0,4.0,,4.0,4.0,2.0,,1.0,2.0,2.0,4.0,6.0,4.0,5.0,5.0,2.0,2.0,2.0,1.0,2.0,,2.0,4.0,1.0,2.0,1.0,2.0,6.0,5.0,5.0,5.0,5.0,5.0,5.0,5.0,5.0,6.0,,1.0,3.0,2.0,3.0,1.0,1.0,1.0,2.0,1.0,1.0,1.0,1.0,4.0,0,4.0,2.5,2.857,4.333,4.5,2.0,1.75,2.6,5.0,4.0,1.75,4.8,1.909,5.2,2.25,1.125
3,54,Mujer,Soltero,2,Profesional,Urbana,4.0,Público,Entre 50 y 200 empleados,No,Carrera,43,Entre 1 y 3 SMLV,Directivo,No,Entre 5 a 10,Entre 3 y 7 años,Presencial,Menos de 1 hora,81.0,3.0,3.0,3.0,4.0,3.0,3.0,3.0,5.0,5.0,4.0,4.0,4.0,5.0,,3.0,2.0,2.0,4.0,,5.0,,2.0,2.0,2.0,4.0,3.0,4.0,4.0,2.0,2.0,2.0,3.0,2.0,5.0,6.0,7.0,6.0,7.0,7.0,6.0,7.0,5.0,1.0,1.0,1.0,1.0,4.0,3.0,3.0,3.0,4.0,3.0,2.0,2.0,3.0,1.0,4.0,2.0,2.0,2.0,2.0,4.0,2.0,2.0,2.0,1.0,2.0,2.0,6.0,5.0,6.0,6.0,,6.0,5.0,5.0,6.0,6.0,6.0,4.0,5.0,3.0,5.0,1.0,1.0,2.0,1.0,1.0,1.0,1.0,2.0,7.0,0,3.0,3.25,4.5,2.333,4.5,2.0,3.75,2.2,6.222,1.0,3.4,2.2,2.25,5.667,4.6,1.25
4,46,Mujer,Casado,2,Tecnológico,Urbana,4.0,Público,Entre 200 y 500 empleados,No,Provisionalidad,52,Entre 1 y 3 SMLV,Administrativo,Si,Entre 5 a 10,Entre 1 y 3 años,Presencial,Entre 1 y 2 horas,5.0,4.0,4.0,2.0,,1.0,2.0,2.0,,3.0,4.0,3.0,2.0,3.0,3.0,3.0,2.0,3.0,4.0,5.0,5.0,4.0,2.0,1.0,2.0,4.0,3.0,4.0,3.0,2.0,2.0,2.0,2.0,2.0,7.0,7.0,7.0,7.0,7.0,7.0,7.0,7.0,7.0,3.0,2.0,1.0,2.0,3.0,3.0,2.0,2.0,2.0,4.0,3.0,2.0,,1.0,2.0,,1.0,2.0,2.0,4.0,4.0,2.0,4.0,2.0,2.0,4.0,6.0,6.0,6.0,6.0,6.0,7.0,7.0,6.0,7.0,6.0,3.0,3.0,3.0,3.0,3.0,1.0,1.0,,1.0,1.0,2.0,1.0,1.0,5.0,0,3.333,1.667,3.0,2.667,4.5,1.667,3.5,2.0,7.0,2.0,2.4,2.5,2.636,6.3,3.0,1.143
5,38,Mujer,Soltero,4,Tecnológico,Urbana,3.0,Público,Entre 200 y 500 empleados,No,Presentación de servicios,44,Entre 1 y 3 SMLV,Administrativo,Si,Entre 15 a 20,Más de 10 años,Presencial,Entre 1 y 2 horas,21.0,2.0,2.0,2.0,3.0,4.0,4.0,4.0,4.0,4.0,2.0,4.0,3.0,4.0,3.0,4.0,3.0,2.0,4.0,3.0,3.0,4.0,3.0,4.0,4.0,3.0,3.0,4.0,3.0,5.0,5.0,5.0,5.0,5.0,5.0,5.0,5.0,,4.0,4.0,6.0,5.0,,2.0,,2.0,2.0,1.0,2.0,2.0,2.0,2.0,1.0,2.0,2.0,2.0,2.0,7.0,5.0,4.0,5.0,7.0,5.0,5.0,7.0,7.0,,,5.0,,3.0,5.0,4.0,4.0,4.0,4.0,5.0,4.0,3.0,4.0,5.0,4.0,5.0,,4.0,5.0,5.0,4.0,3.0,4.0,4.0,4.0,6.0,0,2.0,3.75,3.429,3.0,3.5,3.667,3.25,5.0,4.857,2.0,1.8,1.8,5.7,4.0,4.5,4.125
6,36,Mujer,Soltero,2,Profesional,Urbana,3.0,Público,Entre 200 y 500 empleados,No,Carrera,46,Entre 3 y 5 SMLV,Directivo,No,Entre 1 a 5,Entre 3 y 7 años,Presencial,Menos de 1 hora,26.0,,5.0,4.0,2.0,3.0,,3.0,2.0,2.0,3.0,3.0,2.0,3.0,2.0,4.0,4.0,4.0,5.0,4.0,5.0,4.0,2.0,3.0,2.0,2.0,2.0,3.0,2.0,3.0,1.0,3.0,2.0,2.0,6.0,6.0,6.0,7.0,,6.0,6.0,,6.0,2.0,1.0,2.0,,2.0,2.0,,1.0,1.0,,2.0,3.0,,3.0,1.0,1.0,2.0,2.0,2.0,1.0,1.0,1.0,1.0,2.0,1.0,1.0,6.0,6.0,5.0,6.0,5.0,6.0,7.0,6.0,7.0,6.0,,3.0,4.0,3.0,3.0,5.0,3.0,4.0,3.0,3.0,5.0,3.0,5.0,6.0,0,4.5,2.667,2.429,4.0,4.5,2.333,2.25,2.2,6.143,1.667,1.5,2.667,1.333,6.0,3.25,3.875
7,41,Hombre,Separado,Sin hijos,Posgrado,Rural,2.0,Público,Más de 500 empleados,No,Otro,49,Entre 1 y 3 SMLV,Directivo,Si,Más de 25,Entre 1 y 3 años,Presencial,Entre 2 y 3 horas,0.0,4.0,3.0,,2.0,3.0,,3.0,5.0,4.0,4.0,5.0,5.0,5.0,4.0,5.0,5.0,5.0,5.0,5.0,5.0,4.0,3.0,3.0,2.0,4.0,4.0,5.0,4.0,3.0,3.0,3.0,2.0,3.0,6.0,7.0,6.0,6.0,7.0,6.0,7.0,7.0,5.0,1.0,1.0,1.0,2.0,1.0,1.0,1.0,1.0,1.0,4.0,4.0,4.0,4.0,,1.0,2.0,1.0,1.0,1.0,1.0,1.0,1.0,2.0,1.0,1.0,1.0,5.0,6.0,5.0,5.0,5.0,6.0,5.0,4.0,5.0,6.0,3.0,4.0,2.0,2.0,3.0,1.0,1.0,2.0,1.0,1.0,2.0,1.0,2.0,7.0,0,3.5,2.667,4.571,5.0,4.75,2.667,4.25,2.8,6.333,1.25,1.0,4.0,1.167,5.2,2.8,1.375
8,44,Hombre,Casado,3,Tecnológico,Urbana,5.0,Público,Más de 500 empleados,No,Carrera,46,Entre 1 y 3 SMLV,Operativo,No,Entre 10 a 15,Entre 1 y 3 años,Presencial,Menos de 1 hora,0.0,2.0,4.0,3.0,4.0,5.0,3.0,3.0,4.0,4.0,3.0,4.0,4.0,3.0,3.0,,3.0,,5.0,4.0,4.0,4.0,3.0,3.0,3.0,4.0,3.0,5.0,,4.0,4.0,4.0,4.0,4.0,5.0,6.0,5.0,5.0,5.0,6.0,5.0,6.0,5.0,4.0,4.0,3.0,4.0,3.0,3.0,,3.0,2.0,5.0,7.0,7.0,7.0,6.0,4.0,4.0,2.0,4.0,,4.0,4.0,4.0,2.0,4.0,2.0,2.0,5.0,6.0,5.0,4.0,5.0,5.0,5.0,5.0,5.0,5.0,,4.0,3.0,4.0,3.0,6.0,5.0,6.0,4.0,6.0,,4.0,4.0,4.0,0,3.0,3.75,3.571,3.0,4.25,3.0,4.0,4.0,5.333,3.75,2.75,6.4,3.273,5.0,3.5,5.0
9,33,Mujer,Viudo,Sin hijos,Posgrado,Urbana,3.0,Público,Entre 200 y 500 empleados,Si,Libre nombramiento y remocion,40,Entre 1 y 3 SMLV,Administrativo,No,Entre 20 a 25,Entre 1 y 3 años,Presencial,Entre 1 y 2 horas,31.0,1.0,1.0,1.0,4.0,5.0,5.0,5.0,1.0,1.0,1.0,1.0,1.0,1.0,2.0,4.0,5.0,4.0,3.0,4.0,3.0,4.0,3.0,4.0,4.0,1.0,1.0,2.0,2.0,3.0,3.0,2.0,3.0,3.0,3.0,3.0,3.0,3.0,3.0,3.0,3.0,2.0,3.0,7.0,7.0,7.0,7.0,2.0,2.0,3.0,1.0,4.0,5.0,6.0,5.0,6.0,6.0,5.0,7.0,5.0,5.0,5.0,5.0,7.0,7.0,5.0,5.0,5.0,5.0,3.0,2.0,3.0,2.0,4.0,2.0,3.0,3.0,3.0,3.0,6.0,5.0,5.0,4.0,,7.0,7.0,7.0,7.0,7.0,7.0,7.0,6.0,1.0,0,1.0,4.75,1.143,4.333,3.5,3.667,1.5,2.8,2.889,7.0,2.4,5.6,5.5,2.8,5.0,6.875
10,26,Hombre,Casado,2,Posgrado,Urbana,4.0,Mixto,Entre 10 y 50 empleados,No,Carrera,43,Entre 1 y 3 SMLV,Operativo,No,Entre 20 a 25,Menos de 1 año,Híbrido,Menos de 1 hora,7.0,5.0,5.0,4.0,1.0,2.0,2.0,1.0,3.0,4.0,,3.0,4.0,3.0,3.0,,4.0,5.0,3.0,4.0,4.0,4.0,3.0,4.0,3.0,,3.0,3.0,3.0,1.0,1.0,1.0,1.0,2.0,4.0,,4.0,,5.0,6.0,4.0,5.0,4.0,1.0,2.0,3.0,3.0,2.0,1.0,2.0,2.0,2.0,5.0,6.0,4.0,4.0,4.0,5.0,2.0,4.0,4.0,2.0,4.0,4.0,2.0,,2.0,2.0,2.0,5.0,6.0,5.0,6.0,5.0,6.0,6.0,5.0,6.0,6.0,1.0,2.0,1.0,1.0,1.0,1.0,1.0,,,1.0,1.0,1.0,1.0,7.0,0,4.667,1.5,3.333,4.5,3.75,3.333,3.0,1.2,4.571,2.25,1.8,4.6,3.0,5.6,1.2,1.0
11,39,Hombre,Casado,1,Profesional,Urbana,3.0,Público,Más de 500 empleados,No,Libre nombramiento y remocion,45,Entre 3 y 5 SMLV,Administrativo,Si,Entre 1 a 5,Entre 3 y 7 años,Presencial,Entre 2 y 3 horas,39.0,3.0,3.0,,2.0,3.0,2.0,,4.0,4.0,4.0,4.0,5.0,,3.0,4.0,,4.0,4.0,4.0,4.0,4.0,2.0,2.0,1.0,4.0,4.0,3.0,4.0,2.0,2.0,3.0,2.0,,3.0,3.0,3.0,3.0,4.0,3.0,4.0,3.0,3.0,6.0,6.0,,6.0,1.0,1.0,2.0,1.0,,3.0,2.0,3.0,3.0,2.0,,,2.0,4.0,2.0,4.0,2.0,2.0,,1.0,5.0,2.0,5.0,5.0,4.0,3.0,4.0,4.0,3.0,5.0,5.0,5.0,4.0,3.0,4.0,5.0,5.0,5.0,4.0,4.0,4.0,3.0,4.0,3.0,4.0,2.0,0,3.0,2.333,4.0,4.0,4.0,1.667,3.75,2.25,3.222,6.0,1.25,2.6,2.667,4.3,4.2,3.875
12,39,Hombre,Unión libre,2,Profesional,Urbana,5.0,Mixto,Entre 50 y 200 empleados,Si,Otro,40,Entre 1 y 3 SMLV,Operativo,Si,Entre 10 a 15,Entre 1 y 3 años,Presencial,Entre 2 y 3 horas,14.0,1.0,3.0,1.0,,4.0,4.0,4.0,5.0,4.0,4.0,4.0,4.0,5.0,,5.0,5.0,5.0,5.0,4.0,5.0,5.0,3.0,4.0,4.0,3.0,3.0,4.0,3.0,4.0,3.0,2.0,3.0,3.0,5.0,5.0,5.0,4.0,4.0,4.0,4.0,5.0,6.0,3.0,3.0,4.0,4.0,3.0,3.0,3.0,3.0,3.0,6.0,6.0,5.0,5.0,6.0,2.0,4.0,2.0,4.0,4.0,2.0,2.0,2.0,4.0,2.0,5.0,2.0,5.0,6.0,6.0,6.0,6.0,6.0,6.0,6.0,5.0,5.0,3.0,3.0,3.0,3.0,3.0,,,1.0,2.0,2.0,,2.0,2.0,5.0,0,1.667,4.0,4.333,5.0,4.75,3.667,3.25,3.0,4.667,3.5,3.0,5.6,2.917,5.7,3.0,1.8
13,43,Hombre,Soltero,1,Posgrado,Urbana,2.0,Mixto,Entre 200 y 500 empleados,No,Carrera,38,Entre 1 y 3 SMLV,Operativo,No,Entre 5 a 10,Entre 3 y 7 años,Presencial,Menos de 1 hora,34.0,3.0,3.0,3.0,3.0,3.0,3.0,3.0,3.0,2.0,3.0,4.0,3.0,3.0,3.0,2.0,2.0,2.0,4.0,4.0,4.0,4.0,3.0,2.0,3.0,2.0,2.0,2.0,1.0,4.0,2.0,3.0,2.0,2.0,5.0,5.0,5.0,5.0,6.0,7.0,5.0,5.0,5.0,3.0,4.0,4.0,3.0,1.0,1.0,2.0,2.0,1.0,4.0,4.0,5.0,4.0,4.0,5.0,5.0,5.0,5.0,5.0,,5.0,4.0,5.0,5.0,5.0,5.0,5.0,5.0,5.0,5.0,6.0,5.0,5.0,6.0,6.0,6.0,4.0,3.0,4.0,4.0,,4.0,4.0,4.0,3.0,2.0,3.0,4.0,4.0,5.0,0,3.0,3.0,3.0,2.0,4.0,2.667,1.75,2.6,5.333,3.5,1.4,4.2,4.909,5.4,3.75,3.5
14,45,Mujer,Unión libre,Sin hijos,Posgrado,Urbana,3.0,Público,Entre 50 y 200 empleados,No,Provisionalidad,40,Entre 1 y 3 SMLV,Administrativo,No,Entre 15 a 20,Entre 1 y 3 años,Presencial,Entre 1 y 2 horas,10.0,3.0,4.0,3.0,3.0,4.0,3.0,3.0,3.0,3.0,3.0,3.0,3.0,,3.0,4.0,4.0,4.0,4.0,4.0,4.0,3.0,3.0,,2.0,3.0,4.0,4.0,4.0,4.0,4.0,4.0,4.0,4.0,6.0,6.0,5.0,5.0,6.0,5.0,4.0,,5.0,4.0,4.0,4.0,,4.0,4.0,4.0,4.0,,5.0,6.0,6.0,6.0,6.0,2.0,1.0,1.0,1.0,1.0,2.0,1.0,1.0,1.0,2.0,2.0,1.0,6.0,6.0,6.0,5.0,6.0,6.0,6.0,6.0,6.0,4.0,2.0,1.0,1.0,2.0,,4.0,5.0,5.0,5.0,5.0,5.0,4.0,3.0,4.0,0,3.333,3.25,3.0,4.0,3.75,2.5,3.75,4.0,5.25,4.0,4.0,5.8,1.333,5.7,1.5,4.5
15,70,Mujer,Soltero,Sin hijos,Técnico,Urbana,2.0,Público,Más de 500 empleados,No,Presentación de servicios,50,Entre 1 y 3 SMLV,Directivo,No,Entre 1 a 5,Entre 1 y 3 años,Presencial,Menos de 1 hora,17.0,4.0,4.0,3.0,1.0,1.0,3.0,2.0,4.0,5.0,,4.0,4.0,4.0,4.0,4.0,3.0,3.0,4.0,4.0,5.0,4.0,1.0,1.0,2.0,,,2.0,2.0,4.0,4.0,4.0,4.0,,3.0,4.0,6.0,4.0,3.0,5.0,5.0,5.0,4.0,4.0,5.0,4.0,4.0,1.0,1.0,2.0,1.0,1.0,1.0,1.0,1.0,2.0,2.0,2.0,1.0,2.0,2.0,1.0,1.0,1.0,2.0,2.0,1.0,2.0,2.0,7.0,7.0,6.0,,7.0,7.0,7.0,7.0,6.0,7.0,2.0,3.0,3.0,2.0,2.0,2.0,3.0,3.0,3.0,3.0,4.0,2.0,2.0,4.0,1,3.667,1.75,4.167,3.333,4.25,1.333,2.0,4.0,4.333,4.25,1.2,1.4,1.583,6.778,2.4,2.75
17,37,Mujer,Unión libre,3,Profesional,Rural,3.0,Mixto,Entre 50 y 200 empleados,No,Presentación de servicios,44,Entre 1 y 3 SMLV,Administrativo,No,Menos de 1 año,Entre 1 y 3 años,Presencial,Entre 1 y 2 horas,8.0,3.0,3.0,2.0,3.0,3.0,3.0,3.0,,3.0,2.0,3.0,2.0,2.0,3.0,3.0,3.0,3.0,5.0,5.0,5.0,5.0,3.0,3.0,2.0,3.0,,4.0,4.0,2.0,3.0,2.0,2.0,2.0,5.0,5.0,5.0,6.0,5.0,5.0,,4.0,6.0,,2.0,2.0,2.0,2.0,4.0,3.0,3.0,2.0,,4.0,3.0,,3.0,1.0,1.0,1.0,2.0,1.0,2.0,2.0,1.0,1.0,,1.0,1.0,6.0,7.0,6.0,6.0,6.0,6.0,6.0,6.0,6.0,6.0,2.0,3.0,2.0,3.0,3.0,1.0,1.0,1.0,2.0,1.0,2.0,1.0,1.0,,0,2.667,3.0,2.5,3.0,5.0,2.667,3.667,2.2,5.125,2.0,2.8,3.333,1.273,6.1,2.6,1.25
18,39,Mujer,Unión libre,4,Posgrado,Urbana,2.0,Mixto,Entre 50 y 200 empleados,Si,Término fijo,44,Entre 1 y 3 SMLV,Directivo,No,Entre 1 a 5,Entre 1 y 3 años,Presencial,Menos de 1 hora,-1.0,4.0,5.0,4.0,2.0,3.0,4.0,3.0,5.0,4.0,4.0,4.0,5.0,4.0,,4.0,3.0,4.0,5.0,4.0,4.0,5.0,2.0,2.0,3.0,4.0,,4.0,5.0,2.0,1.0,2.0,2.0,1.0,4.0,6.0,5.0,6.0,4.0,6.0,5.0,6.0,5.0,4.0,3.0,3.0,3.0,2.0,3.0,1.0,3.0,2.0,4.0,4.0,5.0,5.0,5.0,2.0,1.0,2.0,1.0,2.0,2.0,1.0,1.0,,2.0,2.0,2.0,4.0,5.0,5.0,4.0,5.0,4.0,4.0,5.0,4.0,4.0,5.0,4.0,4.0,5.0,4.0,2.0,2.0,1.0,1.0,2.0,1.0,1.0,2.0,4.0,0,4.333,3.0,4.333,3.667,4.5,2.333,4.333,1.6,5.222,3.25,2.2,4.6,1.636,4.4,4.4,1.5
19,43,Hombre,Unión libre,2,Posgrado,Urbana,4.0,Público,Entre 200 y 500 empleados,Si,Carrera,46,Entre 1 y 3 SMLV,Administrativo,No,Entre 5 a 10,Más de 10 años,Presencial,Entre 1 y 2 horas,73.0,5.0,2.0,4.0,3.0,,2.0,3.0,4.0,5.0,5.0,4.0,5.0,5.0,5.0,4.0,4.0,5.0,4.0,4.0,3.0,4.0,2.0,2.0,3.0,5.0,4.0,5.0,5.0,5.0,4.0,3.0,3.0,3.0,5.0,3.0,5.0,4.0,4.0,4.0,4.0,5.0,,4.0,3.0,4.0,4.0,1.0,2.0,2.0,1.0,1.0,3.0,2.0,2.0,2.0,2.0,1.0,1.0,1.0,2.0,1.0,1.0,2.0,1.0,1.0,1.0,1.0,1.0,6.0,7.0,5.0,6.0,6.0,6.0,6.0,6.0,6.0,7.0,4.0,4.0,4.0,2.0,4.0,4.0,3.0,4.0,4.0,5.0,4.0,3.0,5.0,4.0,0,3.667,2.667,4.714,4.333,3.75,2.333,4.75,3.6,4.25,3.75,1.4,2.2,1.167,6.1,3.6,4.0
20,55,Hombre,Soltero,2,Bachiller,Urbana,4.0,Público,Entre 10 y 50 empleados,No,Carrera,46,Entre 1 y 3 SMLV,Administrativo,No,Entre 5 a 10,Entre 3 y 7 años,Presencial,Entre 1 y 2 horas,43.0,4.0,,4.0,2.0,1.0,2.0,2.0,3.0,3.0,3.0,3.0,4.0,4.0,3.0,3.0,4.0,,4.0,5.0,4.0,5.0,1.0,3.0,3.0,,3.0,4.0,3.0,3.0,3.0,2.0,3.0,2.0,6.0,7.0,6.0,7.0,6.0,6.0,7.0,7.0,7.0,1.0,1.0,1.0,1.0,2.0,,3.0,2.0,2.0,1.0,1.0,1.0,1.0,,2.0,2.0,1.0,2.0,1.0,2.0,4.0,2.0,2.0,2.0,2.0,2.0,7.0,,6.0,7.0,6.0,7.0,6.0,6.0,7.0,7.0,2.0,1.0,2.0,1.0,1.0,3.0,3.0,5.0,3.0,2.0,2.0,4.0,4.0,7.0,0,4.0,1.75,3.286,3.5,4.5,2.333,3.333,2.6,6.556,1.0,2.25,1.0,2.0,6.556,1.4,3.25
21,29,Hombre,Soltero,1,Profesional,Urbana,4.0,Público,Entre 200 y 500 empleados,No,Otro,43,Entre 1 y 3 SMLV,Administrativo,No,Entre 15 a 20,Entre 1 y 3 años,Presencial,Entre 1 y 2 horas,10.0,5.0,4.0,5.0,3.0,3.0,3.0,4.0,4.0,,4.0,5.0,5.0,4.0,5.0,,3.0,3.0,4.0,5.0,4.0,4.0,2.0,,2.0,3.0,4.0,3.0,4.0,4.0,4.0,5.0,4.0,5.0,,4.0,4.0,4.0,3.0,4.0,4.0,5.0,3.0,5.0,5.0,,,2.0,2.0,2.0,2.0,2.0,4.0,3.0,3.0,2.0,2.0,4.0,,2.0,2.0,,4.0,2.0,2.0,2.0,4.0,2.0,4.0,6.0,7.0,7.0,7.0,6.0,7.0,6.0,6.0,7.0,6.0,1.0,1.0,2.0,1.0,2.0,3.0,3.0,3.0,3.0,2.0,3.0,2.0,2.0,3.0,0,4.667,3.25,4.5,3.0,4.25,2.0,3.5,4.4,3.875,5.0,2.0,2.8,2.8,6.5,1.4,2.625
22,40,Hombre,Casado,1,Profesional,Urbana,1.5,Público,Entre 200 y 500 empleados,No,Carrera,54,Entre 3 y 5 SMLV,Administrativo,No,Entre 10 a 15,Entre 3 y 7 años,Presencial,Entre 1 y 2 horas,12.0,4.0,5.0,4.0,,1.0,2.0,2.0,4.0,5.0,5.0,4.0,4.0,5.0,5.0,4.0,5.0,5.0,4.0,4.0,5.0,5.0,1.0,1.0,2.0,4.0,4.0,4.0,,3.0,3.0,3.0,3.0,3.0,3.0,5.0,5.0,4.0,5.0,5.0,6.0,,4.0,4.0,4.0,,4.0,1.0,1.0,2.0,2.0,1.0,3.0,,2.0,3.0,2.0,2.0,1.0,1.0,1.0,1.0,1.0,1.0,1.0,1.0,1.0,1.0,1.0,6.0,7.0,6.0,5.0,6.0,6.0,6.0,6.0,5.0,6.0,2.0,2.0,1.0,,1.0,2.0,,3.0,1.0,2.0,3.0,3.0,4.0,4.0,1,4.333,1.667,4.571,4.667,4.5,1.333,4.0,3.0,4.625,4.0,1.4,2.5,1.083,5.9,1.5,2.571
23,37,Mujer,Unión libre,1,Profesional,Urbana,3.0,Mixto,Entre 200 y 500 empleados,No,Presentación de servicios,57,Entre 1 y 3 SMLV,Administrativo,No,Más de 25,Entre 1 y 3 años,Presencial,Entre 1 y 2 horas,6.0,5.0,4.0,5.0,2.0,2.0,1.0,2.0,3.0,3.0,3.0,3.0,3.0,3.0,3.0,4.0,3.0,3.0,5.0,5.0,5.0,5.0,3.0,3.0,3.0,3.0,,,3.0,4.0,4.0,4.0,5.0,4.0,7.0,6.0,6.0,6.0,7.0,7.0,6.0,6.0,7.0,1.0,2.0,1.0,1.0,1.0,2.0,1.0,2.0,1.0,2.0,2.0,4.0,3.0,3.0,1.0,1.0,1.0,1.0,1.0,2.0,1.0,,1.0,1.0,,1.0,5.0,6.0,5.0,6.0,5.0,6.0,5.0,6.0,5.0,6.0,2.0,1.0,1.0,3.0,2.0,1.0,1.0,,1.0,1.0,,,2.0,7.0,0,4.667,1.75,3.0,3.333,5.0,3.0,3.0,4.2,6.444,1.25,1.4,2.8,1.1,5.5,1.8,1.2
24,26,Hombre,Unión libre,2,Profesional,Rural,4.0,Público,Entre 50 y 200 empleados,No,Carrera,37,Entre 1 y 3 SMLV,Administrativo,No,Entre 20 a 25,Entre 3 y 7 años,Presencial,Menos de 1 hora,5.0,,1.0,1.0,5.0,5.0,5.0,5.0,1.0,,1.0,1.0,1.0,2.0,2.0,4.0,5.0,4.0,5.0,5.0,5.0,5.0,4.0,4.0,3.0,,1.0,1.0,,3.0,3.0,2.0,2.0,2.0,4.0,4.0,4.0,4.0,,4.0,3.0,4.0,4.0,4.0,5.0,4.0,5.0,1.0,2.0,1.0,1.0,2.0,1.0,1.0,2.0,3.0,1.0,4.0,5.0,7.0,7.0,5.0,5.0,7.0,,5.0,5.0,7.0,5.0,2.0,1.0,2.0,3.0,2.0,2.0,3.0,2.0,2.0,2.0,5.0,5.0,5.0,4.0,5.0,5.0,3.0,5.0,4.0,5.0,5.0,3.0,4.0,4.0,0,1.0,5.0,1.333,4.333,5.0,3.667,1.0,2.4,3.875,4.5,1.4,1.6,5.636,2.1,4.8,4.25
25,55,Mujer,Unión libre,1,Posgrado,Urbana,4.0,Mixto,Entre 50 y 200 empleados,No,Presentación de servicios,32,Entre 3 y 5 SMLV,Administrativo,No,Entre 20 a 25,Entre 1 y 3 años,Presencial,Menos de 1 hora,21.0,2.0,,2.0,4.0,3.0,4.0,2.0,4.0,3.0,3.0,3.0,4.0,4.0,4.0,3.0,3.0,3.0,3.0,5.0,4.0,4.0,4.0,3.0,3.0,2.0,2.0,2.0,2.0,3.0,3.0,3.0,3.0,3.0,4.0,5.0,4.0,5.0,4.0,5.0,5.0,4.0,5.0,,,4.0,3.0,4.0,3.0,4.0,3.0,3.0,4.0,3.0,3.0,,3.0,2.0,1.0,2.0,2.0,2.0,2.0,,1.0,,2.0,1.0,2.0,5.0,6.0,6.0,6.0,6.0,6.0,6.0,7.0,6.0,7.0,1.0,2.0,,2.0,1.0,1.0,,1.0,1.0,2.0,1.0,2.0,2.0,,0,2.0,3.25,3.571,3.0,4.0,3.333,2.0,3.0,4.556,3.5,3.4,3.25,1.7,6.1,1.5,1.429
26,46,Hombre,Casado,2,Profesional,Urbana,1.5,Mixto,Entre 10 y 50 empleados,Si,Libre nombramiento y remocion,41,Entre 1 y 3 SMLV,Administrativo,No,Entre 1 a 5,Entre 3 y 7 años,Presencial,Menos de 1 hora,28.0,2.0,2.0,2.0,5.0,5.0,4.0,4.0,2.0,2.0,2.0,2.0,3.0,2.0,2.0,2.0,2.0,3.0,5.0,5.0,5.0,4.0,3.0,4.0,2.0,1.0,2.0,1.0,1.0,,3.0,,2.0,3.0,4.0,5.0,,4.0,4.0,3.0,5.0,4.0,,5.0,6.0,,5.0,,2.0,3.0,2.0,2.0,2.0,4.0,3.0,4.0,2.0,2.0,2.0,4.0,2.0,2.0,4.0,4.0,2.0,4.0,4.0,2.0,2.0,5.0,5.0,5.0,4.0,6.0,4.0,6.0,5.0,5.0,5.0,4.0,6.0,3.0,6.0,5.0,2.0,2.0,4.0,2.0,2.0,3.0,3.0,2.0,3.0,1,2.0,4.5,2.143,2.333,4.75,3.0,1.25,2.667,4.143,5.333,2.25,3.0,2.833,5.0,4.8,2.5
27,42,Mujer,Soltero,2,Profesional,Urbana,3.0,Mixto,Entre 10 y 50 empleados,No,Otro,52,Entre 1 y 3 SMLV,Administrativo,No,Entre 20 a 25,Entre 3 y 7 años,Presencial,Entre 1 y 2 horas,15.0,2.0,,2.0,2.0,,2.0,2.0,5.0,5.0,,4.0,5.0,5.0,4.0,,4.0,3.0,5.0,5.0,5.0,5.0,2.0,2.0,1.0,4.0,4.0,4.0,4.0,5.0,5.0,4.0,5.0,5.0,,7.0,7.0,6.0,5.0,7.0,6.0,6.0,6.0,3.0,3.0,4.0,3.0,1.0,2.0,1.0,1.0,2.0,3.0,3.0,2.0,,2.0,2.0,2.0,2.0,2.0,1.0,2.0,2.0,4.0,2.0,2.0,2.0,,7.0,6.0,7.0,7.0,6.0,7.0,7.0,7.0,7.0,7.0,3.0,4.0,3.0,3.0,4.0,2.0,1.0,1.0,3.0,2.0,1.0,2.0,2.0,5.0,0,2.0,2.0,4.667,3.5,5.0,1.667,4.0,4.8,6.25,3.25,1.4,2.5,2.091,6.8,3.4,1.75
28,29,Mujer,Soltero,Sin hijos,Profesional,Urbana,3.0,Público,Entre 200 y 500 empleados,No,Presentación de servicios,29,Entre 1 y 3 SMLV,Administrativo,No,Entre 5 a 10,Menos de 1 año,Presencial,Menos de 1 hora,45.0,4.0,4.0,4.0,3.0,3.0,2.0,3.0,4.0,3.0,4.0,,4.0,,4.0,4.0,4.0,4.0,4.0,4.0,5.0,4.0,3.0,4.0,3.0,2.0,3.0,,3.0,5.0,5.0,5.0,5.0,4.0,6.0,6.0,6.0,,6.0,7.0,6.0,,6.0,4.0,4.0,3.0,4.0,3.0,3.0,2.0,3.0,,4.0,3.0,4.0,3.0,5.0,1.0,2.0,2.0,1.0,2.0,,1.0,2.0,1.0,1.0,2.0,1.0,6.0,6.0,7.0,6.0,6.0,7.0,7.0,6.0,6.0,7.0,4.0,4.0,2.0,3.0,3.0,1.0,2.0,2.0,1.0,2.0,1.0,1.0,2.0,4.0,0,4.0,2.75,3.8,4.0,4.25,3.333,2.667,4.8,6.143,3.75,2.75,3.8,1.455,6.4,3.2,1.5
29,21,Hombre,Soltero,Sin hijos,Posgrado,Urbana,4.0,Público,Más de 500 empleados,No,Otro,56,Entre 3 y 5 SMLV,Administrativo,No,Entre 1 a 5,Entre 1 y 3 años,Presencial,Menos de 1 hora,13.0,5.0,4.0,5.0,1.0,2.0,1.0,1.0,4.0,4.0,3.0,4.0,4.0,4.0,3.0,3.0,4.0,,4.0,5.0,4.0,4.0,2.0,2.0,1.0,3.0,3.0,3.0,,3.0,4.0,4.0,,3.0,5.0,6.0,5.0,5.0,5.0,5.0,5.0,6.0,5.0,5.0,3.0,3.0,5.0,4.0,3.0,2.0,3.0,3.0,4.0,4.0,5.0,4.0,3.0,2.0,4.0,4.0,4.0,4.0,4.0,4.0,4.0,4.0,4.0,4.0,4.0,6.0,5.0,6.0,7.0,6.0,5.0,6.0,6.0,6.0,6.0,3.0,3.0,3.0,,2.0,1.0,1.0,2.0,2.0,1.0,1.0,1.0,2.0,3.0,0,4.667,1.25,3.714,3.5,4.25,1.667,3.0,3.5,5.222,4.0,3.0,4.0,3.833,5.9,2.75,1.375
30,45,Mujer,Unión libre,Sin hijos,Posgrado,Urbana,3.0,Público,Entre 50 y 200 empleados,Si,Presentación de servicios,35,Entre 1 y 3 SMLV,Administrativo,No,Menos de 1 año,Entre 1 y 3 años,Híbrido,Menos de 1 hora,18.0,1.0,2.0,1.0,5.0,5.0,5.0,5.0,,2.0,1.0,1.0,1.0,2.0,1.0,5.0,4.0,3.0,5.0,4.0,4.0,5.0,4.0,4.0,4.0,2.0,2.0,2.0,2.0,3.0,3.0,3.0,2.0,2.0,2.0,3.0,,2.0,3.0,3.0,4.0,,3.0,7.0,7.0,7.0,7.0,2.0,3.0,2.0,2.0,3.0,5.0,5.0,,5.0,5.0,5.0,5.0,5.0,5.0,5.0,4.0,5.0,4.0,4.0,4.0,5.0,5.0,5.0,5.0,5.0,5.0,5.0,5.0,5.0,5.0,6.0,6.0,4.0,4.0,4.0,,4.0,5.0,6.0,5.0,,5.0,4.0,,6.0,1.0,0,1.333,5.0,1.333,4.0,4.5,4.0,2.0,2.6,2.857,7.0,2.4,5.0,4.667,5.2,4.0,5.167
31,36,Mujer,Viudo,1,Posgrado,Urbana,3.0,Público,Entre 50 y 200 empleados,Si,Libre nombramiento y remocion,38,Entre 3 y 5 SMLV,Administrativo,Si,Entre 1 a 5,Entre 1 y 3 años,Presencial,Entre 1 y 2 horas,22.0,2.0,1.0,2.0,4.0,4.0,3.0,3.0,,3.0,2.0,3.0,2.0,3.0,3.0,4.0,4.0,4.0,4.0,5.0,4.0,4.0,3.0,2.0,3.0,3.0,,3.0,3.0,3.0,3.0,3.0,3.0,3.0,5.0,5.0,3.0,4.0,4.0,4.0,5.0,3.0,4.0,5.0,5.0,6.0,4.0,2.0,3.0,2.0,3.0,3.0,4.0,4.0,4.0,2.0,4.0,5.0,5.0,5.0,4.0,5.0,5.0,5.0,5.0,,5.0,5.0,5.0,5.0,4.0,5.0,5.0,4.0,4.0,6.0,4.0,5.0,4.0,5.0,5.0,6.0,5.0,4.0,4.0,5.0,,2.0,4.0,5.0,4.0,5.0,3.0,0,1.667,3.5,2.667,4.0,4.25,2.667,3.0,3.0,4.111,5.0,2.6,3.6,4.909,4.6,5.0,4.143
32,53,Mujer,Casado,2,Tecnológico,Urbana,2.0,Mixto,Más de 500 empleados,No,Presentación de servicios,47,Entre 1 y 3 SMLV,Operativo,No,Entre 10 a 15,Entre 1 y 3 años,Presencial,Menos de 1 hora,48.0,3.0,4.0,5.0,3.0,3.0,3.0,,3.0,2.0,4.0,4.0,3.0,3.0,3.0,5.0,5.0,5.0,5.0,5.0,,4.0,3.0,3.0,4.0,2.0,2.0,1.0,3.0,2.0,4.0,2.0,2.0,,4.0,6.0,4.0,5.0,4.0,5.0,6.0,,5.0,,5.0,5.0,4.0,2.0,1.0,2.0,2.0,2.0,3.0,2.0,2.0,3.0,2.0,2.0,2.0,4.0,2.0,2.0,4.0,2.0,1.0,4.0,2.0,2.0,2.0,6.0,7.0,7.0,7.0,6.0,6.0,5.0,6.0,7.0,7.0,3.0,3.0,2.0,3.0,3.0,1.0,1.0,2.0,1.0,2.0,3.0,,1.0,,0,4.0,3.0,3.143,5.0,4.667,3.333,2.0,2.5,4.875,4.667,1.8,2.4,2.417,6.4,2.8,1.571
33,36,Hombre,Casado,Sin hijos,Profesional,Urbana,3.0,Público,Entre 50 y 200 empleados,Si,Carrera,51,Entre 1 y 3 SMLV,Administrativo,No,Entre 5 a 10,Entre 1 y 3 años,Presencial,Menos de 1 hora,54.0,2.0,2.0,2.0,4.0,,4.0,4.0,3.0,3.0,3.0,3.0,3.0,2.0,3.0,4.0,4.0,4.0,5.0,4.0,4.0,4.0,,3.0,4.0,2.0,2.0,2.0,2.0,4.0,3.0,4.0,,4.0,4.0,4.0,3.0,4.0,3.0,3.0,4.0,4.0,5.0,5.0,7.0,6.0,6.0,,2.0,3.0,3.0,3.0,6.0,4.0,6.0,6.0,6.0,,4.0,4.0,2.0,,2.0,4.0,2.0,5.0,4.0,4.0,4.0,5.0,3.0,4.0,5.0,4.0,4.0,4.0,4.0,4.0,4.0,4.0,2.0,2.0,3.0,,3.0,4.0,4.0,4.0,3.0,4.0,4.0,3.0,3.0,0,2.0,4.0,2.857,4.0,4.25,3.5,2.0,3.75,3.778,6.0,2.75,5.6,3.5,4.1,2.75,3.625
34,36,Mujer,Soltero,1,Profesional,Urbana,3.0,Público,Entre 50 y 200 empleados,Si,Libre nombramiento y remocion,42,Entre 1 y 3 SMLV,Administrativo,Si,Menos de 1 año,Entre 3 y 7 años,Híbrido,Menos de 1 hora,7.0,2.0,3.0,2.0,4.0,3.0,3.0,4.0,3.0,3.0,2.0,3.0,3.0,3.0,3.0,4.0,3.0,5.0,3.0,3.0,2.0,2.0,4.0,3.0,4.0,,1.0,2.0,2.0,2.0,2.0,1.0,2.0,3.0,5.0,4.0,5.0,,5.0,4.0,5.0,5.0,4.0,3.0,4.0,4.0,5.0,2.0,3.0,2.0,2.0,2.0,3.0,2.0,3.0,4.0,3.0,4.0,2.0,2.0,2.0,4.0,4.0,4.0,4.0,4.0,5.0,2.0,5.0,3.0,2.0,3.0,3.0,3.0,4.0,3.0,3.0,3.0,2.0,1.0,2.0,1.0,1.0,1.0,4.0,4.0,4.0,4.0,4.0,5.0,4.0,4.0,5.0,0,2.333,3.5,2.857,4.0,2.5,3.667,1.667,2.0,4.625,4.0,2.2,3.0,3.5,2.9,1.2,4.125
35,25,Hombre,Casado,4,Técnico,Urbana,3.0,Mixto,Entre 50 y 200 empleados,No,Otro,40,Entre 1 y 3 SMLV,Administrativo,No,Entre 10 a 15,Entre 3 y 7 años,Presencial,Entre 1 y 2 horas,6.0,,1.0,1.0,4.0,,4.0,4.0,1.0,,1.0,1.0,2.0,1.0,1.0,5.0,5.0,5.0,5.0,4.0,4.0,2.0,3.0,2.0,3.0,2.0,2.0,1.0,2.0,2.0,2.0,3.0,3.0,3.0,2.0,3.0,3.0,3.0,3.0,3.0,3.0,2.0,3.0,6.0,7.0,6.0,6.0,2.0,1.0,3.0,1.0,3.0,4.0,4.0,4.0,4.0,5.0,7.0,7.0,5.0,5.0,7.0,7.0,5.0,7.0,7.0,7.0,5.0,7.0,4.0,4.0,5.0,4.0,4.0,4.0,5.0,4.0,4.0,5.0,6.0,4.0,6.0,5.0,,5.0,5.0,6.0,5.0,5.0,6.0,5.0,5.0,2.0,0,1.0,4.0,1.167,5.0,3.75,2.667,1.75,2.6,2.778,6.25,2.0,4.2,6.333,4.3,5.25,5.25
36,37,Mujer,Soltero,2,Posgrado,Urbana,2.0,Público,Más de 500 empleados,No,Presentación de servicios,37,Entre 1 y 3 SMLV,Administrativo,No,Entre 15 a 20,Entre 3 y 7 años,Presencial,Entre 1 y 2 horas,10.0,3.0,3.0,3.0,4.0,4.0,4.0,4.0,3.0,3.0,3.0,,2.0,3.0,2.0,4.0,3.0,,3.0,4.0,4.0,3.0,,2.0,3.0,3.0,3.0,2.0,2.0,3.0,3.0,4.0,2.0,,4.0,4.0,4.0,4.0,4.0,5.0,5.0,5.0,5.0,,5.0,4.0,4.0,3.0,2.0,2.0,3.0,2.0,5.0,6.0,6.0,5.0,5.0,5.0,,7.0,5.0,5.0,4.0,5.0,4.0,4.0,5.0,5.0,5.0,3.0,4.0,3.0,4.0,3.0,3.0,4.0,4.0,5.0,3.0,4.0,5.0,5.0,4.0,4.0,3.0,3.0,4.0,4.0,4.0,3.0,3.0,3.0,,0,3.0,4.0,2.667,3.5,3.5,2.5,2.5,3.0,4.444,4.333,2.4,5.4,4.909,3.6,4.4,3.375
37,33,Mujer,Soltero,2,Tecnológico,Urbana,3.0,Mixto,Entre 200 y 500 empleados,No,Carrera,43,Entre 5 y 10 SMLV,Operativo,No,Entre 1 a 5,Menos de 1 año,Presencial,Entre 1 y 2 horas,46.0,3.0,3.0,2.0,3.0,3.0,4.0,2.0,3.0,,3.0,3.0,,,4.0,4.0,4.0,4.0,5.0,4.0,4.0,5.0,2.0,2.0,2.0,4.0,3.0,3.0,3.0,3.0,,3.0,2.0,4.0,4.0,4.0,5.0,4.0,5.0,4.0,5.0,4.0,3.0,,6.0,4.0,,3.0,2.0,2.0,2.0,3.0,3.0,4.0,3.0,4.0,4.0,4.0,7.0,4.0,5.0,4.0,4.0,7.0,4.0,4.0,4.0,4.0,4.0,4.0,5.0,5.0,4.0,4.0,4.0,4.0,4.0,5.0,4.0,,2.0,1.0,2.0,,5.0,3.0,4.0,6.0,4.0,5.0,4.0,5.0,,0,2.667,3.0,3.25,4.0,4.5,2.0,3.25,3.0,4.222,5.0,2.4,3.6,4.583,4.3,1.667,4.5
38,47,Mujer,Soltero,2,Profesional,Urbana,3.0,Público,Entre 50 y 200 empleados,No,Provisionalidad,46,Entre 1 y 3 SMLV,Directivo,No,Entre 15 a 20,Entre 1 y 3 años,Presencial,Entre 2 y 3 horas,5.0,2.0,2.0,2.0,4.0,4.0,5.0,5.0,4.0,,4.0,4.0,3.0,3.0,3.0,1.0,3.0,3.0,5.0,4.0,4.0,4.0,2.0,3.0,3.0,,2.0,3.0,2.0,3.0,3.0,,,3.0,6.0,5.0,5.0,5.0,5.0,5.0,6.0,5.0,5.0,3.0,3.0,3.0,2.0,4.0,3.0,,3.0,4.0,5.0,5.0,4.0,5.0,4.0,4.0,5.0,5.0,4.0,4.0,5.0,4.0,2.0,,4.0,5.0,4.0,4.0,6.0,6.0,5.0,5.0,7.0,5.0,6.0,5.0,4.0,3.0,3.0,3.0,3.0,3.0,3.0,2.0,4.0,2.0,,4.0,4.0,3.0,5.0,0,2.0,4.5,3.5,2.333,4.25,2.667,2.333,3.0,5.222,2.75,3.5,4.6,4.182,5.3,3.0,3.143
40,52,Hombre,Soltero,Sin hijos,Posgrado,Urbana,5.0,Mixto,Entre 200 y 500 empleados,Si,Carrera,36,Entre 1 y 3 SMLV,Administrativo,No,Más de 25,Menos de 1 año,Presencial,Entre 1 y 2 horas,11.0,3.0,3.0,3.0,3.0,4.0,3.0,3.0,,,5.0,5.0,5.0,5.0,5.0,2.0,3.0,3.0,4.0,,4.0,5.0,2.0,3.0,3.0,4.0,4.0,3.0,3.0,4.0,5.0,5.0,5.0,4.0,5.0,6.0,6.0,6.0,6.0,7.0,6.0,6.0,6.0,3.0,3.0,4.0,,3.0,2.0,2.0,,4.0,2.0,1.0,1.0,1.0,1.0,2.0,4.0,2.0,4.0,2.0,2.0,2.0,4.0,4.0,2.0,2.0,2.0,6.0,6.0,7.0,7.0,7.0,7.0,6.0,7.0,6.0,7.0,1.0,2.0,2.0,3.0,2.0,2.0,4.0,4.0,4.0,4.0,5.0,5.0,3.0,5.0,0,3.0,3.25,5.0,2.667,4.333,2.667,3.5,4.6,6.0,3.333,2.75,1.2,2.667,6.6,2.0,3.875
41,23,Hombre,Soltero,1,Posgrado,Urbana,2.0,Público,Entre 50 y 200 empleados,Si,Provisionalidad,47,Entre 1 y 3 SMLV,Directivo,No,Entre 1 a 5,Entre 1 y 3 años,Presencial,Menos de 1 hora,31.0,1.0,3.0,2.0,3.0,4.0,2.0,3.0,3.0,3.0,3.0,3.0,3.0,3.0,3.0,4.0,4.0,4.0,5.0,4.0,4.0,5.0,2.0,2.0,3.0,3.0,3.0,3.0,3.0,2.0,3.0,3.0,3.0,3.0,6.0,7.0,6.0,6.0,,6.0,7.0,6.0,7.0,1.0,1.0,1.0,1.0,3.0,2.0,2.0,,2.0,3.0,4.0,4.0,3.0,4.0,2.0,1.0,1.0,2.0,2.0,1.0,2.0,2.0,1.0,1.0,1.0,,5.0,6.0,6.0,6.0,6.0,6.0,5.0,6.0,6.0,5.0,2.0,2.0,1.0,2.0,1.0,3.0,4.0,2.0,3.0,5.0,4.0,3.0,5.0,7.0,0,2.0,3.0,3.0,4.0,4.5,2.333,3.0,2.8,6.375,1.0,2.25,3.6,1.455,5.7,1.6,3.625
42,23,Hombre,Separado,2,Bachiller,Urbana,3.0,Público,Entre 10 y 50 empleados,No,Provisionalidad,45,Entre 1 y 3 SMLV,Administrativo,No,Entre 15 a 20,Entre 3 y 7 años,Presencial,Menos de 1 hora,21.0,3.0,5.0,4.0,2.0,1.0,1.0,1.0,4.0,3.0,4.0,4.0,4.0,4.0,4.0,4.0,4.0,3.0,5.0,4.0,4.0,,3.0,1.0,,3.0,3.0,4.0,4.0,3.0,3.0,,3.0,4.0,4.0,6.0,5.0,6.0,5.0,5.0,6.0,5.0,6.0,5.0,4.0,4.0,5.0,3.0,2.0,2.0,2.0,2.0,2.0,2.0,2.0,,1.0,4.0,2.0,1.0,2.0,2.0,2.0,1.0,2.0,1.0,1.0,2.0,2.0,7.0,6.0,7.0,6.0,7.0,6.0,6.0,7.0,7.0,6.0,1.0,2.0,1.0,2.0,1.0,1.0,2.0,1.0,2.0,,,1.0,1.0,3.0,0,4.0,1.25,3.857,3.667,4.333,2.0,3.5,3.25,5.333,4.5,2.2,1.75,1.833,6.5,1.4,1.333
43,55,Mujer,Separado,1,Técnico,Urbana,5.0,Público,Entre 50 y 200 empleados,Si,Carrera,46,Entre 1 y 3 SMLV,Administrativo,Si,Entre 5 a 10,Más de 10 años,Presencial,Menos de 1 hora,9.0,,4.0,3.0,1.0,1.0,2.0,2.0,5.0,5.0,5.0,5.0,5.0,5.0,5.0,5.0,5.0,4.0,5.0,5.0,5.0,5.0,,1.0,2.0,2.0,4.0,3.0,4.0,4.0,4.0,4.0,3.0,3.0,,5.0,6.0,6.0,6.0,,6.0,6.0,4.0,3.0,3.0,3.0,1.0,1.0,2.0,,1.0,2.0,2.0,1.0,2.0,3.0,2.0,2.0,2.0,,4.0,2.0,4.0,2.0,2.0,2.0,,2.0,,5.0,5.0,5.0,6.0,5.0,6.0,4.0,5.0,5.0,5.0,3.0,3.0,2.0,2.0,2.0,3.0,2.0,2.0,3.0,3.0,2.0,3.0,2.0,5.0,0,3.5,1.5,5.0,4.667,5.0,1.5,3.25,3.6,5.571,2.5,1.5,2.0,2.444,5.1,2.4,2.5
44,41,Hombre,Soltero,1,Profesional,Urbana,2.0,Público,Entre 200 y 500 empleados,No,Carrera,39,Entre 1 y 3 SMLV,Operativo,Si,Entre 5 a 10,Entre 1 y 3 años,Híbrido,Menos de 1 hora,4.0,2.0,2.0,2.0,2.0,4.0,3.0,2.0,3.0,3.0,4.0,3.0,4.0,4.0,3.0,4.0,4.0,4.0,4.0,5.0,5.0,4.0,1.0,2.0,2.0,3.0,3.0,3.0,4.0,3.0,3.0,2.0,3.0,4.0,5.0,5.0,5.0,6.0,6.0,5.0,5.0,5.0,,1.0,2.0,2.0,1.0,3.0,3.0,4.0,3.0,5.0,4.0,3.0,4.0,4.0,3.0,2.0,2.0,2.0,1.0,1.0,1.0,2.0,1.0,1.0,1.0,1.0,1.0,6.0,6.0,6.0,6.0,5.0,6.0,6.0,5.0,5.0,5.0,,4.0,3.0,3.0,3.0,2.0,2.0,1.0,1.0,2.0,1.0,,2.0,7.0,0,2.0,2.75,3.429,4.0,4.5,1.667,3.25,3.0,5.25,1.5,3.6,3.6,1.333,5.6,3.25,1.571
45,48,Mujer,Casado,Sin hijos,Posgrado,Urbana,4.0,Público,Entre 50 y 200 empleados,No,Provisionalidad,27,Entre 1 y 3 SMLV,Directivo,No,Entre 10 a 15,Menos de 1 año,Presencial,Menos de 1 hora,28.0,2.0,1.0,1.0,4.0,4.0,,4.0,2.0,2.0,3.0,2.0,2.0,2.0,,3.0,4.0,4.0,3.0,4.0,4.0,5.0,5.0,4.0,3.0,3.0,3.0,3.0,3.0,3.0,4.0,4.0,3.0,4.0,5.0,4.0,6.0,4.0,4.0,5.0,5.0,4.0,5.0,4.0,4.0,4.0,,2.0,2.0,3.0,2.0,2.0,1.0,1.0,2.0,2.0,3.0,4.0,4.0,4.0,5.0,5.0,5.0,5.0,,4.0,5.0,4.0,5.0,4.0,4.0,3.0,4.0,4.0,4.0,4.0,4.0,4.0,3.0,5.0,6.0,,6.0,4.0,6.0,6.0,,5.0,5.0,4.0,5.0,6.0,4.0,1,1.333,4.0,2.167,3.667,4.0,4.0,3.0,3.6,4.667,4.0,2.2,1.8,4.545,3.8,5.25,5.286
46,54,Mujer,Unión libre,3,Posgrado,Urbana,2.0,Público,Entre 50 y 200 empleados,Si,Carrera,36,Entre 1 y 3 SMLV,Administrativo,No,Entre 15 a 20,Entre 1 y 3 años,Presencial,Menos de 1 hora,23.0,3.0,4.0,3.0,3.0,2.0,3.0,3.0,3.0,3.0,3.0,2.0,3.0,2.0,3.0,4.0,3.0,4.0,5.0,4.0,5.0,5.0,3.0,2.0,,4.0,5.0,3.0,4.0,,1.0,1.0,1.0,1.0,2.0,,4.0,4.0,4.0,4.0,4.0,4.0,3.0,6.0,6.0,7.0,5.0,2.0,2.0,2.0,2.0,1.0,2.0,3.0,3.0,,3.0,2.0,4.0,2.0,4.0,2.0,4.0,2.0,4.0,4.0,4.0,4.0,4.0,5.0,4.0,4.0,5.0,5.0,5.0,5.0,5.0,4.0,6.0,2.0,,2.0,3.0,1.0,3.0,3.0,3.0,4.0,2.0,3.0,3.0,5.0,2.0,0,3.333,2.75,2.714,3.667,4.75,2.5,4.0,1.0,3.625,6.0,1.8,2.75,3.333,4.8,2.0,3.25
47,21,Hombre,Casado,1,Profesional,Urbana,2.0,Mixto,Entre 200 y 500 empleados,No,Carrera,36,Entre 1 y 3 SMLV,Administrativo,No,Entre 10 a 15,Entre 1 y 3 años,Presencial,Menos de 1 hora,82.625,3.0,5.0,4.0,2.0,2.0,3.0,2.0,2.0,3.0,3.0,3.0,3.0,4.0,2.0,2.0,3.0,2.0,,5.0,4.0,4.0,2.0,3.0,1.0,3.0,3.0,3.0,3.0,4.0,3.0,2.0,3.0,3.0,3.0,2.0,2.0,3.0,2.0,3.0,3.0,3.0,2.0,,7.0,6.0,6.0,5.0,,5.0,,3.0,4.0,3.0,3.0,3.0,4.0,7.0,5.0,7.0,7.0,5.0,7.0,7.0,5.0,5.0,7.0,7.0,,6.0,5.0,5.0,4.0,5.0,6.0,5.0,4.0,4.0,5.0,3.0,2.0,3.0,3.0,5.0,5.0,5.0,5.0,5.0,4.0,4.0,5.0,5.0,,1,4.0,2.25,2.857,2.333,4.333,2.0,3.0,3.0,2.556,6.333,4.333,3.4,6.273,4.9,3.2,4.75
48,46,Mujer,Casado,2,Profesional,Urbana,3.0,Público,Entre 50 y 200 empleados,No,Presentación de servicios,59,Entre 3 y 5 SMLV,Operativo,Si,Entre 5 a 10,Entre 1 y 3 años,Presencial,Menos de 1 hora,82.625,4.0,4.0,5.0,2.0,3.0,2.0,,4.0,5.0,4.0,5.0,5.0,4.0,5.0,3.0,4.0,4.0,5.0,5.0,5.0,5.0,3.0,1.0,,3.0,4.0,4.0,4.0,4.0,3.0,5.0,5.0,4.0,6.0,5.0,,5.0,5.0,5.0,5.0,5.0,5.0,2.0,3.0,,3.0,2.0,3.0,2.0,2.0,2.0,1.0,1.0,1.0,2.0,,,4.0,2.0,2.0,2.0,2.0,4.0,2.0,2.0,4.0,2.0,2.0,6.0,5.0,5.0,6.0,5.0,5.0,5.0,5.0,5.0,5.0,2.0,1.0,2.0,2.0,1.0,1.0,2.0,3.0,1.0,3.0,3.0,3.0,3.0,6.0,1,4.333,2.333,4.571,3.667,5.0,2.0,3.75,4.2,5.125,2.667,2.2,1.25,2.545,5.2,1.6,2.375
49,46,Hombre,Soltero,Sin hijos,Posgrado,Urbana,3.0,Público,Entre 50 y 200 empleados,No,Otro,45,Entre 1 y 3 SMLV,Administrativo,Si,Entre 1 a 5,Entre 3 y 7 años,Presencial,Entre 1 y 2 horas,13.0,4.0,3.0,4.0,3.0,4.0,3.0,,3.0,3.0,3.0,4.0,3.0,3.0,3.0,4.0,4.0,5.0,5.0,5.0,5.0,5.0,2.0,2.0,,4.0,4.0,3.0,3.0,4.0,4.0,4.0,5.0,4.0,5.0,4.0,5.0,6.0,5.0,6.0,5.0,6.0,5.0,,1.0,,2.0,5.0,5.0,4.0,,4.0,7.0,7.0,5.0,7.0,,2.0,4.0,4.0,2.0,4.0,2.0,2.0,4.0,4.0,1.0,4.0,2.0,6.0,7.0,7.0,6.0,,7.0,7.0,6.0,6.0,6.0,2.0,3.0,2.0,2.0,3.0,1.0,1.0,1.0,1.0,1.0,2.0,1.0,1.0,,0,3.667,3.333,3.143,4.333,5.0,2.0,3.5,4.2,5.222,1.5,4.5,6.5,2.917,6.444,2.4,1.125
50,60,Mujer,Casado,2,Profesional,Urbana,3.0,Público,Entre 10 y 50 empleados,No,Otro,35,Entre 1 y 3 SMLV,Administrativo,No,Entre 5 a 10,Entre 1 y 3 años,Presencial,Menos de 1 hora,82.625,2.0,2.0,1.0,5.0,5.0,,5.0,3.0,4.0,,3.0,4.0,4.0,3.0,,4.0,4.0,4.0,4.0,4.0,5.0,3.0,2.0,2.0,5.0,4.0,4.0,3.0,4.0,4.0,4.0,4.0,4.0,,3.0,4.0,5.0,4.0,4.0,4.0,,4.0,4.0,4.0,4.0,3.0,1.0,1.0,1.0,1.0,2.0,4.0,4.0,6.0,4.0,4.0,2.0,4.0,2.0,,4.0,4.0,4.0,4.0,4.0,2.0,,4.0,,5.0,4.0,4.0,5.0,4.0,5.0,4.0,4.0,5.0,4.0,3.0,4.0,4.0,4.0,3.0,,2.0,2.0,2.0,3.0,4.0,2.0,4.0,1,1.667,5.0,3.5,4.0,4.25,2.333,4.0,4.0,4.0,3.75,1.2,4.4,3.4,4.444,3.8,2.571
51,49,Mujer,Unión libre,Sin hijos,Posgrado,Urbana,4.0,Público,Entre 200 y 500 empleados,No,Otro,41,Entre 1 y 3 SMLV,Administrativo,No,Entre 5 a 10,Entre 3 y 7 años,Presencial,Entre 2 y 3 horas,6.0,,2.0,1.0,5.0,4.0,4.0,5.0,3.0,4.0,4.0,4.0,4.0,4.0,4.0,4.0,4.0,5.0,5.0,5.0,5.0,5.0,2.0,3.0,3.0,2.0,4.0,4.0,3.0,3.0,2.0,2.0,2.0,4.0,5.0,4.0,,5.0,5.0,3.0,3.0,5.0,3.0,5.0,4.0,4.0,5.0,3.0,3.0,3.0,4.0,2.0,5.0,5.0,5.0,4.0,6.0,4.0,2.0,4.0,5.0,4.0,4.0,5.0,4.0,5.0,5.0,4.0,4.0,4.0,3.0,4.0,4.0,4.0,3.0,4.0,4.0,4.0,4.0,3.0,4.0,2.0,3.0,2.0,3.0,3.0,2.0,3.0,3.0,4.0,3.0,3.0,3.0,0,1.5,4.5,3.857,4.333,5.0,2.667,3.25,2.6,4.125,4.5,3.0,5.0,4.167,3.8,2.8,3.0
52,38,Mujer,Soltero,2,Posgrado,Urbana,3.0,Público,Entre 50 y 200 empleados,No,Otro,41,Entre 1 y 3 SMLV,Administrativo,No,Entre 1 a 5,Menos de 1 año,Híbrido,Menos de 1 hora,68.0,5.0,4.0,5.0,1.0,2.0,1.0,1.0,4.0,4.0,4.0,5.0,4.0,5.0,4.0,3.0,3.0,4.0,4.0,5.0,5.0,5.0,2.0,1.0,1.0,2.0,2.0,1.0,1.0,3.0,3.0,2.0,2.0,3.0,6.0,5.0,5.0,6.0,6.0,7.0,6.0,5.0,6.0,,3.0,2.0,3.0,2.0,1.0,1.0,2.0,2.0,1.0,1.0,2.0,1.0,1.0,1.0,2.0,1.0,2.0,1.0,1.0,2.0,2.0,1.0,1.0,1.0,,6.0,7.0,,5.0,6.0,6.0,6.0,6.0,6.0,6.0,2.0,2.0,2.0,,2.0,3.0,3.0,4.0,,2.0,4.0,2.0,3.0,,0,4.667,1.25,4.286,3.333,4.75,1.333,1.5,2.6,5.778,2.667,1.6,1.2,1.364,6.0,2.0,3.0
53,41,Hombre,Soltero,3,Posgrado,Urbana,4.0,Público,Más de 500 empleados,No,Provisionalidad,43,Entre 1 y 3 SMLV,Directivo,No,Entre 5 a 10,Entre 3 y 7 años,Presencial,Entre 1 y 2 horas,82.625,4.0,5.0,5.0,1.0,1.0,2.0,1.0,3.0,4.0,3.0,3.0,4.0,4.0,4.0,,3.0,3.0,5.0,3.0,5.0,5.0,2.0,2.0,1.0,3.0,4.0,4.0,3.0,2.0,3.0,2.0,3.0,1.0,6.0,,5.0,6.0,6.0,6.0,6.0,5.0,,4.0,4.0,4.0,4.0,,2.0,1.0,1.0,2.0,3.0,3.0,1.0,4.0,2.0,1.0,1.0,1.0,1.0,1.0,,1.0,1.0,1.0,1.0,1.0,1.0,5.0,5.0,5.0,5.0,5.0,5.0,4.0,5.0,5.0,4.0,3.0,4.0,2.0,2.0,3.0,1.0,2.0,1.0,2.0,1.0,1.0,1.0,1.0,4.0,1,4.667,1.25,3.571,3.0,4.5,1.667,3.5,2.2,5.714,4.0,1.5,2.6,1.0,4.8,2.8,1.25
54,43,Mujer,Soltero,3,Posgrado,Urbana,4.0,Público,Entre 200 y 500 empleados,No,Carrera,27,Entre 1 y 3 SMLV,Administrativo,No,Más de 25,Entre 1 y 3 años,Híbrido,Más de 3 horas,9.0,3.0,2.0,3.0,2.0,2.0,2.0,2.0,4.0,3.0,4.0,4.0,3.0,3.0,4.0,4.0,3.0,3.0,4.0,3.0,4.0,4.0,3.0,2.0,3.0,4.0,4.0,4.0,3.0,3.0,4.0,3.0,4.0,4.0,7.0,7.0,7.0,6.0,7.0,7.0,,7.0,6.0,1.0,2.0,1.0,,1.0,2.0,2.0,2.0,2.0,4.0,1.0,1.0,2.0,1.0,1.0,1.0,1.0,1.0,2.0,1.0,1.0,2.0,1.0,1.0,2.0,1.0,6.0,7.0,7.0,7.0,7.0,7.0,7.0,7.0,7.0,6.0,2.0,3.0,2.0,3.0,1.0,,3.0,1.0,2.0,2.0,3.0,3.0,3.0,7.0,1,2.667,2.0,3.571,3.333,3.75,2.667,3.75,3.6,6.75,1.333,1.8,1.8,1.25,6.8,2.2,2.429
55,45,Mujer,Soltero,Sin hijos,Profesional,Urbana,3.0,Público,Entre 200 y 500 empleados,No,Carrera,59,Entre 1 y 3 SMLV,Administrativo,No,Entre 5 a 10,Entre 1 y 3 años,Presencial,Menos de 1 hora,0.0,4.0,5.0,5.0,2.0,2.0,1.0,1.0,3.0,3.0,3.0,,3.0,4.0,3.0,4.0,3.0,5.0,3.0,4.0,4.0,4.0,1.0,1.0,1.0,4.0,3.0,3.0,4.0,5.0,4.0,5.0,5.0,5.0,,6.0,,5.0,6.0,,5.0,5.0,6.0,3.0,,3.0,4.0,2.0,2.0,3.0,3.0,2.0,1.0,1.0,1.0,2.0,2.0,,1.0,4.0,2.0,1.0,1.0,2.0,1.0,2.0,1.0,1.0,2.0,6.0,6.0,6.0,5.0,5.0,6.0,5.0,5.0,6.0,6.0,3.0,3.0,3.0,3.0,4.0,1.0,1.0,1.0,1.0,,,1.0,1.0,5.0,1,4.667,1.5,3.167,4.0,3.75,1.0,3.5,4.8,5.5,3.333,2.4,1.4,1.636,5.6,3.2,1.0
56,35,Mujer,Casado,Sin hijos,Profesional,Urbana,3.0,Público,Entre 50 y 200 empleados,No,Libre nombramiento y remocion,50,Entre 1 y 3 SMLV,Operativo,No,Entre 15 a 20,Menos de 1 año,Presencial,Menos de 1 hora,10.0,4.0,5.0,5.0,,2.0,1.0,2.0,3.0,4.0,3.0,4.0,3.0,3.0,3.0,4.0,5.0,5.0,,4.0,5.0,4.0,3.0,3.0,3.0,3.0,3.0,3.0,3.0,4.0,3.0,,4.0,4.0,7.0,6.0,6.0,6.0,,5.0,5.0,6.0,6.0,4.0,2.0,3.0,2.0,3.0,2.0,2.0,2.0,2.0,2.0,2.0,1.0,1.0,2.0,1.0,1.0,1.0,1.0,1.0,1.0,1.0,1.0,1.0,2.0,2.0,2.0,7.0,6.0,6.0,6.0,6.0,6.0,6.0,6.0,5.0,6.0,3.0,5.0,2.0,3.0,3.0,2.0,1.0,1.0,1.0,1.0,1.0,1.0,1.0,4.0,0,4.667,1.667,3.286,4.667,4.333,3.0,3.0,3.75,5.875,2.75,2.2,1.6,1.25,6.0,3.2,1.125
57,49,Mujer,Casado,2,Profesional,Urbana,3.0,Público,Entre 200 y 500 empleados,No,Otro,41,Entre 1 y 3 SMLV,Administrativo,No,Entre 10 a 15,Menos de 1 año,Presencial,Entre 1 y 2 horas,14.0,4.0,3.0,,3.0,3.0,3.0,2.0,5.0,5.0,5.0,5.0,4.0,5.0,4.0,4.0,4.0,3.0,3.0,4.0,4.0,4.0,3.0,2.0,3.0,4.0,4.0,4.0,4.0,4.0,2.0,3.0,,3.0,6.0,7.0,,7.0,7.0,6.0,7.0,6.0,6.0,2.0,1.0,2.0,1.0,2.0,1.0,1.0,1.0,1.0,3.0,3.0,3.0,2.0,3.0,1.0,,1.0,2.0,1.0,1.0,1.0,1.0,1.0,1.0,1.0,1.0,6.0,6.0,5.0,5.0,6.0,6.0,6.0,6.0,7.0,5.0,3.0,3.0,,3.0,4.0,1.0,1.0,1.0,1.0,1.0,2.0,1.0,1.0,6.0,0,3.5,2.75,4.714,3.667,3.75,2.667,4.0,3.0,6.5,1.5,1.2,2.8,1.091,5.8,3.25,1.125
58,35,Mujer,Unión libre,Sin hijos,Posgrado,Rural,3.0,Público,Entre 200 y 500 empleados,No,Presentación de servicios,42,Entre 1 y 3 SMLV,Directivo,Si,Entre 20 a 25,Entre 3 y 7 años,Presencial,Entre 1 y 2 horas,81.0,,2.0,1.0,4.0,4.0,5.0,4.0,2.0,2.0,3.0,3.0,,3.0,4.0,5.0,4.0,,4.0,5.0,4.0,5.0,3.0,2.0,4.0,2.0,3.0,4.0,3.0,3.0,3.0,3.0,3.0,4.0,2.0,3.0,3.0,3.0,2.0,3.0,2.0,3.0,2.0,7.0,7.0,7.0,6.0,1.0,2.0,1.0,2.0,2.0,,2.0,4.0,3.0,4.0,5.0,5.0,5.0,4.0,5.0,4.0,7.0,5.0,,5.0,5.0,4.0,4.0,5.0,4.0,4.0,4.0,3.0,4.0,5.0,4.0,4.0,4.0,4.0,5.0,5.0,5.0,6.0,7.0,7.0,7.0,7.0,6.0,7.0,7.0,1.0,0,1.5,4.25,2.833,4.5,4.5,3.0,3.0,3.2,2.556,6.75,1.6,3.25,4.909,4.1,4.6,6.75
60,37,Mujer,Unión libre,2,Técnico,Urbana,3.0,Público,Entre 50 y 200 empleados,No,Carrera,38,Menos de 1 SMLV,Operativo,No,Entre 1 a 5,Entre 1 y 3 años,Presencial,Menos de 1 hora,9.0,4.0,5.0,3.0,2.0,2.0,2.0,2.0,4.0,3.0,2.0,4.0,3.0,4.0,2.0,4.0,5.0,4.0,5.0,5.0,5.0,5.0,3.0,,4.0,4.0,4.0,4.0,4.0,1.0,1.0,2.0,1.0,1.0,4.0,,3.0,4.0,5.0,4.0,5.0,4.0,4.0,5.0,4.0,4.0,4.0,3.0,4.0,5.0,3.0,3.0,3.0,4.0,5.0,4.0,3.0,2.0,4.0,1.0,2.0,2.0,2.0,,4.0,2.0,1.0,,4.0,6.0,5.0,5.0,5.0,5.0,5.0,4.0,5.0,5.0,6.0,3.0,3.0,4.0,4.0,3.0,2.0,1.0,2.0,3.0,2.0,3.0,1.0,1.0,3.0,0,4.0,2.0,3.143,4.333,5.0,3.5,4.0,1.2,4.125,4.25,3.6,3.8,2.4,5.1,3.4,1.875
61,55,Mujer,Unión libre,1,Técnico,Urbana,3.0,Público,Entre 50 y 200 empleados,No,Carrera,47,Entre 1 y 3 SMLV,Administrativo,No,Entre 10 a 15,Entre 3 y 7 años,Presencial,Menos de 1 hora,30.0,1.0,1.0,1.0,5.0,5.0,5.0,5.0,3.0,2.0,3.0,2.0,2.0,4.0,3.0,,,3.0,4.0,,3.0,4.0,3.0,3.0,3.0,3.0,2.0,3.0,3.0,1.0,2.0,2.0,,2.0,5.0,5.0,5.0,5.0,5.0,4.0,6.0,5.0,6.0,3.0,3.0,4.0,2.0,,3.0,2.0,2.0,3.0,3.0,5.0,,3.0,4.0,4.0,,2.0,4.0,2.0,4.0,4.0,2.0,2.0,,2.0,2.0,5.0,5.0,6.0,5.0,,5.0,6.0,6.0,6.0,6.0,3.0,3.0,4.0,2.0,3.0,2.0,4.0,3.0,4.0,3.0,,2.0,3.0,5.0,0,1.0,5.0,2.714,3.0,3.667,3.0,2.75,1.75,5.111,3.0,2.5,3.75,2.8,5.556,3.0,3.0
62,28,Mujer,Soltero,2,Posgrado,Urbana,4.0,Mixto,Entre 50 y 200 empleados,No,Libre nombramiento y remocion,48,Entre 1 y 3 SMLV,Administrativo,No,Entre 15 a 20,Entre 1 y 3 años,Presencial,Menos de 1 hora,3.0,3.0,3.0,3.0,4.0,3.0,3.0,4.0,4.0,4.0,4.0,5.0,5.0,,5.0,4.0,4.0,4.0,5.0,5.0,5.0,,2.0,2.0,,3.0,5.0,4.0,4.0,5.0,5.0,4.0,4.0,5.0,6.0,5.0,6.0,6.0,6.0,6.0,5.0,6.0,6.0,4.0,3.0,3.0,3.0,5.0,3.0,3.0,5.0,4.0,4.0,5.0,6.0,5.0,6.0,1.0,2.0,,2.0,1.0,1.0,1.0,2.0,2.0,2.0,1.0,,5.0,6.0,6.0,6.0,7.0,6.0,6.0,6.0,6.0,6.0,4.0,3.0,2.0,2.0,3.0,3.0,4.0,2.0,2.0,3.0,1.0,2.0,2.0,4.0,0,3.0,3.5,4.5,4.0,5.0,2.0,4.0,4.6,5.778,3.25,4.0,5.2,1.5,6.0,2.8,2.375
63,46,Mujer,Soltero,1,Técnico,Urbana,4.0,Público,Más de 500 empleados,No,Carrera,42,Entre 1 y 3 SMLV,Administrativo,Si,Entre 1 a 5,Entre 1 y 3 años,Presencial,Entre 2 y 3 horas,0.0,1.0,1.0,,5.0,5.0,5.0,5.0,4.0,3.0,4.0,4.0,4.0,3.0,4.0,5.0,4.0,5.0,5.0,4.0,5.0,4.0,3.0,2.0,2.0,5.0,,4.0,5.0,3.0,4.0,4.0,4.0,,3.0,,4.0,6.0,5.0,4.0,4.0,4.0,4.0,5.0,5.0,4.0,4.0,4.0,2.0,4.0,2.0,4.0,,5.0,4.0,3.0,4.0,2.0,1.0,2.0,1.0,1.0,1.0,1.0,1.0,4.0,2.0,2.0,2.0,5.0,5.0,5.0,5.0,4.0,5.0,5.0,5.0,5.0,5.0,5.0,5.0,5.0,5.0,5.0,,1.0,1.0,1.0,3.0,2.0,1.0,2.0,3.0,0,1.0,5.0,3.714,4.667,4.5,2.333,4.667,3.75,4.25,4.5,3.2,4.0,1.667,4.9,5.0,1.571
64,42,Hombre,Unión libre,2,Tecnológico,Rural,3.0,Público,Entre 200 y 500 empleados,No,Libre nombramiento y remocion,52,Entre 1 y 3 SMLV,Administrativo,No,Entre 10 a 15,Menos de 1 año,Presencial,Entre 1 y 2 horas,6.0,2.0,2.0,2.0,3.0,,2.0,3.0,5.0,4.0,,4.0,,,4.0,4.0,4.0,3.0,3.0,4.0,4.0,5.0,3.0,2.0,3.0,3.0,3.0,3.0,4.0,4.0,5.0,5.0,4.0,5.0,7.0,6.0,,7.0,7.0,7.0,,7.0,7.0,1.0,1.0,2.0,1.0,4.0,3.0,,3.0,3.0,4.0,5.0,3.0,3.0,5.0,2.0,1.0,1.0,1.0,1.0,1.0,1.0,,1.0,1.0,1.0,1.0,,7.0,7.0,7.0,7.0,6.0,6.0,7.0,7.0,7.0,4.0,3.0,5.0,5.0,5.0,1.0,1.0,1.0,1.0,1.0,1.0,1.0,1.0,7.0,0,2.0,2.667,4.25,3.667,4.0,2.667,3.25,4.6,6.857,1.25,3.25,4.0,1.091,6.778,4.4,1.0
65,25,Mujer,Unión libre,1,Posgrado,Urbana,4.0,Público,Más de 500 empleados,No,Presentación de servicios,37,Entre 1 y 3 SMLV,Administrativo,No,Entre 1 a 5,Más de 10 años,Presencial,Entre 1 y 2 horas,1.0,2.0,2.0,2.0,4.0,3.0,4.0,4.0,3.0,3.0,4.0,,3.0,3.0,2.0,5.0,,5.0,5.0,5.0,5.0,4.0,2.0,,2.0,2.0,3.0,3.0,3.0,2.0,2.0,2.0,,,4.0,6.0,4.0,4.0,4.0,5.0,5.0,5.0,5.0,5.0,5.0,5.0,4.0,4.0,3.0,2.0,3.0,2.0,4.0,4.0,4.0,3.0,5.0,4.0,2.0,2.0,2.0,,2.0,4.0,1.0,2.0,2.0,2.0,4.0,5.0,5.0,,5.0,5.0,6.0,5.0,5.0,5.0,5.0,5.0,3.0,4.0,,4.0,5.0,4.0,5.0,3.0,3.0,5.0,4.0,5.0,3.0,0,2.0,3.75,3.0,5.0,4.75,2.0,2.75,2.0,4.667,4.75,2.8,4.0,2.455,5.111,4.0,4.25
66,42,Mujer,Casado,Sin hijos,Técnico,Urbana,2.0,Mixto,Entre 50 y 200 empleados,No,Otro,47,Entre 1 y 3 SMLV,Administrativo,Si,Entre 15 a 20,Entre 1 y 3 años,Presencial,Entre 2 y 3 horas,2.0,5.0,5.0,4.0,1.0,1.0,1.0,2.0,4.0,4.0,4.0,3.0,3.0,5.0,3.0,4.0,4.0,,3.0,4.0,5.0,5.0,2.0,1.0,3.0,3.0,,4.0,4.0,4.0,3.0,3.0,4.0,,,6.0,5.0,5.0,,5.0,6.0,,6.0,3.0,3.0,4.0,3.0,5.0,4.0,4.0,3.0,4.0,5.0,4.0,4.0,5.0,,2.0,2.0,2.0,1.0,2.0,4.0,2.0,1.0,2.0,2.0,4.0,2.0,5.0,6.0,,6.0,6.0,6.0,5.0,6.0,7.0,7.0,5.0,4.0,4.0,5.0,3.0,3.0,3.0,4.0,2.0,2.0,3.0,3.0,3.0,5.0,0,4.667,1.25,3.714,4.0,4.25,2.0,3.667,3.5,5.5,3.25,4.0,4.5,2.167,6.0,4.2,2.875
67,30,Mujer,Casado,2,Posgrado,Urbana,2.0,Mixto,Entre 50 y 200 empleados,Si,Carrera,44,Entre 3 y 5 SMLV,Administrativo,No,Entre 1 a 5,Entre 3 y 7 años,Presencial,Menos de 1 hora,82.625,4.0,3.0,4.0,4.0,4.0,3.0,4.0,2.0,2.0,3.0,3.0,2.0,2.0,2.0,4.0,4.0,4.0,,5.0,5.0,4.0,3.0,4.0,3.0,2.0,2.0,2.0,3.0,1.0,2.0,2.0,2.0,1.0,3.0,3.0,3.0,4.0,3.0,3.0,2.0,2.0,3.0,6.0,6.0,5.0,6.0,2.0,3.0,3.0,2.0,3.0,6.0,5.0,4.0,5.0,4.0,2.0,4.0,4.0,4.0,4.0,4.0,2.0,4.0,4.0,4.0,4.0,4.0,3.0,2.0,3.0,3.0,3.0,2.0,3.0,2.0,4.0,4.0,3.0,5.0,3.0,4.0,,5.0,5.0,4.0,5.0,5.0,4.0,5.0,6.0,2.0,1,3.667,3.75,2.286,4.0,4.667,3.333,2.25,1.6,2.889,5.75,2.6,4.8,3.667,2.9,3.75,4.875
68,62,Hombre,Soltero,1,Tecnológico,Rural,4.0,Mixto,Entre 10 y 50 empleados,No,Carrera,34,Menos de 1 SMLV,Administrativo,No,Entre 1 a 5,Entre 1 y 3 años,Presencial,Entre 1 y 2 horas,15.0,3.0,,3.0,4.0,3.0,3.0,4.0,2.0,3.0,,4.0,3.0,3.0,3.0,3.0,4.0,3.0,5.0,3.0,4.0,4.0,4.0,3.0,,,2.0,2.0,2.0,3.0,4.0,2.0,3.0,3.0,5.0,6.0,6.0,6.0,4.0,6.0,7.0,5.0,7.0,3.0,2.0,3.0,4.0,2.0,2.0,3.0,2.0,3.0,3.0,3.0,2.0,3.0,2.0,2.0,1.0,2.0,1.0,2.0,1.0,,1.0,1.0,1.0,2.0,2.0,6.0,5.0,,6.0,7.0,7.0,6.0,6.0,6.0,6.0,3.0,2.0,2.0,2.0,3.0,2.0,3.0,2.0,3.0,2.0,2.0,,1.0,5.0,0,3.0,3.5,3.0,3.333,4.0,3.5,2.0,3.0,5.778,3.0,2.4,2.6,1.455,6.111,2.4,2.143
69,50,Mujer,Unión libre,Sin hijos,Posgrado,Urbana,5.0,Público,Entre 50 y 200 empleados,No,Carrera,34,Entre 5 y 10 SMLV,Administrativo,No,Entre 10 a 15,Entre 1 y 3 años,Presencial,Entre 1 y 2 horas,60.0,,2.0,1.0,3.0,3.0,3.0,3.0,3.0,,4.0,5.0,3.0,4.0,4.0,4.0,4.0,3.0,4.0,4.0,5.0,4.0,4.0,3.0,4.0,4.0,3.0,,3.0,,4.0,5.0,5.0,4.0,6.0,5.0,5.0,6.0,6.0,6.0,7.0,5.0,5.0,3.0,2.0,3.0,3.0,1.0,1.0,2.0,1.0,1.0,2.0,2.0,2.0,2.0,2.0,4.0,2.0,4.0,2.0,,1.0,4.0,2.0,2.0,2.0,2.0,4.0,7.0,6.0,6.0,7.0,7.0,7.0,7.0,6.0,7.0,7.0,3.0,3.0,3.0,1.0,2.0,4.0,4.0,4.0,3.0,4.0,3.0,4.0,3.0,5.0,0,1.5,3.0,3.833,3.667,4.25,3.667,3.333,4.5,5.667,2.75,1.2,2.0,2.636,6.7,2.4,3.625
70,50,Mujer,Casado,Sin hijos,Profesional,Urbana,1.5,Público,Menos de 10 empleados,No,Otro,46,Entre 1 y 3 SMLV,Directivo,No,Entre 1 a 5,Entre 7 y 10 años,Presencial,Entre 1 y 2 horas,31.0,2.0,,2.0,4.0,4.0,3.0,4.0,4.0,,3.0,3.0,3.0,3.0,3.0,4.0,4.0,4.0,5.0,5.0,5.0,5.0,3.0,3.0,3.0,3.0,,2.0,2.0,3.0,3.0,3.0,4.0,,3.0,4.0,3.0,4.0,4.0,3.0,3.0,,2.0,6.0,6.0,6.0,6.0,2.0,2.0,3.0,2.0,3.0,4.0,5.0,5.0,3.0,3.0,2.0,2.0,,4.0,2.0,,4.0,2.0,4.0,2.0,,,4.0,5.0,6.0,6.0,5.0,5.0,6.0,6.0,5.0,5.0,5.0,5.0,4.0,5.0,4.0,1.0,2.0,2.0,2.0,1.0,,2.0,3.0,2.0,1,2.0,3.75,3.167,4.0,5.0,3.0,2.333,3.25,3.25,6.0,2.4,4.0,2.75,5.3,4.6,1.857
71,53,Hombre,Casado,Sin hijos,Posgrado,Rural,4.0,Público,Entre 200 y 500 empleados,Si,Carrera,41,Entre 1 y 3 SMLV,Administrativo,No,Entre 10 a 15,Entre 1 y 3 años,Presencial,Entre 1 y 2 horas,45.0,1.0,1.0,1.0,5.0,4.0,5.0,5.0,2.0,2.0,2.0,2.0,3.0,3.0,2.0,3.0,4.0,5.0,4.0,4.0,,4.0,3.0,3.0,4.0,,3.0,2.0,2.0,3.0,2.0,3.0,,3.0,3.0,3.0,2.0,,3.0,3.0,2.0,2.0,3.0,6.0,6.0,6.0,7.0,5.0,5.0,5.0,5.0,5.0,5.0,5.0,4.0,4.0,5.0,2.0,5.0,4.0,4.0,4.0,4.0,4.0,4.0,4.0,4.0,4.0,5.0,3.0,3.0,3.0,3.0,2.0,3.0,4.0,3.0,2.0,3.0,4.0,5.0,4.0,4.0,4.0,6.0,,6.0,5.0,4.0,6.0,6.0,7.0,2.0,0,1.0,4.75,2.286,4.0,4.0,3.333,2.333,2.75,2.625,6.25,5.0,4.6,4.0,2.9,4.2,5.714
72,51,Mujer,Soltero,1,Posgrado,Urbana,5.0,Mixto,Entre 50 y 200 empleados,No,Provisionalidad,44,Entre 1 y 3 SMLV,Administrativo,No,Entre 10 a 15,Entre 3 y 7 años,Presencial,Menos de 1 hora,22.0,2.0,2.0,3.0,3.0,4.0,4.0,3.0,4.0,4.0,4.0,4.0,4.0,5.0,4.0,4.0,4.0,5.0,4.0,4.0,5.0,4.0,4.0,4.0,,2.0,3.0,,3.0,3.0,2.0,2.0,3.0,3.0,6.0,4.0,5.0,5.0,5.0,6.0,6.0,6.0,6.0,4.0,2.0,3.0,3.0,1.0,1.0,2.0,2.0,2.0,4.0,4.0,3.0,4.0,4.0,4.0,2.0,4.0,4.0,2.0,4.0,4.0,4.0,2.0,4.0,4.0,4.0,6.0,5.0,5.0,5.0,5.0,5.0,4.0,5.0,4.0,6.0,3.0,3.0,3.0,3.0,2.0,2.0,2.0,1.0,2.0,2.0,2.0,1.0,3.0,4.0,0,2.333,3.5,4.143,4.333,4.25,4.0,2.667,2.6,5.444,3.0,1.6,3.8,3.5,5.0,2.8,1.875
73,36,Mujer,Separado,1,Profesional,Urbana,3.0,Público,Entre 10 y 50 empleados,No,Carrera,36,Entre 5 y 10 SMLV,Administrativo,Si,Entre 10 a 15,Entre 1 y 3 años,Presencial,Entre 2 y 3 horas,1.0,3.0,4.0,4.0,4.0,3.0,3.0,4.0,2.0,2.0,2.0,2.0,2.0,2.0,2.0,,3.0,4.0,,5.0,5.0,,2.0,,2.0,2.0,1.0,2.0,3.0,1.0,1.0,1.0,,1.0,6.0,6.0,6.0,5.0,5.0,5.0,,6.0,5.0,6.0,6.0,5.0,5.0,3.0,2.0,4.0,2.0,3.0,3.0,,3.0,2.0,3.0,5.0,5.0,5.0,5.0,5.0,5.0,7.0,4.0,7.0,5.0,7.0,5.0,4.0,4.0,4.0,4.0,5.0,4.0,4.0,3.0,5.0,4.0,3.0,2.0,3.0,3.0,2.0,3.0,3.0,3.0,5.0,,3.0,,4.0,2.0,0,3.667,3.5,2.0,3.5,5.0,2.0,2.0,1.0,5.5,5.5,2.8,2.75,5.417,4.1,2.6,3.5
74,25,Mujer,Unión libre,1,Profesional,Urbana,2.0,Mixto,Entre 200 y 500 empleados,Si,Supernumerario,49,Entre 1 y 3 SMLV,Administrativo,Si,Más de 25,Entre 3 y 7 años,Presencial,Entre 1 y 2 horas,-1.0,4.0,5.0,,1.0,1.0,1.0,1.0,3.0,4.0,4.0,4.0,3.0,4.0,4.0,,5.0,5.0,4.0,3.0,4.0,2.0,1.0,1.0,2.0,3.0,3.0,3.0,3.0,3.0,3.0,3.0,4.0,2.0,7.0,7.0,7.0,6.0,7.0,7.0,,6.0,7.0,1.0,1.0,2.0,1.0,1.0,1.0,1.0,1.0,1.0,3.0,1.0,2.0,2.0,1.0,2.0,1.0,1.0,1.0,1.0,1.0,1.0,2.0,1.0,1.0,1.0,1.0,4.0,6.0,6.0,6.0,6.0,5.0,6.0,5.0,6.0,7.0,2.0,2.0,2.0,2.0,2.0,3.0,3.0,3.0,1.0,3.0,3.0,3.0,3.0,7.0,0,4.5,1.0,3.714,5.0,3.25,1.333,3.0,3.0,6.75,1.25,1.0,1.8,1.167,5.7,2.0,2.75
76,44,Mujer,Unión libre,1,Posgrado,Urbana,4.0,Público,Más de 500 empleados,Si,Presentación de servicios,43,Entre 3 y 5 SMLV,Operativo,No,Entre 10 a 15,Menos de 1 año,Presencial,Menos de 1 hora,21.0,2.0,2.0,2.0,4.0,5.0,3.0,3.0,,3.0,3.0,,3.0,3.0,3.0,3.0,3.0,4.0,3.0,5.0,4.0,5.0,2.0,3.0,3.0,3.0,3.0,3.0,3.0,2.0,3.0,3.0,3.0,3.0,4.0,5.0,5.0,4.0,6.0,5.0,4.0,5.0,4.0,4.0,3.0,4.0,5.0,2.0,2.0,1.0,3.0,3.0,4.0,4.0,5.0,6.0,5.0,5.0,4.0,4.0,4.0,5.0,4.0,4.0,,5.0,4.0,4.0,5.0,4.0,3.0,4.0,3.0,4.0,4.0,4.0,4.0,4.0,5.0,3.0,4.0,4.0,3.0,2.0,2.0,2.0,2.0,2.0,2.0,3.0,1.0,2.0,4.0,0,2.0,3.75,3.0,3.333,4.25,2.667,3.0,2.8,4.667,4.0,2.2,4.8,4.364,3.9,3.2,2.0
77,57,Mujer,Soltero,Sin hijos,Profesional,Urbana,3.0,Público,Entre 200 y 500 empleados,No,Presentación de servicios,51,Entre 1 y 3 SMLV,Operativo,No,Entre 10 a 15,Entre 1 y 3 años,Presencial,Entre 2 y 3 horas,82.625,,3.0,4.0,2.0,,2.0,3.0,5.0,5.0,5.0,5.0,5.0,5.0,5.0,3.0,3.0,4.0,5.0,4.0,4.0,4.0,2.0,3.0,2.0,4.0,2.0,,4.0,2.0,3.0,,3.0,2.0,5.0,6.0,5.0,5.0,,5.0,4.0,5.0,5.0,3.0,3.0,2.0,3.0,2.0,2.0,3.0,2.0,2.0,3.0,3.0,3.0,3.0,4.0,1.0,,,2.0,2.0,2.0,1.0,1.0,1.0,,1.0,2.0,6.0,6.0,7.0,7.0,6.0,7.0,7.0,6.0,5.0,6.0,3.0,4.0,,3.0,3.0,2.0,2.0,,2.0,1.0,,2.0,3.0,5.0,1,3.5,2.333,5.0,3.333,4.25,2.333,3.333,2.5,5.0,2.75,2.2,3.2,1.444,6.3,3.25,2.0
78,48,Mujer,Soltero,Sin hijos,Posgrado,Urbana,5.0,Público,Entre 200 y 500 empleados,No,Provisionalidad,43,Entre 1 y 3 SMLV,Administrativo,Si,Entre 1 a 5,Entre 1 y 3 años,Híbrido,Entre 2 y 3 horas,2.0,2.0,2.0,1.0,4.0,4.0,4.0,5.0,3.0,2.0,3.0,3.0,3.0,2.0,3.0,5.0,,4.0,,5.0,5.0,5.0,3.0,2.0,2.0,4.0,3.0,3.0,3.0,2.0,1.0,2.0,2.0,1.0,4.0,4.0,3.0,3.0,4.0,4.0,4.0,4.0,4.0,5.0,6.0,4.0,3.0,1.0,1.0,1.0,1.0,2.0,4.0,3.0,4.0,4.0,3.0,4.0,2.0,4.0,,4.0,4.0,5.0,2.0,4.0,4.0,4.0,4.0,,4.0,5.0,4.0,5.0,4.0,4.0,5.0,5.0,5.0,2.0,3.0,1.0,2.0,,3.0,4.0,4.0,4.0,5.0,5.0,4.0,5.0,3.0,0,1.667,4.25,2.714,4.5,5.0,2.333,3.25,1.6,3.778,4.5,1.2,3.6,3.727,4.556,2.0,4.25
79,31,Hombre,Unión libre,2,Tecnológico,Urbana,4.0,Público,Entre 50 y 200 empleados,No,Carrera,40,Entre 1 y 3 SMLV,Operativo,Si,Entre 1 a 5,Menos de 1 año,Presencial,Menos de 1 hora,6.0,2.0,3.0,3.0,1.0,1.0,3.0,2.0,4.0,4.0,4.0,5.0,4.0,5.0,5.0,3.0,3.0,2.0,4.0,4.0,4.0,4.0,2.0,2.0,1.0,4.0,4.0,4.0,,3.0,3.0,3.0,2.0,3.0,7.0,6.0,5.0,6.0,6.0,6.0,5.0,5.0,6.0,3.0,3.0,3.0,2.0,2.0,,1.0,2.0,2.0,3.0,2.0,2.0,2.0,3.0,2.0,2.0,1.0,,2.0,2.0,2.0,2.0,2.0,2.0,,2.0,6.0,,6.0,5.0,6.0,6.0,6.0,6.0,6.0,6.0,2.0,3.0,3.0,2.0,4.0,1.0,1.0,3.0,1.0,1.0,2.0,1.0,1.0,5.0,0,2.667,1.75,4.429,2.667,4.0,1.667,4.0,2.8,5.778,2.75,1.75,2.4,1.9,5.889,2.8,1.375
80,46,Mujer,Soltero,Sin hijos,Profesional,Urbana,2.0,Público,Más de 500 empleados,No,Otro,47,Entre 1 y 3 SMLV,Operativo,No,Más de 25,Entre 1 y 3 años,Presencial,Menos de 1 hora,62.0,3.0,2.0,3.0,,2.0,2.0,2.0,4.0,3.0,4.0,3.0,4.0,4.0,2.0,3.0,3.0,3.0,,5.0,5.0,5.0,3.0,2.0,3.0,2.0,2.0,3.0,3.0,4.0,3.0,3.0,4.0,4.0,6.0,7.0,6.0,7.0,7.0,7.0,7.0,7.0,7.0,2.0,3.0,3.0,2.0,3.0,4.0,4.0,4.0,,2.0,3.0,3.0,3.0,3.0,4.0,,2.0,2.0,2.0,2.0,2.0,,2.0,4.0,4.0,1.0,6.0,6.0,,5.0,6.0,6.0,5.0,6.0,5.0,6.0,2.0,,,,2.0,1.0,2.0,2.0,1.0,1.0,1.0,2.0,,6.0,0,2.667,2.0,3.429,3.0,5.0,2.667,2.5,3.6,6.778,2.5,3.75,2.8,2.5,5.667,2.0,1.429
81,21,Mujer,Soltero,3,Posgrado,Urbana,4.0,Mixto,Entre 50 y 200 empleados,No,Presentación de servicios,47,Entre 1 y 3 SMLV,Administrativo,Si,Entre 5 a 10,Entre 1 y 3 años,Presencial,Menos de 1 hora,43.0,5.0,5.0,5.0,3.0,1.0,2.0,2.0,3.0,4.0,3.0,2.0,3.0,4.0,,5.0,5.0,5.0,4.0,5.0,4.0,4.0,2.0,2.0,3.0,3.0,,2.0,3.0,2.0,2.0,2.0,2.0,1.0,5.0,5.0,6.0,,5.0,6.0,6.0,6.0,5.0,1.0,3.0,2.0,,2.0,1.0,2.0,2.0,1.0,2.0,3.0,4.0,3.0,3.0,2.0,1.0,1.0,1.0,2.0,2.0,,1.0,2.0,1.0,1.0,2.0,,7.0,7.0,7.0,6.0,7.0,7.0,6.0,6.0,7.0,5.0,4.0,4.0,4.0,4.0,1.0,1.0,2.0,2.0,1.0,1.0,,1.0,7.0,0,5.0,2.0,3.167,5.0,4.25,2.333,2.667,1.8,5.5,2.0,1.6,3.0,1.455,6.667,4.2,1.286
82,35,Hombre,Soltero,1,Posgrado,Urbana,3.0,Público,Entre 200 y 500 empleados,No,Provisionalidad,38,Entre 1 y 3 SMLV,Operativo,No,Entre 5 a 10,Entre 3 y 7 años,Presencial,Entre 1 y 2 horas,27.0,3.0,3.0,3.0,2.0,2.0,3.0,2.0,4.0,5.0,5.0,5.0,5.0,5.0,5.0,4.0,3.0,4.0,5.0,5.0,4.0,5.0,2.0,2.0,2.0,4.0,5.0,5.0,5.0,5.0,5.0,5.0,5.0,5.0,6.0,6.0,,6.0,6.0,6.0,6.0,6.0,7.0,2.0,2.0,3.0,2.0,,1.0,,1.0,,2.0,2.0,1.0,2.0,1.0,,1.0,1.0,1.0,1.0,1.0,1.0,1.0,1.0,1.0,2.0,,7.0,7.0,7.0,7.0,7.0,7.0,6.0,7.0,7.0,7.0,4.0,3.0,3.0,3.0,4.0,2.0,3.0,3.0,1.0,3.0,3.0,2.0,2.0,6.0,0,3.0,2.25,4.857,3.667,4.75,2.0,4.75,5.0,6.125,2.25,1.0,1.6,1.1,6.9,3.4,2.375
83,37,Mujer,Separado,6,Técnico,Urbana,3.0,Público,Entre 50 y 200 empleados,No,Carrera,44,Entre 1 y 3 SMLV,Operativo,No,Entre 5 a 10,Entre 7 y 10 años,Híbrido,Menos de 1 hora,2.0,3.0,4.0,3.0,2.0,3.0,3.0,3.0,4.0,3.0,3.0,3.0,4.0,4.0,4.0,3.0,3.0,3.0,,4.0,4.0,4.0,2.0,2.0,2.0,4.0,3.0,4.0,3.0,2.0,2.0,1.0,3.0,3.0,6.0,5.0,6.0,5.0,6.0,5.0,6.0,7.0,5.0,4.0,,4.0,4.0,1.0,1.0,1.0,1.0,1.0,3.0,,2.0,3.0,2.0,2.0,4.0,4.0,1.0,2.0,5.0,2.0,2.0,4.0,2.0,4.0,2.0,7.0,7.0,7.0,6.0,6.0,6.0,6.0,7.0,7.0,7.0,2.0,3.0,,3.0,2.0,3.0,,4.0,3.0,4.0,4.0,2.0,4.0,4.0,0,3.333,2.75,3.571,3.0,4.0,2.0,3.5,2.2,5.667,4.0,1.0,2.5,2.833,6.6,2.5,3.429
84,32,Mujer,Casado,2,Tecnológico,Urbana,4.0,Público,Más de 500 empleados,No,Carrera,45,Entre 1 y 3 SMLV,Administrativo,No,Más de 25,Entre 3 y 7 años,Presencial,Menos de 1 hora,3.0,2.0,2.0,2.0,3.0,3.0,2.0,3.0,4.0,4.0,5.0,4.0,4.0,4.0,4.0,5.0,4.0,4.0,4.0,4.0,4.0,4.0,3.0,2.0,3.0,5.0,3.0,5.0,3.0,5.0,4.0,4.0,3.0,4.0,7.0,7.0,7.0,6.0,7.0,7.0,7.0,7.0,7.0,1.0,1.0,1.0,2.0,1.0,1.0,3.0,1.0,2.0,4.0,2.0,3.0,4.0,4.0,2.0,,1.0,1.0,,,1.0,2.0,1.0,1.0,1.0,1.0,7.0,6.0,6.0,6.0,,7.0,5.0,6.0,6.0,5.0,2.0,1.0,1.0,1.0,1.0,1.0,1.0,1.0,1.0,1.0,1.0,1.0,3.0,7.0,0,2.0,2.75,4.143,4.333,4.0,2.667,4.0,4.0,6.889,1.25,1.6,3.4,1.222,6.0,1.2,1.25
86,35,Mujer,Soltero,3,Técnico,Urbana,2.0,Público,Entre 200 y 500 empleados,Si,Provisionalidad,43,Entre 1 y 3 SMLV,Administrativo,No,Entre 1 a 5,Menos de 1 año,Híbrido,Menos de 1 hora,16.0,2.0,3.0,,4.0,3.0,4.0,4.0,,3.0,4.0,3.0,3.0,3.0,2.0,4.0,4.0,4.0,4.0,4.0,5.0,5.0,3.0,3.0,3.0,2.0,2.0,2.0,2.0,4.0,4.0,4.0,,4.0,6.0,6.0,6.0,6.0,6.0,6.0,6.0,5.0,4.0,3.0,3.0,3.0,,2.0,3.0,4.0,4.0,4.0,5.0,4.0,3.0,4.0,4.0,,4.0,4.0,4.0,2.0,2.0,2.0,4.0,4.0,2.0,4.0,4.0,6.0,6.0,5.0,5.0,6.0,5.0,5.0,5.0,6.0,6.0,1.0,1.0,1.0,1.0,1.0,1.0,2.0,1.0,1.0,,1.0,1.0,1.0,5.0,0,2.5,3.75,3.0,4.0,4.5,3.0,2.0,4.0,5.667,3.0,3.4,4.0,3.273,5.5,1.0,1.143
87,50,Mujer,Separado,2,Técnico,Urbana,3.0,Público,Entre 200 y 500 empleados,No,Carrera,39,Entre 1 y 3 SMLV,Directivo,No,Entre 15 a 20,Entre 1 y 3 años,Presencial,Menos de 1 hora,5.0,3.0,2.0,,3.0,3.0,3.0,3.0,2.0,3.0,,3.0,3.0,3.0,3.0,3.0,4.0,4.0,4.0,4.0,4.0,5.0,3.0,3.0,2.0,2.0,2.0,2.0,2.0,3.0,2.0,3.0,3.0,2.0,5.0,5.0,,4.0,5.0,,4.0,4.0,4.0,5.0,4.0,4.0,4.0,2.0,2.0,2.0,4.0,3.0,3.0,3.0,4.0,2.0,3.0,2.0,2.0,4.0,4.0,4.0,4.0,4.0,4.0,5.0,4.0,4.0,2.0,4.0,4.0,4.0,5.0,4.0,5.0,3.0,4.0,4.0,4.0,4.0,5.0,6.0,4.0,4.0,2.0,2.0,3.0,3.0,4.0,,3.0,,3.0,0,2.5,3.0,2.833,3.667,4.25,2.667,2.0,2.6,4.429,4.25,2.6,3.0,3.583,4.1,4.6,2.833
88,32,Hombre,Unión libre,1,Posgrado,Urbana,4.0,Público,Entre 50 y 200 empleados,Si,Carrera,47,Entre 1 y 3 SMLV,Operativo,No,Entre 15 a 20,Entre 1 y 3 años,Presencial,Entre 2 y 3 horas,3.0,3.0,4.0,4.0,4.0,,3.0,3.0,3.0,,3.0,3.0,2.0,3.0,3.0,4.0,4.0,3.0,,3.0,4.0,3.0,2.0,2.0,1.0,3.0,3.0,3.0,3.0,3.0,3.0,3.0,4.0,3.0,6.0,,6.0,7.0,,5.0,7.0,7.0,6.0,,3.0,2.0,3.0,3.0,2.0,3.0,2.0,3.0,2.0,2.0,3.0,3.0,3.0,2.0,2.0,2.0,2.0,,,4.0,4.0,2.0,2.0,4.0,4.0,,4.0,4.0,5.0,4.0,4.0,5.0,4.0,5.0,4.0,2.0,1.0,,3.0,2.0,1.0,2.0,3.0,2.0,1.0,1.0,1.0,2.0,,0,3.667,3.333,2.833,3.667,3.333,1.667,3.0,3.2,6.286,2.667,2.6,2.6,2.8,4.333,2.0,1.625
89,36,Mujer,Casado,Sin hijos,Tecnológico,Rural,2.0,Público,Entre 200 y 500 empleados,No,Presentación de servicios,38,Entre 1 y 3 SMLV,Administrativo,Si,Más de 25,Entre 1 y 3 años,Presencial,Menos de 1 hora,0.0,5.0,5.0,5.0,,1.0,2.0,3.0,5.0,5.0,4.0,5.0,5.0,4.0,5.0,3.0,,4.0,4.0,5.0,3.0,4.0,2.0,2.0,3.0,4.0,,,,4.0,5.0,5.0,5.0,,,4.0,6.0,5.0,5.0,,5.0,5.0,4.0,3.0,3.0,4.0,4.0,1.0,,3.0,2.0,2.0,3.0,2.0,2.0,3.0,3.0,1.0,2.0,1.0,1.0,1.0,1.0,1.0,1.0,1.0,1.0,1.0,2.0,,5.0,,,5.0,5.0,5.0,6.0,5.0,6.0,1.0,1.0,1.0,1.0,2.0,3.0,3.0,4.0,4.0,,5.0,,3.0,5.0,0,5.0,2.0,4.714,3.5,4.0,2.333,4.0,4.75,4.857,3.5,2.0,2.6,1.167,5.286,1.2,3.667
90,36,Mujer,Separado,3,Posgrado,Rural,3.0,Público,Entre 50 y 200 empleados,No,Provisionalidad,43,Entre 3 y 5 SMLV,Administrativo,No,Entre 1 a 5,Menos de 1 año,Presencial,Menos de 1 hora,43.0,2.0,2.0,1.0,4.0,,4.0,4.0,3.0,3.0,3.0,3.0,2.0,3.0,3.0,4.0,5.0,5.0,5.0,4.0,5.0,5.0,2.0,2.0,2.0,5.0,5.0,4.0,4.0,3.0,3.0,2.0,4.0,3.0,6.0,,7.0,5.0,5.0,5.0,5.0,5.0,5.0,4.0,3.0,5.0,4.0,3.0,3.0,4.0,2.0,2.0,3.0,4.0,4.0,4.0,4.0,,4.0,2.0,4.0,4.0,4.0,4.0,4.0,4.0,4.0,4.0,,3.0,4.0,3.0,4.0,4.0,4.0,3.0,4.0,4.0,4.0,5.0,,4.0,,4.0,4.0,4.0,4.0,4.0,4.0,,3.0,3.0,4.0,0,1.667,4.0,2.857,4.667,4.75,2.0,4.5,3.0,5.375,4.0,2.8,3.8,3.8,3.7,4.333,3.714
91,49,Hombre,Viudo,Sin hijos,Posgrado,Urbana,4.0,Público,Entre 50 y 200 empleados,No,Otro,42,Entre 1 y 3 SMLV,Administrativo,No,Más de 25,Entre 3 y 7 años,Presencial,Entre 2 y 3 horas,31.0,5.0,5.0,4.0,1.0,,1.0,2.0,4.0,5.0,5.0,4.0,5.0,4.0,4.0,3.0,,4.0,4.0,5.0,5.0,5.0,1.0,1.0,1.0,4.0,,,,4.0,4.0,4.0,4.0,4.0,7.0,7.0,7.0,7.0,7.0,7.0,7.0,7.0,,3.0,2.0,3.0,3.0,2.0,3.0,2.0,1.0,,2.0,,1.0,1.0,2.0,2.0,2.0,2.0,2.0,2.0,2.0,2.0,2.0,1.0,,,2.0,6.0,7.0,6.0,6.0,6.0,6.0,6.0,7.0,6.0,7.0,1.0,3.0,2.0,,1.0,2.0,1.0,,1.0,1.0,1.0,,1.0,5.0,0,4.667,1.333,4.429,3.5,4.75,1.0,4.0,4.0,7.0,2.75,2.0,1.5,1.9,6.3,1.75,1.167
92,40,Mujer,Soltero,4,Posgrado,Urbana,3.0,Público,Más de 500 empleados,No,Provisionalidad,43,Entre 1 y 3 SMLV,Administrativo,Si,Entre 10 a 15,Entre 1 y 3 años,Presencial,Menos de 1 hora,13.0,2.0,2.0,2.0,3.0,3.0,3.0,4.0,5.0,5.0,5.0,5.0,5.0,5.0,5.0,4.0,4.0,4.0,5.0,5.0,,5.0,3.0,3.0,3.0,4.0,4.0,4.0,4.0,5.0,,4.0,,4.0,7.0,4.0,5.0,5.0,5.0,6.0,6.0,6.0,6.0,4.0,,4.0,3.0,2.0,,4.0,4.0,3.0,4.0,4.0,3.0,4.0,4.0,4.0,4.0,5.0,4.0,2.0,5.0,2.0,5.0,4.0,5.0,,4.0,6.0,6.0,,6.0,6.0,6.0,6.0,6.0,7.0,7.0,2.0,2.0,2.0,3.0,2.0,2.0,1.0,1.0,2.0,1.0,2.0,1.0,2.0,4.0,0,2.0,3.25,5.0,4.0,5.0,3.0,4.0,4.333,5.556,3.667,3.25,3.8,4.0,6.222,2.2,1.5
93,39,Mujer,Casado,Sin hijos,Profesional,Urbana,3.0,Público,Más de 500 empleados,Si,Carrera,47,Entre 1 y 3 SMLV,Administrativo,No,Entre 5 a 10,Entre 1 y 3 años,Presencial,Entre 2 y 3 horas,66.0,4.0,3.0,,3.0,2.0,3.0,2.0,4.0,4.0,4.0,3.0,4.0,4.0,4.0,4.0,3.0,5.0,5.0,5.0,5.0,5.0,2.0,2.0,2.0,4.0,4.0,3.0,4.0,5.0,5.0,5.0,5.0,5.0,5.0,5.0,4.0,6.0,6.0,6.0,5.0,5.0,5.0,3.0,4.0,2.0,2.0,1.0,1.0,1.0,1.0,1.0,2.0,3.0,3.0,4.0,3.0,1.0,2.0,,1.0,,,2.0,2.0,1.0,2.0,2.0,4.0,6.0,5.0,6.0,6.0,5.0,6.0,5.0,4.0,5.0,5.0,3.0,2.0,3.0,2.0,3.0,2.0,1.0,1.0,2.0,1.0,1.0,2.0,1.0,5.0,0,3.5,2.5,3.857,4.0,5.0,2.0,3.75,5.0,5.222,2.75,1.0,3.0,1.889,5.3,2.6,1.375
94,29,Mujer,Unión libre,2,Profesional,Urbana,5.0,Público,Entre 10 y 50 empleados,No,Carrera,45,Entre 1 y 3 SMLV,Administrativo,No,Entre 20 a 25,Entre 1 y 3 años,Presencial,Entre 2 y 3 horas,15.0,2.0,,2.0,4.0,4.0,4.0,4.0,3.0,3.0,2.0,1.0,2.0,1.0,3.0,4.0,3.0,3.0,4.0,5.0,5.0,5.0,3.0,3.0,3.0,4.0,3.0,3.0,3.0,3.0,2.0,2.0,2.0,2.0,4.0,,5.0,5.0,6.0,5.0,4.0,5.0,5.0,5.0,4.0,4.0,3.0,1.0,1.0,2.0,1.0,2.0,4.0,3.0,2.0,4.0,4.0,4.0,5.0,,4.0,4.0,5.0,4.0,4.0,4.0,4.0,4.0,5.0,,5.0,5.0,6.0,6.0,5.0,6.0,6.0,6.0,6.0,4.0,4.0,4.0,4.0,4.0,,4.0,6.0,6.0,,6.0,6.0,5.0,3.0,0,2.0,4.0,2.143,3.333,4.75,3.0,3.25,2.2,4.875,4.0,1.4,3.4,4.273,5.667,4.0,5.5
95,62,Mujer,Casado,3,Bachiller,Rural,3.0,Mixto,Entre 50 y 200 empleados,No,Provisionalidad,42,Entre 1 y 3 SMLV,Administrativo,No,Entre 1 a 5,Entre 3 y 7 años,Presencial,Entre 1 y 2 horas,10.0,1.0,2.0,1.0,,5.0,4.0,5.0,3.0,3.0,2.0,3.0,3.0,3.0,3.0,3.0,3.0,4.0,4.0,3.0,4.0,4.0,3.0,4.0,5.0,3.0,2.0,3.0,3.0,2.0,3.0,2.0,2.0,2.0,4.0,,6.0,4.0,4.0,5.0,6.0,5.0,5.0,5.0,5.0,5.0,6.0,2.0,3.0,3.0,3.0,3.0,6.0,6.0,,6.0,5.0,2.0,1.0,,,1.0,,2.0,1.0,1.0,1.0,1.0,2.0,,7.0,5.0,6.0,6.0,6.0,5.0,5.0,6.0,5.0,3.0,2.0,1.0,1.0,3.0,2.0,3.0,3.0,2.0,3.0,4.0,3.0,3.0,3.0,0,1.333,4.667,2.857,3.333,3.75,4.0,2.75,2.2,4.875,5.25,2.8,5.75,1.333,5.667,2.0,2.875
96,28,Hombre,Casado,1,Técnico,Urbana,3.0,Mixto,Entre 200 y 500 empleados,No,Carrera,42,Entre 3 y 5 SMLV,Administrativo,Si,Entre 1 a 5,Entre 1 y 3 años,Presencial,Entre 2 y 3 horas,13.0,3.0,3.0,3.0,2.0,1.0,2.0,2.0,2.0,3.0,,3.0,3.0,3.0,4.0,3.0,3.0,3.0,4.0,4.0,4.0,5.0,1.0,2.0,1.0,3.0,3.0,2.0,3.0,3.0,2.0,3.0,3.0,3.0,6.0,6.0,5.0,7.0,5.0,6.0,,5.0,5.0,4.0,5.0,3.0,4.0,1.0,2.0,1.0,1.0,1.0,1.0,2.0,2.0,1.0,1.0,1.0,2.0,,2.0,2.0,2.0,1.0,,1.0,1.0,2.0,1.0,6.0,6.0,5.0,6.0,6.0,6.0,6.0,6.0,6.0,6.0,,3.0,3.0,3.0,1.0,1.0,2.0,,,3.0,2.0,2.0,2.0,4.0,0,3.0,1.75,3.0,3.0,4.25,1.333,2.75,2.8,5.625,4.0,1.2,1.4,1.5,5.9,2.5,2.0
97,48,Mujer,Unión libre,Sin hijos,Técnico,Urbana,4.0,Público,Más de 500 empleados,No,Carrera,46,Entre 1 y 3 SMLV,Administrativo,No,Entre 10 a 15,Entre 1 y 3 años,Presencial,Entre 1 y 2 horas,44.0,4.0,4.0,4.0,1.0,2.0,2.0,1.0,4.0,4.0,3.0,,4.0,,5.0,4.0,4.0,4.0,,5.0,5.0,4.0,2.0,1.0,2.0,4.0,5.0,4.0,4.0,4.0,4.0,3.0,3.0,3.0,,5.0,5.0,5.0,6.0,5.0,5.0,4.0,,4.0,4.0,6.0,5.0,2.0,2.0,4.0,2.0,1.0,3.0,3.0,4.0,3.0,3.0,2.0,2.0,1.0,1.0,2.0,1.0,2.0,,1.0,2.0,2.0,2.0,6.0,6.0,7.0,6.0,6.0,6.0,6.0,6.0,6.0,6.0,1.0,2.0,1.0,2.0,2.0,1.0,1.0,1.0,1.0,1.0,2.0,1.0,1.0,4.0,0,4.0,1.5,4.0,4.0,4.667,1.667,4.25,3.4,5.0,4.75,2.2,3.2,1.636,6.1,1.6,1.125
98,47,Mujer,Soltero,Sin hijos,Tecnológico,Urbana,3.0,Público,Más de 500 empleados,No,Provisionalidad,48,Entre 1 y 3 SMLV,Administrativo,Si,Entre 15 a 20,Entre 1 y 3 años,Presencial,Menos de 1 hora,2.0,4.0,4.0,4.0,3.0,2.0,4.0,,4.0,4.0,5.0,5.0,,5.0,3.0,3.0,3.0,3.0,3.0,4.0,4.0,5.0,2.0,3.0,2.0,4.0,,3.0,4.0,5.0,4.0,5.0,5.0,4.0,,5.0,6.0,6.0,5.0,,5.0,4.0,5.0,,3.0,2.0,4.0,3.0,2.0,,2.0,1.0,2.0,3.0,2.0,2.0,3.0,2.0,1.0,,2.0,2.0,2.0,4.0,2.0,2.0,1.0,1.0,1.0,7.0,7.0,6.0,7.0,6.0,7.0,7.0,5.0,6.0,7.0,3.0,2.0,1.0,2.0,3.0,2.0,2.0,3.0,3.0,1.0,1.0,2.0,3.0,,0,4.0,3.0,4.333,3.0,4.0,2.333,3.667,4.6,5.143,3.0,2.0,2.4,1.818,6.5,2.2,2.125
99,38,Mujer,Casado,2,Técnico,Urbana,4.0,Mixto,Entre 50 y 200 empleados,No,Libre nombramiento y remocion,45,Entre 1 y 3 SMLV,Operativo,No,Menos de 1 año,Entre 3 y 7 años,Presencial,Entre 1 y 2 horas,4.0,3.0,3.0,4.0,1.0,1.0,2.0,2.0,,5.0,,4.0,4.0,3.0,3.0,4.0,,5.0,4.0,5.0,4.0,5.0,1.0,2.0,1.0,3.0,3.0,4.0,3.0,3.0,4.0,2.0,3.0,3.0,6.0,7.0,5.0,6.0,7.0,7.0,6.0,,7.0,1.0,1.0,1.0,1.0,3.0,3.0,2.0,3.0,3.0,3.0,3.0,4.0,2.0,4.0,1.0,2.0,4.0,2.0,1.0,2.0,2.0,2.0,2.0,2.0,2.0,1.0,6.0,7.0,5.0,5.0,6.0,5.0,5.0,5.0,6.0,6.0,1.0,1.0,1.0,1.0,1.0,3.0,1.0,,1.0,2.0,2.0,3.0,2.0,7.0,0,3.333,1.5,3.8,4.5,4.5,1.333,3.25,3.0,6.375,1.0,2.8,3.2,1.917,5.6,1.0,2.0
100,54,Hombre,Casado,3,Posgrado,Urbana,5.0,Público,Entre 50 y 200 empleados,No,Otro,42,Entre 1 y 3 SMLV,Operativo,No,Entre 5 a 10,Entre 1 y 3 años,Presencial,Menos de 1 hora,8.0,2.0,1.0,2.0,4.0,4.0,3.0,4.0,3.0,4.0,4.0,4.0,,4.0,4.0,4.0,4.0,3.0,4.0,4.0,4.0,4.0,3.0,3.0,,5.0,4.0,4.0,4.0,2.0,3.0,3.0,2.0,2.0,4.0,,3.0,3.0,3.0,3.0,3.0,4.0,3.0,5.0,5.0,5.0,5.0,3.0,3.0,,3.0,3.0,4.0,3.0,,4.0,3.0,2.0,,4.0,4.0,4.0,2.0,4.0,4.0,,2.0,4.0,2.0,4.0,5.0,4.0,5.0,4.0,5.0,4.0,4.0,4.0,5.0,5.0,5.0,6.0,5.0,5.0,5.0,4.0,3.0,4.0,3.0,5.0,3.0,6.0,3.0,0,1.667,3.75,3.833,3.667,4.0,3.0,4.25,2.4,3.25,5.0,3.0,3.5,3.2,4.4,5.2,4.125
101,41,Mujer,Separado,Sin hijos,Profesional,Urbana,4.0,Mixto,Menos de 10 empleados,No,Presentación de servicios,43,Entre 1 y 3 SMLV,Directivo,No,Entre 5 a 10,Menos de 1 año,Presencial,Menos de 1 hora,12.0,3.0,,3.0,3.0,3.0,2.0,3.0,5.0,4.0,5.0,4.0,4.0,4.0,4.0,5.0,5.0,4.0,5.0,4.0,4.0,5.0,4.0,4.0,3.0,,,4.0,3.0,5.0,5.0,4.0,5.0,5.0,7.0,6.0,6.0,6.0,5.0,7.0,6.0,6.0,6.0,4.0,3.0,4.0,3.0,,,3.0,2.0,2.0,4.0,3.0,3.0,3.0,4.0,5.0,,4.0,4.0,4.0,5.0,4.0,4.0,4.0,,4.0,4.0,4.0,6.0,6.0,6.0,5.0,5.0,5.0,5.0,5.0,5.0,3.0,3.0,3.0,4.0,3.0,1.0,3.0,2.0,1.0,3.0,2.0,3.0,2.0,4.0,0,3.0,2.75,4.286,4.667,4.5,3.667,3.5,4.8,6.111,3.5,2.333,3.4,4.2,5.2,3.2,2.125
102,47,Hombre,Casado,1,Bachiller,Urbana,2.0,Público,Entre 200 y 500 empleados,No,Presentación de servicios,49,Entre 1 y 3 SMLV,Operativo,No,Más de 25,Entre 1 y 3 años,Presencial,Menos de 1 hora,71.0,4.0,3.0,,1.0,2.0,1.0,1.0,4.0,3.0,4.0,3.0,4.0,4.0,3.0,4.0,4.0,,5.0,5.0,5.0,5.0,3.0,3.0,3.0,4.0,3.0,3.0,3.0,4.0,2.0,,4.0,3.0,6.0,,5.0,6.0,6.0,4.0,5.0,6.0,6.0,2.0,4.0,2.0,4.0,1.0,1.0,1.0,1.0,2.0,4.0,2.0,2.0,3.0,2.0,1.0,2.0,,2.0,2.0,2.0,2.0,2.0,2.0,2.0,,2.0,5.0,4.0,5.0,6.0,4.0,5.0,5.0,5.0,5.0,6.0,1.0,2.0,1.0,2.0,1.0,4.0,5.0,4.0,3.0,3.0,4.0,4.0,4.0,6.0,0,3.5,1.25,3.571,4.0,5.0,3.0,3.25,3.25,5.5,3.0,1.2,2.6,1.9,5.0,1.4,3.875
103,36,Mujer,Casado,2,Técnico,Urbana,4.0,Mixto,Más de 500 empleados,No,Libre nombramiento y remocion,45,Entre 1 y 3 SMLV,Administrativo,No,Entre 15 a 20,Entre 7 y 10 años,Presencial,Entre 1 y 2 horas,26.0,3.0,3.0,,3.0,2.0,,2.0,3.0,4.0,2.0,4.0,3.0,3.0,,4.0,3.0,4.0,3.0,4.0,4.0,3.0,3.0,3.0,3.0,2.0,2.0,2.0,3.0,4.0,4.0,5.0,4.0,4.0,5.0,,7.0,4.0,6.0,7.0,6.0,5.0,5.0,3.0,5.0,3.0,4.0,1.0,1.0,1.0,1.0,1.0,2.0,3.0,3.0,2.0,2.0,,1.0,1.0,1.0,2.0,2.0,2.0,2.0,2.0,2.0,1.0,2.0,6.0,6.0,5.0,5.0,5.0,5.0,6.0,5.0,6.0,5.0,5.0,3.0,4.0,4.0,4.0,1.0,1.0,2.0,2.0,,2.0,1.0,1.0,5.0,0,3.0,2.333,3.167,3.667,3.5,3.0,2.25,4.2,5.625,3.75,1.0,2.4,1.636,5.4,4.0,1.429
104,49,Mujer,Casado,Sin hijos,Tecnológico,Urbana,2.0,Público,Entre 50 y 200 empleados,No,Presentación de servicios,45,Entre 1 y 3 SMLV,Operativo,No,Entre 5 a 10,Entre 1 y 3 años,Presencial,Más de 3 horas,8.0,5.0,4.0,4.0,2.0,2.0,2.0,2.0,5.0,4.0,5.0,4.0,4.0,5.0,4.0,,3.0,,5.0,5.0,5.0,5.0,1.0,,2.0,4.0,4.0,3.0,3.0,3.0,3.0,2.0,3.0,3.0,7.0,6.0,6.0,5.0,6.0,6.0,5.0,5.0,6.0,4.0,2.0,4.0,4.0,1.0,1.0,1.0,1.0,2.0,3.0,4.0,2.0,3.0,2.0,1.0,1.0,2.0,2.0,4.0,2.0,2.0,2.0,2.0,4.0,2.0,1.0,6.0,6.0,6.0,6.0,6.0,6.0,6.0,6.0,7.0,7.0,3.0,4.0,3.0,2.0,,2.0,1.0,2.0,1.0,,,1.0,2.0,4.0,0,4.333,2.0,4.429,3.0,5.0,1.5,3.5,2.8,5.778,3.5,1.2,2.8,2.083,6.2,3.0,1.5
105,40,Hombre,Casado,2,Profesional,Rural,3.0,Público,Entre 200 y 500 empleados,No,Otro,50,Entre 1 y 3 SMLV,Administrativo,No,Entre 10 a 15,Menos de 1 año,Presencial,Menos de 1 hora,26.0,2.0,3.0,2.0,2.0,1.0,2.0,3.0,5.0,5.0,5.0,5.0,4.0,5.0,5.0,3.0,4.0,4.0,4.0,3.0,4.0,4.0,4.0,2.0,2.0,4.0,4.0,4.0,4.0,3.0,3.0,3.0,3.0,3.0,7.0,7.0,7.0,7.0,7.0,7.0,7.0,7.0,7.0,1.0,3.0,2.0,,,2.0,2.0,3.0,2.0,3.0,2.0,,3.0,2.0,1.0,1.0,1.0,2.0,1.0,1.0,2.0,2.0,2.0,2.0,1.0,1.0,7.0,7.0,7.0,7.0,7.0,7.0,7.0,6.0,7.0,7.0,3.0,3.0,3.0,3.0,3.0,2.0,3.0,,2.0,2.0,4.0,3.0,3.0,7.0,0,2.333,2.0,4.857,3.667,3.75,2.667,4.0,3.0,7.0,2.0,2.25,2.5,1.417,6.9,3.0,2.714
106,22,Mujer,Casado,1,Profesional,Urbana,3.0,Mixto,Más de 500 empleados,No,Carrera,44,Entre 5 y 10 SMLV,Operativo,No,Entre 1 a 5,Entre 1 y 3 años,Presencial,Menos de 1 hora,30.0,5.0,4.0,4.0,3.0,3.0,3.0,3.0,4.0,4.0,3.0,4.0,3.0,4.0,3.0,4.0,5.0,4.0,3.0,3.0,3.0,3.0,3.0,3.0,3.0,3.0,4.0,3.0,,2.0,2.0,2.0,1.0,2.0,,5.0,5.0,5.0,5.0,5.0,5.0,5.0,4.0,6.0,5.0,5.0,5.0,1.0,1.0,1.0,1.0,1.0,3.0,2.0,2.0,3.0,3.0,1.0,2.0,,,2.0,1.0,1.0,1.0,1.0,2.0,1.0,2.0,7.0,5.0,7.0,6.0,6.0,6.0,6.0,6.0,7.0,7.0,4.0,3.0,2.0,2.0,2.0,1.0,1.0,1.0,1.0,1.0,1.0,1.0,1.0,2.0,0,4.333,3.0,3.571,4.333,3.0,3.0,3.333,1.8,4.875,5.25,1.0,2.6,1.4,6.3,2.6,1.0
107,38,Mujer,Unión libre,Sin hijos,Tecnológico,Urbana,2.0,Público,Más de 500 empleados,Si,Carrera,41,Entre 1 y 3 SMLV,Directivo,No,Entre 10 a 15,Más de 10 años,Híbrido,Menos de 1 hora,55.0,2.0,3.0,3.0,4.0,,4.0,2.0,4.0,5.0,4.0,3.0,3.0,4.0,4.0,4.0,3.0,4.0,5.0,5.0,5.0,5.0,3.0,4.0,4.0,3.0,4.0,2.0,3.0,2.0,2.0,1.0,3.0,2.0,6.0,5.0,,6.0,6.0,5.0,5.0,6.0,6.0,5.0,5.0,5.0,5.0,,2.0,2.0,3.0,2.0,3.0,4.0,3.0,2.0,4.0,2.0,2.0,4.0,2.0,1.0,1.0,2.0,2.0,4.0,2.0,,1.0,5.0,5.0,6.0,6.0,6.0,5.0,6.0,6.0,5.0,5.0,1.0,2.0,1.0,2.0,2.0,3.0,3.0,4.0,4.0,2.0,3.0,,3.0,3.0,0,2.667,3.333,3.857,3.667,5.0,3.667,3.0,2.0,5.625,5.0,2.25,3.2,2.091,5.5,1.6,3.143
108,49,Mujer,Soltero,2,Posgrado,Urbana,3.0,Público,Entre 200 y 500 empleados,No,Libre nombramiento y remocion,39,Entre 1 y 3 SMLV,Operativo,No,Entre 10 a 15,Entre 1 y 3 años,Presencial,Entre 1 y 2 horas,8.0,5.0,4.0,5.0,2.0,1.0,2.0,2.0,4.0,2.0,2.0,2.0,3.0,2.0,2.0,5.0,4.0,5.0,5.0,4.0,,5.0,3.0,3.0,3.0,3.0,,3.0,2.0,2.0,1.0,3.0,2.0,3.0,6.0,6.0,5.0,6.0,7.0,6.0,6.0,6.0,6.0,2.0,1.0,2.0,1.0,1.0,1.0,1.0,1.0,1.0,1.0,2.0,1.0,1.0,2.0,1.0,1.0,1.0,1.0,1.0,2.0,1.0,2.0,2.0,2.0,2.0,1.0,6.0,7.0,7.0,6.0,,7.0,7.0,7.0,7.0,7.0,3.0,2.0,4.0,2.0,4.0,3.0,2.0,,3.0,3.0,3.0,2.0,3.0,6.0,0,4.667,1.75,2.429,4.667,4.667,3.0,2.667,2.2,6.0,1.5,1.0,1.4,1.417,6.778,3.0,2.714
109,24,Hombre,Soltero,3,Posgrado,Urbana,4.0,Público,Entre 200 y 500 empleados,No,Provisionalidad,30,Entre 1 y 3 SMLV,Administrativo,No,Entre 5 a 10,Entre 1 y 3 años,Presencial,Entre 2 y 3 horas,7.0,,1.0,1.0,4.0,4.0,4.0,4.0,3.0,3.0,4.0,4.0,5.0,4.0,4.0,4.0,3.0,5.0,4.0,,5.0,5.0,3.0,3.0,3.0,4.0,4.0,5.0,3.0,2.0,2.0,,3.0,2.0,7.0,6.0,5.0,6.0,,5.0,4.0,4.0,5.0,4.0,4.0,4.0,4.0,4.0,5.0,4.0,4.0,,,6.0,7.0,7.0,6.0,,4.0,5.0,5.0,5.0,4.0,,5.0,,4.0,4.0,2.0,5.0,6.0,5.0,6.0,6.0,5.0,5.0,6.0,5.0,5.0,4.0,4.0,5.0,4.0,5.0,3.0,2.0,3.0,2.0,2.0,3.0,1.0,2.0,4.0,0,1.0,4.0,3.857,4.0,4.667,3.0,4.0,2.25,5.25,4.0,4.25,6.5,4.222,5.4,4.4,2.25
110,24,Mujer,Casado,Sin hijos,Tecnológico,Urbana,2.0,Público,Más de 500 empleados,No,Presentación de servicios,46,Entre 1 y 3 SMLV,Administrativo,Si,Entre 1 a 5,Entre 1 y 3 años,Híbrido,Menos de 1 hora,82.625,2.0,,2.0,4.0,4.0,5.0,4.0,3.0,2.0,3.0,3.0,2.0,2.0,3.0,4.0,4.0,,5.0,5.0,5.0,4.0,2.0,3.0,2.0,3.0,3.0,3.0,,3.0,4.0,3.0,3.0,3.0,,7.0,5.0,6.0,7.0,6.0,6.0,7.0,7.0,3.0,2.0,3.0,2.0,4.0,4.0,2.0,3.0,2.0,7.0,5.0,6.0,,5.0,,4.0,4.0,4.0,2.0,,2.0,2.0,2.0,2.0,2.0,4.0,5.0,5.0,6.0,5.0,5.0,6.0,5.0,5.0,5.0,5.0,3.0,5.0,4.0,4.0,5.0,3.0,5.0,5.0,4.0,4.0,4.0,5.0,4.0,5.0,1,2.0,4.25,2.571,4.0,4.75,2.333,3.0,3.2,6.375,2.5,3.0,5.75,2.8,5.2,4.2,4.25
111,45,Hombre,Casado,Sin hijos,Posgrado,Urbana,4.0,Mixto,Entre 200 y 500 empleados,No,Libre nombramiento y remocion,44,Entre 5 y 10 SMLV,Administrativo,No,Entre 5 a 10,Entre 3 y 7 años,Presencial,Menos de 1 hora,17.0,2.0,2.0,2.0,3.0,4.0,,2.0,,4.0,3.0,4.0,3.0,,4.0,3.0,3.0,4.0,4.0,5.0,4.0,,2.0,3.0,2.0,2.0,1.0,2.0,2.0,3.0,4.0,3.0,4.0,3.0,,5.0,6.0,6.0,6.0,6.0,6.0,6.0,7.0,4.0,,4.0,4.0,2.0,1.0,2.0,1.0,3.0,2.0,3.0,2.0,2.0,2.0,4.0,1.0,4.0,2.0,4.0,4.0,2.0,2.0,4.0,2.0,2.0,2.0,5.0,4.0,4.0,4.0,4.0,5.0,6.0,4.0,4.0,5.0,3.0,3.0,2.0,4.0,3.0,3.0,3.0,,2.0,4.0,4.0,3.0,3.0,4.0,0,2.0,3.0,3.6,3.333,4.333,2.333,1.75,3.4,6.0,4.0,1.8,2.2,2.75,4.5,3.0,3.143
112,36,Mujer,Viudo,2,Bachiller,Urbana,2.0,Público,Entre 200 y 500 empleados,Si,Presentación de servicios,38,Entre 1 y 3 SMLV,Administrativo,No,Entre 5 a 10,Entre 1 y 3 años,Presencial,Entre 2 y 3 horas,45.0,1.0,1.0,1.0,5.0,5.0,5.0,5.0,3.0,2.0,2.0,1.0,2.0,3.0,2.0,5.0,4.0,,4.0,5.0,5.0,5.0,3.0,3.0,3.0,2.0,2.0,3.0,2.0,3.0,2.0,,2.0,3.0,4.0,4.0,4.0,2.0,,,4.0,3.0,4.0,7.0,6.0,7.0,,4.0,4.0,4.0,4.0,4.0,5.0,,5.0,,5.0,5.0,,7.0,7.0,5.0,7.0,5.0,7.0,,5.0,5.0,5.0,4.0,4.0,3.0,3.0,3.0,3.0,3.0,3.0,3.0,4.0,4.0,4.0,4.0,4.0,4.0,4.0,5.0,4.0,,4.0,4.0,5.0,3.0,1.0,0,1.0,5.0,2.143,4.5,4.75,3.0,2.25,2.5,3.571,6.667,4.0,5.0,5.8,3.3,4.0,4.143
113,57,Mujer,Separado,Sin hijos,Tecnológico,Urbana,4.0,Público,Entre 50 y 200 empleados,No,Presentación de servicios,39,Entre 1 y 3 SMLV,Administrativo,Si,Más de 25,Entre 1 y 3 años,Presencial,Entre 1 y 2 horas,16.0,2.0,2.0,3.0,2.0,2.0,1.0,2.0,1.0,3.0,3.0,2.0,2.0,3.0,3.0,3.0,3.0,3.0,4.0,5.0,5.0,5.0,2.0,2.0,3.0,2.0,2.0,2.0,2.0,3.0,3.0,2.0,2.0,2.0,5.0,,5.0,4.0,5.0,6.0,5.0,6.0,4.0,1.0,2.0,,2.0,1.0,1.0,1.0,3.0,2.0,3.0,3.0,3.0,2.0,3.0,4.0,4.0,1.0,1.0,4.0,2.0,1.0,1.0,,,2.0,2.0,,7.0,6.0,6.0,7.0,6.0,6.0,6.0,5.0,6.0,3.0,1.0,1.0,2.0,3.0,3.0,4.0,3.0,1.0,2.0,2.0,2.0,3.0,7.0,0,2.333,1.75,2.429,3.0,4.75,2.333,2.0,2.4,5.0,1.667,1.6,2.8,2.2,6.111,2.0,2.5
114,58,Mujer,Unión libre,2,Técnico,Urbana,5.0,Público,Entre 50 y 200 empleados,No,Libre nombramiento y remocion,43,Entre 3 y 5 SMLV,Operativo,No,Entre 20 a 25,Entre 1 y 3 años,Presencial,Menos de 1 hora,7.0,2.0,3.0,3.0,4.0,3.0,3.0,,,,3.0,4.0,5.0,3.0,4.0,5.0,5.0,4.0,5.0,5.0,5.0,5.0,3.0,3.0,4.0,,4.0,3.0,4.0,4.0,3.0,3.0,5.0,4.0,7.0,6.0,,7.0,6.0,,7.0,6.0,6.0,3.0,,2.0,1.0,2.0,1.0,1.0,1.0,1.0,4.0,4.0,4.0,4.0,5.0,4.0,1.0,1.0,2.0,1.0,1.0,1.0,1.0,1.0,1.0,1.0,1.0,6.0,7.0,7.0,7.0,7.0,7.0,7.0,7.0,7.0,6.0,,3.0,2.0,1.0,2.0,3.0,1.0,4.0,2.0,3.0,3.0,2.0,2.0,5.0,0,2.667,3.333,3.8,4.667,5.0,3.333,3.667,3.8,6.429,2.0,1.2,4.2,1.333,6.8,2.0,2.5
115,47,Hombre,Casado,1,Posgrado,Urbana,2.0,Público,Entre 200 y 500 empleados,Si,Carrera,40,Entre 1 y 3 SMLV,Operativo,Si,Entre 1 a 5,Entre 1 y 3 años,Presencial,Menos de 1 hora,1.0,3.0,3.0,3.0,3.0,4.0,3.0,4.0,3.0,2.0,3.0,3.0,3.0,3.0,3.0,5.0,5.0,4.0,4.0,5.0,4.0,5.0,3.0,2.0,3.0,2.0,2.0,3.0,3.0,3.0,3.0,3.0,4.0,,5.0,5.0,4.0,4.0,5.0,5.0,4.0,4.0,4.0,5.0,5.0,5.0,6.0,2.0,3.0,3.0,3.0,3.0,4.0,5.0,4.0,5.0,4.0,4.0,5.0,4.0,5.0,5.0,,4.0,4.0,4.0,4.0,5.0,5.0,6.0,,6.0,5.0,5.0,5.0,6.0,6.0,5.0,6.0,3.0,2.0,3.0,2.0,2.0,4.0,4.0,5.0,4.0,4.0,5.0,,4.0,3.0,0,3.0,3.5,2.857,4.667,4.5,2.667,2.5,3.25,4.444,5.25,2.8,4.4,4.455,5.556,2.4,4.286
116,40,Hombre,Unión libre,Sin hijos,Posgrado,Urbana,2.0,Público,Entre 200 y 500 empleados,No,Carrera,30,Entre 1 y 3 SMLV,Administrativo,No,Entre 1 a 5,Menos de 1 año,Presencial,Entre 1 y 2 horas,14.0,4.0,5.0,4.0,2.0,,2.0,1.0,,5.0,,4.0,4.0,4.0,4.0,3.0,3.0,2.0,5.0,5.0,5.0,4.0,2.0,2.0,2.0,3.0,3.0,4.0,4.0,4.0,5.0,5.0,,4.0,6.0,7.0,7.0,7.0,6.0,7.0,7.0,6.0,6.0,2.0,3.0,3.0,2.0,1.0,1.0,,1.0,1.0,2.0,3.0,2.0,2.0,3.0,1.0,2.0,2.0,2.0,2.0,2.0,2.0,4.0,2.0,2.0,1.0,1.0,7.0,5.0,6.0,7.0,5.0,7.0,6.0,5.0,6.0,6.0,3.0,3.0,2.0,3.0,2.0,1.0,1.0,1.0,1.0,1.0,1.0,2.0,1.0,6.0,0,4.333,1.667,4.2,2.667,4.75,2.0,3.5,4.5,6.556,2.5,1.0,2.4,1.917,6.0,2.6,1.125
118,55,Mujer,Casado,3,Posgrado,Urbana,2.0,Mixto,Entre 200 y 500 empleados,Si,Presentación de servicios,45,Entre 1 y 3 SMLV,Operativo,No,Entre 10 a 15,Entre 3 y 7 años,Presencial,Entre 1 y 2 horas,40.0,,3.0,4.0,1.0,2.0,2.0,1.0,4.0,,3.0,3.0,4.0,4.0,4.0,5.0,5.0,4.0,5.0,4.0,5.0,4.0,3.0,2.0,2.0,,4.0,4.0,4.0,,2.0,2.0,2.0,2.0,4.0,5.0,6.0,5.0,5.0,6.0,,,5.0,4.0,,,5.0,2.0,3.0,2.0,3.0,2.0,2.0,1.0,2.0,2.0,2.0,4.0,4.0,2.0,2.0,2.0,4.0,2.0,2.0,2.0,4.0,4.0,4.0,,5.0,6.0,6.0,,5.0,6.0,6.0,6.0,6.0,2.0,2.0,3.0,2.0,3.0,1.0,1.0,3.0,3.0,1.0,1.0,2.0,2.0,4.0,0,3.5,1.5,3.667,4.667,4.5,2.333,4.0,2.0,5.143,4.5,2.4,1.8,3.0,5.75,2.4,1.75
119,45,Hombre,Viudo,1,Profesional,Urbana,4.0,Mixto,Entre 50 y 200 empleados,No,Otro,48,Entre 3 y 5 SMLV,Operativo,Si,Entre 10 a 15,Entre 3 y 7 años,Presencial,Menos de 1 hora,82.625,1.0,2.0,2.0,5.0,4.0,4.0,,4.0,3.0,3.0,3.0,4.0,4.0,4.0,4.0,4.0,4.0,4.0,,5.0,5.0,4.0,,5.0,5.0,4.0,,4.0,4.0,3.0,3.0,3.0,,3.0,3.0,3.0,4.0,4.0,3.0,3.0,3.0,3.0,6.0,7.0,5.0,7.0,2.0,3.0,,2.0,3.0,5.0,,5.0,5.0,5.0,1.0,2.0,4.0,5.0,5.0,4.0,4.0,2.0,,4.0,4.0,4.0,3.0,4.0,3.0,3.0,4.0,3.0,2.0,4.0,4.0,2.0,5.0,5.0,6.0,5.0,5.0,4.0,4.0,5.0,4.0,,4.0,,,2.0,1,1.667,4.333,3.571,4.0,4.667,4.5,4.333,3.25,3.222,6.25,2.5,5.0,3.545,3.2,5.2,4.2
120,65,Hombre,Soltero,3,Posgrado,Urbana,4.0,Público,Más de 500 empleados,No,Provisionalidad,45,Entre 1 y 3 SMLV,Administrativo,No,Entre 1 a 5,Entre 1 y 3 años,Presencial,Menos de 1 hora,16.0,1.0,1.0,2.0,4.0,4.0,4.0,4.0,4.0,4.0,3.0,3.0,3.0,3.0,,,4.0,4.0,5.0,5.0,5.0,5.0,2.0,,3.0,3.0,2.0,3.0,3.0,4.0,4.0,4.0,3.0,,3.0,3.0,3.0,3.0,4.0,4.0,4.0,3.0,4.0,6.0,,,6.0,3.0,2.0,1.0,3.0,3.0,3.0,4.0,4.0,3.0,3.0,5.0,5.0,5.0,4.0,5.0,5.0,5.0,5.0,5.0,7.0,,,4.0,3.0,3.0,,3.0,4.0,2.0,4.0,3.0,4.0,5.0,6.0,5.0,5.0,6.0,6.0,6.0,5.0,5.0,,6.0,6.0,7.0,2.0,0,1.333,4.0,3.333,4.0,5.0,2.5,2.75,3.75,3.444,6.0,2.4,3.4,5.1,3.333,5.4,5.857
122,41,Mujer,Unión libre,2,Posgrado,Rural,3.0,Público,Entre 200 y 500 empleados,No,Carrera,43,Entre 3 y 5 SMLV,Administrativo,Si,Entre 10 a 15,Entre 1 y 3 años,Presencial,Menos de 1 hora,82.0,5.0,5.0,5.0,2.0,2.0,2.0,2.0,4.0,4.0,5.0,,3.0,5.0,4.0,5.0,4.0,4.0,,3.0,4.0,3.0,2.0,2.0,3.0,4.0,4.0,4.0,3.0,3.0,4.0,4.0,3.0,3.0,6.0,7.0,7.0,6.0,6.0,7.0,6.0,7.0,7.0,4.0,3.0,3.0,3.0,5.0,4.0,2.0,3.0,3.0,3.0,3.0,3.0,3.0,4.0,2.0,1.0,1.0,2.0,4.0,4.0,2.0,1.0,2.0,2.0,1.0,1.0,7.0,7.0,7.0,6.0,7.0,6.0,7.0,6.0,7.0,7.0,2.0,2.0,3.0,1.0,2.0,3.0,2.0,4.0,2.0,2.0,,4.0,2.0,4.0,0,5.0,2.0,4.167,4.333,3.333,2.333,3.75,3.4,6.556,3.25,3.4,3.2,1.917,6.7,2.0,2.714
123,40,Mujer,Soltero,Sin hijos,Tecnológico,Urbana,4.0,Público,Más de 500 empleados,No,Provisionalidad,40,Entre 1 y 3 SMLV,Administrativo,No,Entre 1 a 5,Más de 10 años,Presencial,Menos de 1 hora,4.0,3.0,2.0,3.0,3.0,2.0,3.0,2.0,,3.0,4.0,3.0,3.0,4.0,3.0,3.0,4.0,3.0,3.0,4.0,4.0,5.0,2.0,2.0,2.0,5.0,5.0,5.0,4.0,5.0,5.0,4.0,4.0,,7.0,6.0,7.0,6.0,6.0,,5.0,7.0,6.0,1.0,1.0,2.0,2.0,1.0,2.0,1.0,1.0,2.0,2.0,1.0,2.0,1.0,1.0,1.0,1.0,1.0,1.0,1.0,1.0,2.0,1.0,1.0,1.0,2.0,2.0,6.0,6.0,,6.0,6.0,7.0,6.0,7.0,6.0,6.0,2.0,2.0,2.0,,2.0,2.0,2.0,1.0,1.0,1.0,1.0,2.0,2.0,7.0,0,2.667,2.5,3.333,3.333,4.0,2.0,4.75,4.5,6.25,1.5,1.4,1.4,1.25,6.222,2.0,1.5
126,47,Mujer,Soltero,Sin hijos,Profesional,Rural,4.0,Público,Entre 200 y 500 empleados,No,Carrera,42,Entre 1 y 3 SMLV,Administrativo,No,Más de 25,Entre 1 y 3 años,Presencial,Menos de 1 hora,17.0,5.0,4.0,4.0,2.0,2.0,1.0,,4.0,4.0,4.0,3.0,,4.0,4.0,5.0,4.0,4.0,5.0,5.0,5.0,5.0,2.0,1.0,2.0,3.0,4.0,3.0,3.0,2.0,3.0,3.0,2.0,3.0,7.0,7.0,7.0,6.0,7.0,7.0,6.0,7.0,7.0,1.0,,,2.0,3.0,2.0,3.0,2.0,2.0,4.0,,2.0,3.0,3.0,1.0,1.0,1.0,1.0,2.0,1.0,1.0,1.0,1.0,1.0,2.0,1.0,7.0,7.0,7.0,6.0,7.0,7.0,7.0,7.0,7.0,7.0,1.0,2.0,2.0,1.0,2.0,2.0,,2.0,1.0,1.0,1.0,2.0,1.0,7.0,0,4.333,1.667,3.833,4.333,5.0,1.667,3.25,2.6,6.778,1.5,2.4,3.0,1.167,6.9,1.6,1.429
127,30,Hombre,Casado,2,Posgrado,Urbana,4.0,Público,Entre 50 y 200 empleados,No,Otro,55,Entre 1 y 3 SMLV,Operativo,Si,Entre 10 a 15,Entre 1 y 3 años,Híbrido,Entre 2 y 3 horas,20.0,2.0,1.0,2.0,3.0,3.0,4.0,3.0,3.0,2.0,2.0,1.0,2.0,2.0,1.0,5.0,5.0,5.0,4.0,4.0,5.0,4.0,3.0,2.0,2.0,1.0,3.0,3.0,2.0,3.0,3.0,2.0,2.0,3.0,4.0,4.0,4.0,5.0,5.0,4.0,5.0,,4.0,4.0,5.0,4.0,,5.0,4.0,4.0,5.0,4.0,5.0,,4.0,4.0,5.0,4.0,5.0,5.0,4.0,,5.0,5.0,5.0,5.0,4.0,2.0,5.0,3.0,4.0,4.0,3.0,3.0,4.0,3.0,4.0,3.0,4.0,3.0,3.0,4.0,3.0,4.0,4.0,5.0,5.0,4.0,6.0,5.0,4.0,6.0,4.0,0,1.667,3.25,1.857,5.0,4.25,2.333,2.25,2.6,4.375,4.333,4.4,4.5,4.455,3.5,3.4,4.875
128,65,Hombre,Unión libre,1,Posgrado,Urbana,2.0,Público,Entre 50 y 200 empleados,No,Presentación de servicios,49,Entre 1 y 3 SMLV,Operativo,No,Más de 25,Entre 3 y 7 años,Presencial,Menos de 1 hora,0.0,5.0,5.0,5.0,1.0,2.0,2.0,1.0,4.0,4.0,4.0,4.0,,4.0,4.0,3.0,3.0,3.0,,5.0,4.0,5.0,2.0,2.0,3.0,4.0,3.0,4.0,5.0,5.0,4.0,5.0,5.0,,7.0,7.0,7.0,7.0,6.0,6.0,7.0,6.0,7.0,1.0,2.0,1.0,2.0,2.0,1.0,2.0,2.0,1.0,1.0,1.0,1.0,2.0,1.0,2.0,2.0,2.0,1.0,1.0,2.0,1.0,4.0,2.0,1.0,2.0,2.0,,5.0,6.0,5.0,,5.0,6.0,6.0,4.0,6.0,3.0,3.0,2.0,1.0,3.0,1.0,1.0,1.0,1.0,1.0,2.0,1.0,1.0,7.0,0,5.0,1.5,4.0,3.0,4.667,2.333,4.0,4.75,6.667,1.5,1.6,1.2,1.833,5.375,2.4,1.125
129,56,Mujer,Casado,Sin hijos,Posgrado,Rural,4.0,Público,Entre 200 y 500 empleados,No,Otro,42,Entre 1 y 3 SMLV,Directivo,No,Entre 10 a 15,Menos de 1 año,Presencial,Menos de 1 hora,15.0,5.0,5.0,5.0,1.0,2.0,2.0,2.0,3.0,3.0,3.0,4.0,3.0,4.0,4.0,4.0,5.0,5.0,5.0,5.0,4.0,5.0,1.0,2.0,2.0,2.0,3.0,3.0,3.0,2.0,2.0,2.0,2.0,1.0,6.0,6.0,6.0,5.0,6.0,,5.0,6.0,,3.0,3.0,3.0,2.0,1.0,3.0,3.0,,2.0,2.0,,2.0,2.0,2.0,1.0,2.0,2.0,1.0,2.0,,4.0,2.0,2.0,2.0,2.0,4.0,7.0,6.0,6.0,,7.0,6.0,7.0,7.0,7.0,6.0,3.0,2.0,4.0,,2.0,3.0,3.0,4.0,4.0,3.0,3.0,4.0,4.0,5.0,0,5.0,1.75,3.429,4.667,4.75,1.667,2.75,1.8,5.714,2.75,2.25,2.0,2.182,6.556,2.75,3.5
130,46,Mujer,Casado,3,Profesional,Urbana,4.0,Público,Entre 200 y 500 empleados,No,Carrera,59,Entre 1 y 3 SMLV,Administrativo,No,Entre 20 a 25,Entre 1 y 3 años,Presencial,Entre 2 y 3 horas,49.0,5.0,5.0,5.0,2.0,1.0,1.0,2.0,4.0,3.0,4.0,4.0,4.0,2.0,4.0,3.0,3.0,3.0,4.0,4.0,5.0,5.0,4.0,3.0,3.0,4.0,4.0,5.0,4.0,3.0,2.0,2.0,2.0,2.0,6.0,6.0,7.0,7.0,7.0,7.0,7.0,7.0,6.0,,2.0,1.0,1.0,,,1.0,1.0,2.0,1.0,1.0,1.0,2.0,1.0,2.0,1.0,1.0,1.0,2.0,1.0,2.0,1.0,,1.0,,1.0,6.0,7.0,6.0,7.0,6.0,6.0,7.0,7.0,7.0,7.0,1.0,1.0,3.0,,1.0,3.0,3.0,3.0,4.0,4.0,3.0,3.0,4.0,,1,5.0,1.5,3.571,3.0,4.5,3.333,4.25,2.2,6.667,1.333,1.333,1.2,1.3,6.6,1.5,3.375
131,42,Mujer,Casado,1,Tecnológico,Urbana,3.0,Público,Entre 50 y 200 empleados,No,Provisionalidad,39,Entre 1 y 3 SMLV,Operativo,Si,Entre 10 a 15,Más de 10 años,Presencial,Menos de 1 hora,56.0,4.0,4.0,5.0,1.0,2.0,2.0,1.0,3.0,4.0,4.0,3.0,3.0,4.0,4.0,5.0,4.0,4.0,,5.0,5.0,5.0,,1.0,1.0,4.0,4.0,4.0,4.0,3.0,4.0,3.0,4.0,5.0,6.0,5.0,6.0,7.0,6.0,7.0,6.0,,,1.0,2.0,1.0,4.0,,3.0,1.0,2.0,2.0,2.0,3.0,2.0,2.0,3.0,1.0,1.0,2.0,1.0,2.0,,1.0,1.0,1.0,1.0,2.0,2.0,4.0,6.0,5.0,5.0,6.0,4.0,5.0,7.0,6.0,5.0,3.0,2.0,3.0,3.0,2.0,2.0,1.0,1.0,1.0,2.0,2.0,2.0,1.0,7.0,0,4.333,1.5,3.571,4.333,5.0,1.0,4.0,3.8,6.143,2.0,2.0,2.4,1.364,5.3,2.6,1.5
132,41,Hombre,Unión libre,1,Técnico,Rural,4.0,Público,Entre 50 y 200 empleados,Si,Provisionalidad,42,Entre 1 y 3 SMLV,Administrativo,No,Entre 1 a 5,Entre 3 y 7 años,Presencial,Entre 1 y 2 horas,4.0,3.0,3.0,3.0,3.0,3.0,3.0,3.0,4.0,,4.0,4.0,4.0,5.0,4.0,4.0,4.0,4.0,4.0,,5.0,5.0,,3.0,2.0,5.0,4.0,5.0,4.0,4.0,3.0,3.0,2.0,2.0,6.0,6.0,7.0,6.0,7.0,7.0,7.0,7.0,6.0,1.0,1.0,2.0,,3.0,4.0,5.0,4.0,3.0,,4.0,3.0,2.0,4.0,2.0,2.0,,1.0,2.0,2.0,2.0,2.0,1.0,2.0,1.0,2.0,6.0,,6.0,,6.0,6.0,7.0,7.0,7.0,6.0,2.0,2.0,1.0,1.0,1.0,1.0,3.0,2.0,3.0,1.0,1.0,1.0,2.0,7.0,0,3.0,3.0,4.167,4.0,4.667,2.5,4.5,2.8,6.556,1.333,3.8,3.25,1.727,6.375,1.4,1.75
133,51,Hombre,Soltero,Sin hijos,Posgrado,Urbana,3.0,Público,Entre 200 y 500 empleados,No,Carrera,41,Entre 1 y 3 SMLV,Operativo,No,Entre 15 a 20,Menos de 1 año,Presencial,Entre 1 y 2 horas,13.0,4.0,4.0,4.0,2.0,1.0,1.0,1.0,3.0,2.0,2.0,2.0,2.0,3.0,,4.0,3.0,3.0,5.0,5.0,4.0,5.0,1.0,2.0,2.0,2.0,,3.0,2.0,3.0,4.0,4.0,3.0,4.0,,5.0,5.0,6.0,5.0,6.0,7.0,6.0,5.0,3.0,3.0,2.0,2.0,1.0,1.0,1.0,1.0,1.0,1.0,2.0,2.0,3.0,1.0,2.0,2.0,2.0,4.0,2.0,4.0,4.0,2.0,2.0,4.0,4.0,,5.0,5.0,5.0,5.0,5.0,4.0,5.0,5.0,5.0,4.0,4.0,4.0,3.0,5.0,4.0,4.0,5.0,4.0,3.0,4.0,4.0,4.0,,5.0,0,4.0,1.25,2.333,3.333,4.75,1.667,2.333,3.6,5.625,2.5,1.0,1.8,2.909,4.8,4.0,4.0
134,38,Hombre,Soltero,Sin hijos,Profesional,Urbana,2.0,Público,Entre 50 y 200 empleados,No,Libre nombramiento y remocion,59,Entre 1 y 3 SMLV,Administrativo,Si,Entre 20 a 25,Entre 1 y 3 años,Presencial,Menos de 1 hora,5.0,4.0,3.0,4.0,3.0,,4.0,4.0,2.0,2.0,3.0,2.0,3.0,2.0,,,3.0,4.0,4.0,4.0,4.0,4.0,1.0,,2.0,3.0,,,2.0,2.0,,3.0,3.0,3.0,4.0,4.0,5.0,4.0,5.0,5.0,4.0,4.0,4.0,4.0,5.0,5.0,5.0,2.0,2.0,3.0,3.0,2.0,3.0,3.0,4.0,3.0,5.0,4.0,4.0,,4.0,2.0,5.0,5.0,4.0,2.0,4.0,5.0,,5.0,5.0,5.0,5.0,6.0,4.0,5.0,4.0,5.0,4.0,3.0,5.0,4.0,3.0,4.0,4.0,3.0,4.0,3.0,3.0,2.0,3.0,3.0,4.0,1,3.667,3.667,2.333,3.5,4.0,1.5,2.5,2.75,4.333,4.75,2.4,3.6,3.9,4.8,3.8,3.125
135,44,Mujer,Soltero,3,Posgrado,Urbana,5.0,Público,Más de 500 empleados,No,Otro,40,Entre 1 y 3 SMLV,Administrativo,No,Entre 1 a 5,Más de 10 años,Presencial,Menos de 1 hora,16.0,3.0,2.0,3.0,,4.0,4.0,3.0,4.0,4.0,4.0,5.0,3.0,3.0,4.0,3.0,4.0,5.0,5.0,,5.0,4.0,3.0,5.0,3.0,3.0,3.0,3.0,3.0,4.0,4.0,4.0,4.0,4.0,7.0,7.0,7.0,7.0,5.0,6.0,7.0,6.0,6.0,2.0,3.0,2.0,2.0,3.0,2.0,3.0,,2.0,6.0,6.0,6.0,6.0,6.0,2.0,4.0,4.0,2.0,4.0,2.0,4.0,2.0,2.0,4.0,2.0,4.0,7.0,6.0,6.0,6.0,6.0,7.0,5.0,6.0,6.0,6.0,1.0,2.0,1.0,1.0,,3.0,3.0,3.0,4.0,,2.0,3.0,3.0,6.0,0,2.667,3.667,3.857,4.0,4.667,3.667,3.0,4.0,6.444,2.25,2.5,6.0,3.0,6.1,1.25,3.0
138,50,Mujer,Soltero,Sin hijos,Bachiller,Urbana,2.0,Mixto,Entre 200 y 500 empleados,No,Otro,44,Entre 1 y 3 SMLV,Administrativo,No,Entre 15 a 20,Entre 1 y 3 años,Presencial,Entre 1 y 2 horas,14.0,3.0,3.0,3.0,4.0,5.0,4.0,4.0,2.0,2.0,2.0,3.0,1.0,2.0,,5.0,4.0,5.0,4.0,4.0,5.0,5.0,,3.0,2.0,3.0,4.0,3.0,3.0,2.0,2.0,2.0,,2.0,5.0,5.0,4.0,4.0,5.0,4.0,5.0,4.0,5.0,5.0,6.0,4.0,6.0,4.0,3.0,3.0,3.0,3.0,5.0,5.0,5.0,4.0,4.0,4.0,4.0,2.0,2.0,4.0,,2.0,,2.0,4.0,4.0,,7.0,7.0,,,7.0,6.0,6.0,7.0,6.0,6.0,5.0,,3.0,4.0,5.0,4.0,6.0,,4.0,4.0,4.0,6.0,6.0,3.0,0,3.0,4.25,2.0,4.667,4.5,2.5,3.25,2.0,4.556,5.25,3.2,4.6,3.111,6.5,4.25,4.857
139,49,Mujer,Soltero,3,Profesional,Urbana,3.0,Público,Entre 50 y 200 empleados,No,Otro,41,Entre 1 y 3 SMLV,Operativo,Si,Entre 20 a 25,Entre 1 y 3 años,Presencial,Entre 2 y 3 horas,13.0,3.0,3.0,2.0,5.0,5.0,5.0,5.0,3.0,4.0,4.0,5.0,4.0,4.0,3.0,4.0,3.0,4.0,5.0,5.0,5.0,5.0,4.0,4.0,3.0,4.0,3.0,4.0,3.0,3.0,4.0,3.0,3.0,3.0,5.0,6.0,5.0,5.0,5.0,5.0,6.0,,5.0,4.0,4.0,5.0,5.0,2.0,2.0,2.0,1.0,2.0,3.0,3.0,4.0,3.0,3.0,4.0,2.0,4.0,2.0,2.0,5.0,4.0,5.0,4.0,5.0,4.0,4.0,,5.0,,6.0,,5.0,6.0,5.0,5.0,5.0,3.0,2.0,3.0,2.0,4.0,2.0,3.0,,3.0,2.0,2.0,4.0,3.0,4.0,0,2.667,5.0,3.857,3.667,5.0,3.667,3.5,3.2,5.25,4.5,1.8,3.2,3.75,5.286,2.8,2.714
140,40,Mujer,Unión libre,3,Posgrado,Urbana,4.0,Público,Más de 500 empleados,No,Otro,42,Entre 1 y 3 SMLV,Administrativo,No,Entre 15 a 20,Entre 3 y 7 años,Presencial,Menos de 1 hora,11.0,2.0,3.0,2.0,3.0,3.0,3.0,4.0,2.0,3.0,3.0,2.0,,3.0,2.0,3.0,3.0,3.0,4.0,5.0,4.0,5.0,3.0,3.0,2.0,2.0,2.0,2.0,2.0,3.0,3.0,3.0,3.0,,3.0,5.0,4.0,5.0,4.0,4.0,4.0,5.0,4.0,3.0,3.0,4.0,4.0,3.0,2.0,2.0,3.0,2.0,,6.0,5.0,5.0,6.0,2.0,4.0,2.0,2.0,2.0,2.0,,2.0,4.0,4.0,2.0,4.0,,5.0,5.0,,6.0,4.0,5.0,5.0,4.0,4.0,1.0,4.0,2.0,2.0,2.0,5.0,4.0,4.0,4.0,3.0,4.0,5.0,4.0,5.0,0,2.333,3.25,2.5,3.0,4.5,2.667,2.0,3.0,4.222,3.5,2.4,5.5,2.727,4.75,2.2,4.125
141,55,Mujer,Casado,1,Posgrado,Urbana,5.0,Público,Entre 50 y 200 empleados,No,Presentación de servicios,45,Entre 1 y 3 SMLV,Administrativo,No,Entre 10 a 15,Entre 1 y 3 años,Presencial,Menos de 1 hora,75.0,,3.0,3.0,3.0,,4.0,4.0,3.0,2.0,3.0,4.0,3.0,2.0,2.0,3.0,3.0,3.0,5.0,5.0,5.0,5.0,3.0,3.0,4.0,3.0,2.0,2.0,2.0,3.0,,2.0,3.0,3.0,,5.0,5.0,5.0,4.0,,5.0,5.0,5.0,6.0,6.0,6.0,7.0,2.0,1.0,1.0,2.0,1.0,2.0,2.0,4.0,2.0,3.0,7.0,7.0,7.0,7.0,7.0,7.0,7.0,7.0,7.0,7.0,7.0,7.0,,3.0,4.0,4.0,4.0,3.0,3.0,3.0,3.0,3.0,6.0,6.0,6.0,5.0,5.0,4.0,3.0,,5.0,4.0,5.0,4.0,5.0,2.0,0,3.0,3.667,2.714,3.0,5.0,3.333,2.25,2.75,4.857,6.25,1.4,2.6,7.0,3.333,5.6,4.286
142,32,Hombre,Soltero,2,Técnico,Urbana,4.0,Mixto,Más de 500 empleados,Si,Presentación de servicios,38,Entre 1 y 3 SMLV,Administrativo,No,Entre 5 a 10,Entre 3 y 7 años,Presencial,Entre 1 y 2 horas,15.0,5.0,4.0,5.0,3.0,3.0,4.0,2.0,2.0,2.0,3.0,2.0,2.0,2.0,3.0,3.0,5.0,3.0,5.0,5.0,5.0,5.0,3.0,2.0,1.0,2.0,3.0,3.0,2.0,3.0,3.0,3.0,4.0,4.0,5.0,4.0,5.0,4.0,4.0,5.0,6.0,4.0,3.0,5.0,4.0,6.0,5.0,3.0,3.0,3.0,3.0,3.0,3.0,,4.0,4.0,4.0,4.0,2.0,2.0,2.0,4.0,2.0,2.0,4.0,1.0,2.0,4.0,2.0,5.0,6.0,5.0,5.0,5.0,5.0,5.0,5.0,5.0,5.0,4.0,5.0,5.0,4.0,4.0,4.0,,3.0,3.0,4.0,2.0,3.0,2.0,3.0,0,4.667,3.0,2.286,3.667,5.0,2.0,2.5,3.4,4.444,5.0,3.0,3.75,2.583,5.1,4.4,3.0
144,35,Hombre,Soltero,Sin hijos,Profesional,Urbana,2.0,Público,Entre 50 y 200 empleados,No,Presentación de servicios,50,Entre 1 y 3 SMLV,Administrativo,Si,Entre 1 a 5,Entre 1 y 3 años,Presencial,Entre 1 y 2 horas,82.625,4.0,4.0,,3.0,3.0,3.0,2.0,4.0,5.0,5.0,5.0,4.0,5.0,4.0,5.0,4.0,5.0,4.0,5.0,4.0,,3.0,2.0,3.0,,2.0,2.0,3.0,5.0,5.0,5.0,5.0,4.0,4.0,4.0,4.0,3.0,5.0,4.0,5.0,6.0,4.0,4.0,5.0,4.0,4.0,2.0,2.0,2.0,3.0,1.0,2.0,1.0,,1.0,1.0,2.0,2.0,,2.0,1.0,1.0,,2.0,1.0,2.0,1.0,2.0,6.0,,7.0,7.0,7.0,7.0,7.0,6.0,6.0,7.0,3.0,3.0,2.0,2.0,3.0,2.0,2.0,2.0,2.0,2.0,1.0,2.0,1.0,4.0,1,4.0,2.75,4.571,4.667,4.333,2.667,2.333,4.8,4.333,4.25,2.0,1.25,1.6,6.667,2.6,1.75
145,46,Mujer,Unión libre,1,Técnico,Urbana,4.0,Público,Entre 50 y 200 empleados,No,Presentación de servicios,42,Entre 1 y 3 SMLV,Operativo,No,Menos de 1 año,Entre 1 y 3 años,Presencial,Menos de 1 hora,1.0,4.0,5.0,5.0,2.0,2.0,3.0,2.0,4.0,5.0,4.0,3.0,3.0,4.0,4.0,4.0,4.0,3.0,4.0,5.0,5.0,4.0,1.0,2.0,2.0,4.0,3.0,4.0,4.0,2.0,2.0,1.0,2.0,1.0,4.0,,5.0,6.0,5.0,6.0,6.0,6.0,6.0,,3.0,1.0,2.0,1.0,2.0,,,2.0,,3.0,3.0,3.0,3.0,,1.0,4.0,4.0,1.0,2.0,1.0,,1.0,2.0,2.0,2.0,6.0,5.0,6.0,6.0,6.0,6.0,5.0,7.0,6.0,7.0,1.0,1.0,1.0,1.0,1.0,,1.0,2.0,2.0,1.0,2.0,2.0,3.0,,0,4.667,2.25,3.857,3.667,4.5,1.667,3.75,1.6,5.5,2.0,1.667,3.0,2.0,6.0,1.0,1.857
146,54,Mujer,Soltero,3,Tecnológico,Urbana,4.0,Mixto,Más de 500 empleados,No,Provisionalidad,50,Entre 1 y 3 SMLV,Administrativo,No,Entre 1 a 5,Entre 3 y 7 años,Presencial,Entre 2 y 3 horas,9.0,1.0,,3.0,3.0,5.0,4.0,4.0,2.0,,2.0,1.0,1.0,2.0,1.0,2.0,1.0,,5.0,4.0,,4.0,4.0,,4.0,3.0,3.0,3.0,3.0,,4.0,3.0,2.0,2.0,1.0,3.0,1.0,2.0,2.0,4.0,1.0,2.0,2.0,6.0,6.0,,6.0,1.0,1.0,1.0,1.0,2.0,6.0,5.0,6.0,5.0,4.0,7.0,7.0,5.0,7.0,7.0,5.0,,5.0,7.0,5.0,7.0,7.0,3.0,3.0,3.0,3.0,3.0,3.0,3.0,4.0,3.0,3.0,6.0,7.0,6.0,6.0,6.0,6.0,,5.0,4.0,5.0,6.0,5.0,4.0,2.0,0,2.0,4.0,1.5,1.5,4.333,4.0,3.0,2.75,2.0,6.0,1.2,5.2,6.273,3.1,6.2,5.0
147,43,Hombre,Soltero,Sin hijos,Técnico,Rural,4.0,Público,Entre 200 y 500 empleados,No,Otro,37,Entre 1 y 3 SMLV,Administrativo,No,Entre 1 a 5,Entre 1 y 3 años,Presencial,Entre 1 y 2 horas,12.0,3.0,2.0,2.0,3.0,3.0,3.0,3.0,3.0,3.0,2.0,3.0,3.0,3.0,3.0,,4.0,3.0,4.0,4.0,4.0,5.0,2.0,,,3.0,2.0,3.0,3.0,3.0,2.0,3.0,2.0,3.0,4.0,4.0,4.0,3.0,3.0,3.0,4.0,3.0,4.0,7.0,6.0,6.0,,1.0,1.0,1.0,1.0,,4.0,,2.0,3.0,3.0,4.0,5.0,7.0,5.0,5.0,5.0,5.0,5.0,5.0,5.0,5.0,5.0,3.0,2.0,4.0,,3.0,3.0,3.0,3.0,3.0,3.0,5.0,6.0,5.0,5.0,4.0,6.0,7.0,7.0,7.0,7.0,7.0,7.0,7.0,1.0,0,2.333,3.0,2.857,3.5,4.25,2.0,2.75,2.6,3.556,6.333,1.0,3.0,5.083,3.0,5.0,6.875
148,35,Hombre,Casado,1,Posgrado,Urbana,2.0,Público,Entre 200 y 500 empleados,No,Otro,51,Entre 1 y 3 SMLV,Directivo,No,Entre 1 a 5,Entre 1 y 3 años,Presencial,Entre 1 y 2 horas,42.0,4.0,,4.0,3.0,4.0,3.0,3.0,2.0,2.0,,2.0,2.0,,1.0,3.0,3.0,3.0,3.0,4.0,5.0,4.0,3.0,3.0,3.0,2.0,2.0,4.0,3.0,1.0,2.0,2.0,2.0,2.0,6.0,6.0,6.0,6.0,6.0,6.0,6.0,6.0,6.0,3.0,3.0,3.0,2.0,4.0,4.0,3.0,,4.0,3.0,3.0,4.0,4.0,5.0,1.0,1.0,,1.0,2.0,2.0,1.0,2.0,,1.0,1.0,2.0,7.0,6.0,7.0,6.0,7.0,7.0,6.0,7.0,7.0,7.0,4.0,3.0,4.0,5.0,4.0,1.0,1.0,1.0,2.0,2.0,1.0,,1.0,5.0,0,4.0,3.25,1.8,3.0,4.0,3.0,2.75,1.8,6.0,2.75,3.75,3.8,1.4,6.7,4.0,1.286
149,51,Hombre,Casado,2,Profesional,Urbana,3.0,Público,Más de 500 empleados,No,Libre nombramiento y remocion,41,Entre 1 y 3 SMLV,Administrativo,No,Entre 1 a 5,Entre 1 y 3 años,Presencial,Menos de 1 hora,16.0,1.0,1.0,1.0,4.0,4.0,4.0,5.0,3.0,3.0,4.0,3.0,2.0,3.0,3.0,3.0,3.0,4.0,5.0,5.0,5.0,5.0,3.0,3.0,2.0,3.0,4.0,,3.0,2.0,2.0,3.0,2.0,3.0,,3.0,5.0,,4.0,4.0,4.0,4.0,4.0,,5.0,4.0,4.0,2.0,3.0,3.0,,4.0,3.0,3.0,4.0,3.0,3.0,4.0,4.0,5.0,4.0,5.0,4.0,4.0,5.0,4.0,,4.0,5.0,4.0,3.0,4.0,3.0,4.0,3.0,4.0,3.0,3.0,4.0,7.0,6.0,6.0,6.0,6.0,6.0,,6.0,6.0,7.0,6.0,7.0,6.0,,0,1.0,4.25,3.0,3.333,5.0,2.667,3.333,2.4,4.0,4.333,3.0,3.2,4.364,3.5,6.2,6.286
150,30,Mujer,Casado,1,Posgrado,Urbana,4.0,Público,Entre 200 y 500 empleados,No,Otro,41,Entre 1 y 3 SMLV,Administrativo,No,Entre 10 a 15,Entre 1 y 3 años,Presencial,Entre 1 y 2 horas,6.0,2.0,3.0,,4.0,3.0,3.0,3.0,4.0,3.0,4.0,3.0,3.0,3.0,3.0,5.0,4.0,4.0,4.0,4.0,4.0,3.0,4.0,3.0,3.0,4.0,4.0,4.0,3.0,2.0,3.0,2.0,2.0,3.0,4.0,5.0,5.0,5.0,4.0,4.0,4.0,5.0,4.0,4.0,4.0,4.0,4.0,,4.0,3.0,3.0,4.0,6.0,7.0,,5.0,6.0,2.0,2.0,1.0,1.0,1.0,1.0,1.0,1.0,2.0,1.0,2.0,1.0,6.0,5.0,4.0,6.0,6.0,5.0,5.0,5.0,5.0,5.0,3.0,5.0,5.0,4.0,4.0,1.0,1.0,1.0,1.0,3.0,2.0,2.0,1.0,4.0,0,2.5,3.25,3.286,4.333,3.75,3.333,3.75,2.4,4.444,4.0,3.5,6.0,1.333,5.2,4.2,1.5
151,43,Mujer,Soltero,2,Profesional,Urbana,4.0,Mixto,Más de 500 empleados,No,Presentación de servicios,35,Entre 1 y 3 SMLV,Administrativo,No,Entre 10 a 15,Entre 1 y 3 años,Presencial,Menos de 1 hora,14.0,2.0,2.0,1.0,4.0,4.0,5.0,4.0,2.0,3.0,2.0,3.0,2.0,3.0,3.0,3.0,3.0,2.0,4.0,5.0,4.0,4.0,,,2.0,2.0,2.0,2.0,2.0,4.0,3.0,3.0,4.0,4.0,4.0,4.0,5.0,4.0,3.0,4.0,,4.0,5.0,4.0,4.0,4.0,4.0,3.0,2.0,2.0,3.0,2.0,3.0,5.0,4.0,4.0,,4.0,4.0,4.0,4.0,4.0,4.0,4.0,4.0,2.0,4.0,4.0,2.0,5.0,4.0,4.0,3.0,5.0,4.0,4.0,4.0,3.0,4.0,3.0,3.0,3.0,3.0,3.0,3.0,3.0,2.0,3.0,2.0,3.0,3.0,2.0,4.0,0,1.667,4.25,2.571,2.667,4.25,2.0,2.0,3.6,4.125,4.0,2.4,4.0,3.667,4.0,3.0,2.625
153,33,Mujer,Casado,1,Profesional,Urbana,3.0,Público,Entre 200 y 500 empleados,Si,Presentación de servicios,32,Entre 3 y 5 SMLV,Operativo,No,Entre 10 a 15,Menos de 1 año,Híbrido,Menos de 1 hora,14.0,1.0,1.0,1.0,5.0,5.0,4.0,,2.0,1.0,2.0,2.0,2.0,1.0,2.0,5.0,4.0,4.0,4.0,4.0,5.0,5.0,3.0,3.0,2.0,,1.0,2.0,3.0,1.0,2.0,1.0,,,4.0,5.0,5.0,4.0,4.0,4.0,4.0,4.0,4.0,6.0,7.0,,7.0,2.0,1.0,2.0,2.0,1.0,7.0,6.0,,7.0,6.0,5.0,5.0,5.0,5.0,5.0,5.0,5.0,4.0,4.0,5.0,4.0,5.0,3.0,2.0,3.0,4.0,2.0,3.0,3.0,3.0,2.0,4.0,4.0,4.0,4.0,4.0,3.0,5.0,6.0,5.0,5.0,6.0,4.0,6.0,6.0,2.0,0,1.0,4.667,1.714,4.333,4.5,2.667,2.0,1.333,4.222,6.667,1.6,6.5,4.75,2.9,3.8,5.375
154,21,Hombre,Unión libre,2,Posgrado,Rural,5.0,Mixto,Entre 200 y 500 empleados,No,Carrera,43,Entre 1 y 3 SMLV,Administrativo,No,Entre 5 a 10,Entre 1 y 3 años,Presencial,Entre 1 y 2 horas,42.0,2.0,2.0,,3.0,4.0,,5.0,2.0,3.0,4.0,3.0,3.0,3.0,2.0,3.0,3.0,3.0,4.0,5.0,4.0,,3.0,3.0,3.0,3.0,4.0,2.0,3.0,3.0,3.0,3.0,2.0,3.0,5.0,5.0,5.0,6.0,5.0,4.0,,5.0,4.0,3.0,4.0,4.0,4.0,3.0,5.0,4.0,4.0,4.0,,4.0,4.0,4.0,4.0,4.0,4.0,4.0,4.0,4.0,1.0,4.0,4.0,4.0,2.0,2.0,4.0,4.0,5.0,4.0,5.0,5.0,5.0,4.0,5.0,5.0,5.0,4.0,4.0,3.0,3.0,3.0,3.0,4.0,4.0,4.0,3.0,4.0,4.0,4.0,5.0,0,2.0,4.0,2.857,3.0,4.333,3.0,3.0,2.8,4.875,3.75,4.0,4.0,3.417,4.7,3.4,3.75
155,53,Mujer,Casado,Sin hijos,Técnico,Urbana,4.0,Público,Entre 200 y 500 empleados,Si,Presentación de servicios,43,Entre 1 y 3 SMLV,Operativo,No,Entre 5 a 10,Más de 10 años,Híbrido,Menos de 1 hora,12.0,3.0,5.0,3.0,3.0,3.0,3.0,3.0,,4.0,4.0,4.0,4.0,5.0,4.0,3.0,3.0,4.0,4.0,4.0,4.0,4.0,3.0,4.0,3.0,5.0,5.0,4.0,5.0,3.0,3.0,3.0,5.0,5.0,7.0,7.0,7.0,,7.0,7.0,6.0,7.0,6.0,2.0,2.0,2.0,2.0,3.0,,2.0,3.0,3.0,3.0,4.0,3.0,3.0,3.0,1.0,2.0,1.0,1.0,1.0,1.0,2.0,2.0,2.0,1.0,1.0,1.0,5.0,5.0,5.0,6.0,7.0,5.0,5.0,6.0,5.0,6.0,1.0,1.0,1.0,1.0,,1.0,2.0,2.0,1.0,1.0,2.0,1.0,1.0,6.0,0,3.667,3.0,4.167,3.333,4.0,3.333,4.75,3.8,6.75,2.0,2.75,3.2,1.333,5.5,1.0,1.375
156,54,Hombre,Soltero,2,Posgrado,Urbana,4.0,Público,Entre 200 y 500 empleados,No,Otro,43,Entre 1 y 3 SMLV,Operativo,No,Entre 1 a 5,Entre 1 y 3 años,Presencial,Menos de 1 hora,41.0,2.0,2.0,2.0,3.0,4.0,3.0,4.0,4.0,4.0,3.0,3.0,,3.0,5.0,4.0,3.0,3.0,4.0,4.0,,5.0,3.0,3.0,3.0,3.0,2.0,3.0,2.0,2.0,3.0,3.0,2.0,,5.0,4.0,5.0,4.0,6.0,5.0,6.0,5.0,,3.0,3.0,3.0,3.0,5.0,4.0,5.0,5.0,5.0,4.0,5.0,5.0,4.0,6.0,2.0,2.0,2.0,2.0,2.0,2.0,4.0,2.0,4.0,4.0,4.0,4.0,5.0,,6.0,4.0,5.0,6.0,5.0,5.0,5.0,5.0,2.0,2.0,3.0,1.0,2.0,2.0,3.0,2.0,3.0,2.0,4.0,3.0,3.0,5.0,0,2.0,3.5,3.667,3.333,4.333,3.0,2.5,2.5,5.0,3.0,4.8,4.8,2.833,5.111,2.0,2.75
157,39,Hombre,Casado,1,Tecnológico,Urbana,4.0,Público,Entre 200 y 500 empleados,No,Carrera,48,Entre 1 y 3 SMLV,Administrativo,No,Entre 1 a 5,Entre 1 y 3 años,Presencial,Más de 3 horas,2.0,3.0,3.0,3.0,4.0,4.0,4.0,4.0,2.0,2.0,2.0,1.0,2.0,2.0,2.0,5.0,4.0,4.0,4.0,,5.0,3.0,3.0,3.0,3.0,2.0,2.0,1.0,2.0,2.0,3.0,3.0,4.0,3.0,4.0,4.0,4.0,3.0,3.0,3.0,2.0,,5.0,5.0,6.0,5.0,5.0,3.0,2.0,2.0,3.0,3.0,4.0,4.0,4.0,3.0,4.0,7.0,,4.0,7.0,5.0,5.0,7.0,5.0,7.0,5.0,7.0,,4.0,3.0,4.0,3.0,3.0,3.0,3.0,4.0,5.0,5.0,6.0,7.0,5.0,5.0,6.0,6.0,6.0,,5.0,6.0,6.0,7.0,5.0,3.0,0,3.0,4.0,1.857,4.333,4.0,3.0,1.75,3.0,3.5,5.25,2.6,3.8,5.9,3.7,5.8,5.857
158,51,Hombre,Unión libre,Sin hijos,Técnico,Urbana,3.0,Público,Entre 200 y 500 empleados,No,Libre nombramiento y remocion,35,Entre 1 y 3 SMLV,Administrativo,No,Entre 15 a 20,Entre 3 y 7 años,Híbrido,Entre 1 y 2 horas,14.0,2.0,2.0,2.0,4.0,5.0,4.0,4.0,2.0,2.0,3.0,2.0,4.0,3.0,1.0,3.0,3.0,4.0,4.0,5.0,4.0,4.0,3.0,,3.0,3.0,3.0,2.0,3.0,3.0,2.0,,2.0,3.0,4.0,3.0,4.0,4.0,5.0,4.0,4.0,4.0,4.0,4.0,6.0,5.0,5.0,2.0,2.0,2.0,3.0,2.0,4.0,4.0,4.0,4.0,4.0,5.0,5.0,5.0,5.0,7.0,7.0,4.0,4.0,5.0,5.0,,7.0,3.0,3.0,3.0,3.0,3.0,3.0,3.0,4.0,3.0,3.0,5.0,,5.0,5.0,4.0,5.0,5.0,6.0,6.0,5.0,4.0,4.0,5.0,4.0,0,2.0,4.25,2.429,3.333,4.25,3.0,2.75,2.5,4.0,5.0,2.2,4.0,5.364,3.1,4.75,5.0
159,38,Mujer,Casado,2,Tecnológico,Urbana,4.0,Mixto,Entre 50 y 200 empleados,No,Otro,35,Entre 1 y 3 SMLV,Administrativo,No,Entre 15 a 20,Entre 3 y 7 años,Presencial,Menos de 1 hora,18.0,1.0,1.0,1.0,5.0,4.0,,5.0,1.0,1.0,2.0,1.0,1.0,2.0,2.0,4.0,4.0,4.0,5.0,5.0,4.0,5.0,5.0,5.0,5.0,2.0,2.0,2.0,,3.0,4.0,3.0,3.0,,6.0,4.0,4.0,5.0,5.0,4.0,4.0,5.0,5.0,5.0,5.0,5.0,4.0,2.0,1.0,1.0,1.0,2.0,4.0,4.0,6.0,5.0,5.0,4.0,4.0,4.0,4.0,5.0,2.0,4.0,4.0,5.0,4.0,4.0,4.0,4.0,5.0,4.0,4.0,3.0,4.0,3.0,4.0,4.0,4.0,4.0,5.0,4.0,3.0,5.0,6.0,5.0,5.0,,6.0,7.0,6.0,5.0,3.0,0,1.0,4.667,1.429,4.0,4.75,5.0,2.0,3.25,4.667,4.75,1.4,4.8,4.0,3.9,4.2,5.714
160,21,Mujer,Unión libre,Sin hijos,Bachiller,Urbana,3.0,Público,Entre 200 y 500 empleados,No,Libre nombramiento y remocion,41,Entre 1 y 3 SMLV,Administrativo,No,Entre 15 a 20,Entre 1 y 3 años,Híbrido,Menos de 1 hora,45.0,5.0,4.0,4.0,2.0,3.0,,2.0,4.0,4.0,,4.0,3.0,4.0,4.0,3.0,3.0,3.0,5.0,4.0,4.0,4.0,3.0,3.0,3.0,3.0,4.0,3.0,4.0,2.0,3.0,2.0,3.0,4.0,5.0,6.0,5.0,7.0,6.0,,7.0,7.0,6.0,3.0,3.0,2.0,1.0,1.0,1.0,2.0,2.0,1.0,2.0,2.0,1.0,3.0,3.0,2.0,2.0,2.0,2.0,4.0,,2.0,2.0,2.0,2.0,2.0,4.0,5.0,6.0,6.0,5.0,6.0,7.0,7.0,6.0,6.0,7.0,1.0,1.0,1.0,1.0,1.0,4.0,,4.0,4.0,4.0,2.0,4.0,3.0,5.0,0,4.333,2.333,3.833,3.0,4.25,3.0,3.5,2.8,6.125,2.25,1.4,2.2,2.364,6.1,1.0,3.571
161,49,Mujer,Casado,2,Profesional,Urbana,4.0,Público,Entre 50 y 200 empleados,No,Otro,33,Entre 1 y 3 SMLV,Operativo,No,Entre 10 a 15,Entre 1 y 3 años,Híbrido,Menos de 1 hora,34.0,3.0,3.0,4.0,4.0,3.0,3.0,4.0,2.0,3.0,3.0,3.0,2.0,2.0,3.0,3.0,,4.0,3.0,5.0,4.0,4.0,2.0,2.0,2.0,4.0,4.0,3.0,4.0,2.0,1.0,2.0,1.0,1.0,4.0,4.0,3.0,4.0,3.0,4.0,4.0,3.0,4.0,6.0,6.0,6.0,5.0,,2.0,3.0,,2.0,5.0,5.0,4.0,5.0,4.0,4.0,5.0,4.0,5.0,5.0,5.0,5.0,4.0,5.0,5.0,5.0,5.0,5.0,5.0,4.0,4.0,4.0,4.0,5.0,5.0,5.0,5.0,4.0,5.0,4.0,,5.0,5.0,4.0,4.0,5.0,5.0,4.0,5.0,5.0,2.0,0,3.333,3.5,2.571,3.5,4.0,2.0,3.75,1.4,3.667,5.75,2.333,4.6,4.75,4.6,4.5,4.625
163,39,Hombre,Casado,1,Posgrado,Urbana,3.0,Mixto,Entre 200 y 500 empleados,Si,Presentación de servicios,43,Entre 1 y 3 SMLV,Operativo,No,Entre 15 a 20,Entre 1 y 3 años,Presencial,Menos de 1 hora,29.0,3.0,,4.0,1.0,2.0,2.0,1.0,4.0,4.0,4.0,3.0,5.0,4.0,4.0,3.0,3.0,,5.0,5.0,5.0,5.0,1.0,1.0,3.0,3.0,3.0,,4.0,3.0,4.0,4.0,4.0,4.0,6.0,6.0,6.0,,7.0,7.0,7.0,,7.0,2.0,3.0,2.0,2.0,3.0,6.0,6.0,5.0,5.0,3.0,2.0,2.0,4.0,2.0,2.0,2.0,2.0,2.0,1.0,2.0,4.0,2.0,2.0,4.0,2.0,2.0,5.0,5.0,5.0,5.0,4.0,5.0,4.0,5.0,5.0,5.0,2.0,1.0,3.0,2.0,2.0,2.0,2.0,2.0,2.0,3.0,1.0,1.0,2.0,6.0,0,3.5,1.5,4.0,3.0,5.0,1.667,3.333,3.8,6.571,2.25,5.0,2.6,2.25,4.8,2.0,1.875
164,32,Mujer,Soltero,1,Profesional,Urbana,4.0,Mixto,Más de 500 empleados,No,Presentación de servicios,40,Entre 1 y 3 SMLV,Directivo,No,Entre 15 a 20,Entre 1 y 3 años,Híbrido,Menos de 1 hora,8.0,4.0,,4.0,3.0,,2.0,2.0,2.0,,2.0,3.0,3.0,3.0,3.0,3.0,4.0,4.0,5.0,5.0,4.0,5.0,3.0,2.0,3.0,2.0,2.0,2.0,2.0,3.0,3.0,3.0,2.0,3.0,7.0,7.0,,5.0,6.0,6.0,6.0,6.0,5.0,2.0,,1.0,1.0,2.0,2.0,2.0,3.0,2.0,6.0,4.0,6.0,6.0,5.0,,4.0,4.0,4.0,4.0,4.0,4.0,4.0,4.0,5.0,4.0,4.0,4.0,4.0,4.0,4.0,,4.0,4.0,3.0,3.0,4.0,,4.0,4.0,4.0,4.0,2.0,3.0,2.0,2.0,3.0,2.0,3.0,2.0,6.0,0,4.0,2.333,2.667,3.667,4.75,2.667,2.0,2.8,6.0,1.333,2.2,5.4,4.091,3.778,4.0,2.375
165,43,Mujer,Soltero,1,Técnico,Urbana,3.0,Público,Entre 200 y 500 empleados,No,Carrera,40,Entre 1 y 3 SMLV,Administrativo,No,Entre 10 a 15,Entre 3 y 7 años,Presencial,Menos de 1 hora,3.0,3.0,3.0,2.0,4.0,3.0,3.0,3.0,4.0,3.0,3.0,4.0,3.0,3.0,3.0,4.0,5.0,4.0,4.0,5.0,5.0,5.0,2.0,1.0,3.0,4.0,4.0,3.0,,,3.0,3.0,3.0,2.0,7.0,7.0,7.0,7.0,7.0,7.0,7.0,7.0,7.0,3.0,3.0,3.0,3.0,3.0,2.0,2.0,3.0,1.0,4.0,4.0,5.0,4.0,4.0,2.0,1.0,2.0,2.0,2.0,2.0,2.0,1.0,1.0,4.0,2.0,4.0,5.0,7.0,5.0,6.0,6.0,6.0,6.0,5.0,6.0,5.0,1.0,1.0,1.0,2.0,2.0,3.0,1.0,1.0,2.0,2.0,2.0,2.0,2.0,5.0,0,2.667,3.25,3.286,4.333,4.75,2.0,3.667,2.75,7.0,3.0,2.2,4.2,2.083,5.7,1.4,1.875
167,50,Mujer,Soltero,2,Posgrado,Urbana,3.0,Mixto,Entre 50 y 200 empleados,No,Presentación de servicios,53,Entre 1 y 3 SMLV,Administrativo,No,Entre 20 a 25,Entre 1 y 3 años,Presencial,Menos de 1 hora,59.0,5.0,5.0,5.0,,2.0,2.0,2.0,2.0,1.0,1.0,2.0,1.0,1.0,1.0,5.0,3.0,3.0,5.0,5.0,5.0,5.0,,4.0,3.0,2.0,2.0,1.0,2.0,2.0,1.0,2.0,2.0,,6.0,5.0,7.0,7.0,6.0,6.0,7.0,7.0,6.0,2.0,3.0,3.0,3.0,2.0,2.0,3.0,3.0,2.0,4.0,3.0,3.0,3.0,4.0,4.0,2.0,4.0,2.0,4.0,4.0,4.0,4.0,5.0,4.0,4.0,,5.0,6.0,5.0,5.0,5.0,5.0,4.0,5.0,4.0,5.0,2.0,,1.0,2.0,1.0,5.0,5.0,5.0,5.0,5.0,,,5.0,6.0,0,5.0,2.0,1.286,3.667,5.0,3.5,1.75,1.75,6.333,2.75,2.4,3.4,3.727,4.9,1.5,5.0
168,56,Hombre,Soltero,Sin hijos,Bachiller,Urbana,3.0,Público,Más de 500 empleados,Si,Carrera,48,Entre 3 y 5 SMLV,Administrativo,No,Entre 15 a 20,Menos de 1 año,Presencial,Menos de 1 hora,-1.0,5.0,5.0,5.0,1.0,,2.0,,5.0,4.0,4.0,3.0,4.0,4.0,4.0,4.0,3.0,4.0,4.0,5.0,5.0,5.0,1.0,2.0,3.0,5.0,4.0,3.0,5.0,3.0,3.0,3.0,3.0,,7.0,5.0,6.0,7.0,6.0,6.0,5.0,6.0,7.0,2.0,2.0,,3.0,2.0,1.0,1.0,2.0,,2.0,3.0,3.0,3.0,3.0,2.0,2.0,1.0,2.0,1.0,2.0,2.0,2.0,2.0,1.0,2.0,2.0,6.0,6.0,7.0,6.0,7.0,7.0,7.0,6.0,6.0,7.0,2.0,3.0,3.0,1.0,4.0,4.0,3.0,3.0,2.0,4.0,2.0,3.0,3.0,6.0,0,5.0,1.5,4.0,3.667,4.75,2.0,4.25,3.0,6.111,2.333,1.5,2.8,1.75,6.5,2.6,3.0
169,38,Hombre,Casado,2,Profesional,Rural,3.0,Público,Entre 200 y 500 empleados,No,Presentación de servicios,34,Entre 1 y 3 SMLV,Operativo,No,Entre 10 a 15,Entre 3 y 7 años,Presencial,Menos de 1 hora,51.0,3.0,2.0,2.0,5.0,,4.0,5.0,1.0,1.0,1.0,1.0,2.0,2.0,1.0,3.0,4.0,2.0,5.0,5.0,5.0,4.0,3.0,3.0,3.0,3.0,3.0,2.0,,3.0,2.0,3.0,2.0,2.0,6.0,5.0,6.0,5.0,5.0,5.0,6.0,6.0,6.0,3.0,2.0,2.0,2.0,3.0,3.0,4.0,4.0,4.0,7.0,7.0,6.0,6.0,7.0,4.0,4.0,5.0,4.0,5.0,4.0,4.0,,2.0,4.0,5.0,,6.0,5.0,7.0,7.0,6.0,5.0,6.0,6.0,7.0,6.0,4.0,4.0,5.0,4.0,3.0,5.0,4.0,5.0,4.0,3.0,,4.0,3.0,5.0,0,2.333,4.667,1.286,3.0,4.75,3.0,2.667,2.4,5.556,2.25,3.6,6.6,4.1,6.1,4.0,4.0
171,27,Mujer,Unión libre,1,Posgrado,Urbana,3.0,Público,Entre 50 y 200 empleados,No,Otro,41,Entre 1 y 3 SMLV,Administrativo,No,Más de 25,Entre 3 y 7 años,Presencial,Menos de 1 hora,7.0,2.0,2.0,2.0,2.0,,1.0,3.0,5.0,5.0,5.0,5.0,5.0,5.0,5.0,4.0,3.0,5.0,5.0,4.0,4.0,4.0,1.0,1.0,2.0,5.0,5.0,5.0,5.0,2.0,2.0,3.0,4.0,2.0,6.0,6.0,6.0,,6.0,6.0,,5.0,6.0,2.0,2.0,4.0,3.0,2.0,3.0,3.0,,2.0,4.0,4.0,4.0,4.0,5.0,2.0,1.0,2.0,2.0,2.0,1.0,1.0,1.0,,2.0,1.0,1.0,7.0,5.0,7.0,6.0,6.0,6.0,7.0,6.0,6.0,6.0,1.0,1.0,2.0,,2.0,,2.0,,2.0,2.0,2.0,2.0,1.0,6.0,0,2.0,2.0,5.0,4.0,4.25,1.333,5.0,2.6,5.857,2.75,2.5,4.2,1.455,6.2,1.5,1.833
172,42,Mujer,Casado,2,Técnico,Urbana,1.5,Público,Entre 50 y 200 empleados,No,Supernumerario,43,Entre 1 y 3 SMLV,Administrativo,No,Entre 1 a 5,Entre 1 y 3 años,Presencial,Entre 2 y 3 horas,7.0,4.0,5.0,4.0,3.0,2.0,2.0,2.0,2.0,4.0,3.0,3.0,3.0,4.0,3.0,4.0,5.0,4.0,5.0,4.0,5.0,5.0,2.0,1.0,2.0,4.0,3.0,4.0,3.0,1.0,3.0,2.0,2.0,1.0,6.0,6.0,6.0,5.0,6.0,6.0,6.0,6.0,6.0,5.0,4.0,5.0,4.0,3.0,2.0,3.0,4.0,3.0,4.0,3.0,4.0,4.0,5.0,4.0,2.0,4.0,4.0,4.0,5.0,4.0,,4.0,4.0,2.0,4.0,5.0,6.0,6.0,6.0,5.0,6.0,6.0,5.0,6.0,6.0,2.0,3.0,3.0,3.0,1.0,1.0,,2.0,1.0,,2.0,2.0,2.0,3.0,1,4.333,2.25,3.143,4.333,4.75,1.667,3.5,1.8,5.889,4.5,3.0,4.0,3.727,5.7,2.4,1.667
173,51,Mujer,Casado,3,Profesional,Urbana,2.0,Público,Entre 200 y 500 empleados,No,Otro,44,Entre 1 y 3 SMLV,Operativo,No,Entre 15 a 20,Entre 1 y 3 años,Presencial,Más de 3 horas,9.0,3.0,5.0,5.0,2.0,2.0,3.0,,3.0,3.0,3.0,4.0,3.0,4.0,4.0,3.0,4.0,4.0,5.0,5.0,5.0,4.0,3.0,3.0,3.0,,,3.0,,4.0,3.0,4.0,4.0,,4.0,6.0,5.0,6.0,5.0,5.0,,6.0,5.0,2.0,3.0,2.0,2.0,4.0,3.0,5.0,4.0,3.0,,3.0,3.0,2.0,3.0,2.0,4.0,4.0,2.0,4.0,2.0,4.0,2.0,2.0,2.0,2.0,2.0,6.0,6.0,4.0,6.0,5.0,5.0,6.0,5.0,5.0,5.0,4.0,3.0,3.0,4.0,5.0,1.0,2.0,1.0,2.0,1.0,3.0,1.0,1.0,6.0,0,4.333,2.333,3.429,3.667,4.75,3.0,3.0,3.75,5.25,2.25,3.8,2.75,2.667,5.3,3.8,1.5
174,44,Hombre,Casado,1,Posgrado,Urbana,2.0,Público,Más de 500 empleados,No,Carrera,59,Entre 1 y 3 SMLV,Administrativo,No,Entre 20 a 25,Entre 1 y 3 años,Presencial,Menos de 1 hora,6.0,2.0,2.0,2.0,4.0,4.0,5.0,4.0,3.0,3.0,3.0,2.0,3.0,4.0,3.0,5.0,5.0,4.0,5.0,5.0,5.0,4.0,3.0,2.0,3.0,3.0,2.0,3.0,3.0,1.0,3.0,3.0,2.0,2.0,4.0,5.0,6.0,4.0,5.0,5.0,6.0,5.0,5.0,5.0,4.0,4.0,4.0,3.0,2.0,2.0,2.0,3.0,6.0,5.0,5.0,5.0,6.0,2.0,2.0,2.0,4.0,4.0,4.0,2.0,2.0,4.0,4.0,2.0,2.0,5.0,,5.0,6.0,6.0,5.0,5.0,5.0,5.0,5.0,1.0,2.0,2.0,1.0,1.0,2.0,4.0,2.0,,3.0,3.0,2.0,3.0,3.0,1,2.0,4.25,3.0,4.667,4.75,2.667,2.75,2.2,5.0,4.25,2.4,5.4,2.833,5.222,1.4,2.714
175,32,Hombre,Casado,1,Posgrado,Urbana,3.0,Público,Entre 10 y 50 empleados,No,Carrera,37,Entre 1 y 3 SMLV,Operativo,No,Entre 15 a 20,Entre 3 y 7 años,Presencial,Menos de 1 hora,59.0,3.0,4.0,3.0,4.0,4.0,4.0,4.0,3.0,3.0,3.0,3.0,4.0,3.0,2.0,3.0,3.0,3.0,4.0,5.0,5.0,4.0,1.0,3.0,,4.0,3.0,3.0,4.0,4.0,4.0,3.0,4.0,4.0,6.0,6.0,6.0,6.0,7.0,6.0,6.0,,,2.0,3.0,3.0,2.0,2.0,1.0,2.0,1.0,1.0,2.0,2.0,2.0,2.0,2.0,1.0,2.0,2.0,,2.0,1.0,2.0,1.0,1.0,2.0,2.0,1.0,5.0,5.0,5.0,5.0,5.0,5.0,5.0,5.0,4.0,5.0,1.0,2.0,1.0,2.0,2.0,2.0,3.0,3.0,2.0,3.0,4.0,4.0,3.0,6.0,0,3.333,4.0,3.0,3.0,4.5,2.0,3.5,3.8,6.143,2.5,1.4,2.0,1.545,4.9,1.6,3.0
176,52,Prefiero no decir,Casado,Sin hijos,Profesional,Urbana,3.0,Mixto,Entre 200 y 500 empleados,No,Presentación de servicios,36,Entre 1 y 3 SMLV,Administrativo,No,Entre 10 a 15,Entre 3 y 7 años,Presencial,Menos de 1 hora,82.625,1.0,1.0,,4.0,4.0,5.0,4.0,3.0,3.0,,3.0,3.0,3.0,3.0,5.0,5.0,5.0,4.0,4.0,5.0,4.0,2.0,,2.0,3.0,3.0,4.0,2.0,2.0,3.0,3.0,2.0,3.0,6.0,5.0,6.0,5.0,5.0,6.0,6.0,,5.0,3.0,4.0,5.0,4.0,2.0,,1.0,,2.0,3.0,4.0,2.0,4.0,2.0,2.0,2.0,4.0,2.0,2.0,1.0,4.0,2.0,2.0,4.0,2.0,2.0,5.0,5.0,5.0,5.0,5.0,5.0,5.0,4.0,6.0,4.0,4.0,4.0,,4.0,4.0,5.0,4.0,4.0,3.0,3.0,3.0,4.0,4.0,5.0,1,1.0,4.25,3.0,5.0,4.25,2.0,3.0,2.6,5.5,4.0,1.667,3.0,2.417,4.9,4.0,3.75
177,43,Mujer,Casado,3,Tecnológico,Urbana,4.0,Mixto,Entre 50 y 200 empleados,No,Presentación de servicios,51,Entre 3 y 5 SMLV,Directivo,No,Entre 5 a 10,Menos de 1 año,Presencial,Menos de 1 hora,16.0,,3.0,4.0,3.0,4.0,3.0,,,3.0,2.0,3.0,4.0,3.0,4.0,4.0,4.0,5.0,4.0,,,4.0,3.0,2.0,1.0,4.0,4.0,4.0,3.0,3.0,2.0,2.0,2.0,3.0,3.0,4.0,4.0,4.0,4.0,4.0,4.0,4.0,3.0,4.0,5.0,4.0,4.0,1.0,1.0,2.0,,2.0,1.0,3.0,,1.0,2.0,4.0,4.0,5.0,4.0,,4.0,,4.0,5.0,5.0,5.0,5.0,2.0,3.0,3.0,3.0,3.0,3.0,3.0,3.0,2.0,3.0,4.0,5.0,5.0,,,3.0,,2.0,3.0,1.0,2.0,3.0,4.0,4.0,0,3.5,3.333,3.167,4.333,4.0,2.0,3.75,2.4,3.778,4.25,1.5,1.75,4.5,2.8,4.667,2.571
178,47,Mujer,Soltero,1,Posgrado,Rural,2.0,Público,Entre 200 y 500 empleados,No,Otro,46,Entre 1 y 3 SMLV,Administrativo,No,Entre 5 a 10,Más de 10 años,Presencial,Menos de 1 hora,21.0,3.0,5.0,4.0,2.0,1.0,2.0,1.0,4.0,4.0,4.0,4.0,4.0,4.0,4.0,2.0,3.0,3.0,4.0,5.0,4.0,4.0,2.0,1.0,3.0,,3.0,3.0,4.0,4.0,3.0,4.0,4.0,4.0,5.0,6.0,5.0,5.0,6.0,5.0,5.0,6.0,5.0,2.0,,1.0,1.0,,1.0,1.0,1.0,1.0,1.0,1.0,1.0,2.0,1.0,1.0,1.0,1.0,1.0,1.0,1.0,1.0,1.0,1.0,1.0,2.0,1.0,5.0,5.0,5.0,,5.0,5.0,6.0,5.0,6.0,5.0,2.0,3.0,3.0,1.0,2.0,3.0,2.0,3.0,2.0,4.0,3.0,2.0,3.0,6.0,0,4.0,1.5,4.0,2.667,4.25,2.0,3.333,3.8,5.333,1.333,1.0,1.2,1.083,5.222,2.2,2.75
179,34,Mujer,Unión libre,3,Profesional,Urbana,2.0,Público,Entre 200 y 500 empleados,No,Presentación de servicios,46,Entre 1 y 3 SMLV,Administrativo,No,Entre 5 a 10,Entre 7 y 10 años,Presencial,Menos de 1 hora,0.0,1.0,1.0,1.0,5.0,5.0,5.0,,2.0,,2.0,2.0,2.0,2.0,2.0,4.0,4.0,,5.0,5.0,4.0,5.0,3.0,3.0,3.0,2.0,2.0,3.0,,2.0,3.0,,3.0,2.0,4.0,4.0,4.0,4.0,4.0,4.0,4.0,4.0,4.0,6.0,4.0,5.0,5.0,2.0,3.0,3.0,3.0,3.0,4.0,6.0,4.0,5.0,5.0,,7.0,7.0,5.0,5.0,7.0,,5.0,7.0,5.0,7.0,5.0,5.0,5.0,4.0,5.0,,5.0,4.0,5.0,5.0,5.0,5.0,5.0,4.0,5.0,4.0,6.0,7.0,6.0,7.0,6.0,5.0,,,2.0,0,1.0,5.0,2.0,4.0,4.75,3.0,2.333,2.5,4.0,5.0,2.8,4.8,6.0,4.778,4.6,6.167
180,43,Mujer,Viudo,Sin hijos,Tecnológico,Urbana,3.0,Público,Entre 200 y 500 empleados,No,Presentación de servicios,37,Entre 3 y 5 SMLV,Administrativo,No,Entre 1 a 5,Entre 1 y 3 años,Presencial,Menos de 1 hora,2.0,4.0,5.0,,3.0,3.0,,3.0,1.0,,,1.0,,1.0,,2.0,3.0,2.0,5.0,5.0,5.0,5.0,3.0,2.0,2.0,2.0,1.0,2.0,1.0,3.0,4.0,4.0,1.0,3.0,3.0,4.0,4.0,5.0,4.0,5.0,5.0,5.0,4.0,,4.0,4.0,3.0,2.0,1.0,3.0,1.0,2.0,3.0,2.0,3.0,3.0,3.0,4.0,2.0,4.0,4.0,2.0,4.0,5.0,,2.0,4.0,2.0,2.0,4.0,3.0,5.0,4.0,5.0,3.0,4.0,4.0,4.0,4.0,5.0,4.0,5.0,5.0,5.0,5.0,5.0,4.0,5.0,5.0,4.0,5.0,4.0,,0,4.5,3.0,1.0,2.333,5.0,2.333,1.5,3.0,4.333,3.667,1.8,2.8,3.182,4.0,4.8,4.625
181,44,Mujer,Casado,1,Tecnológico,Urbana,2.0,Mixto,Entre 200 y 500 empleados,No,Provisionalidad,44,Entre 1 y 3 SMLV,Administrativo,Si,Entre 15 a 20,Entre 1 y 3 años,Presencial,Menos de 1 hora,36.0,4.0,4.0,3.0,4.0,4.0,3.0,3.0,3.0,4.0,3.0,4.0,4.0,4.0,4.0,5.0,4.0,4.0,5.0,5.0,5.0,5.0,4.0,3.0,3.0,2.0,2.0,2.0,4.0,4.0,3.0,3.0,3.0,4.0,,5.0,5.0,5.0,6.0,,5.0,5.0,5.0,4.0,3.0,4.0,4.0,,3.0,3.0,3.0,2.0,,2.0,3.0,2.0,2.0,1.0,1.0,2.0,2.0,1.0,1.0,1.0,2.0,2.0,1.0,1.0,2.0,5.0,5.0,6.0,5.0,6.0,7.0,6.0,6.0,6.0,6.0,2.0,2.0,3.0,3.0,2.0,1.0,2.0,1.0,,1.0,1.0,3.0,2.0,4.0,0,3.667,3.5,3.714,4.333,5.0,3.333,2.5,3.4,5.143,3.75,2.75,2.25,1.417,5.8,2.4,1.571
182,46,Hombre,Casado,1,Técnico,Urbana,4.0,Público,Más de 500 empleados,No,Otro,29,Entre 1 y 3 SMLV,Operativo,No,Entre 1 a 5,Entre 1 y 3 años,Híbrido,Menos de 1 hora,11.0,3.0,4.0,,2.0,2.0,2.0,2.0,4.0,4.0,4.0,5.0,5.0,4.0,4.0,2.0,3.0,3.0,5.0,4.0,5.0,4.0,2.0,2.0,1.0,4.0,,5.0,4.0,3.0,4.0,4.0,4.0,3.0,6.0,6.0,7.0,5.0,6.0,6.0,6.0,7.0,6.0,2.0,2.0,1.0,1.0,3.0,2.0,1.0,3.0,2.0,2.0,4.0,2.0,2.0,2.0,1.0,1.0,1.0,2.0,,1.0,1.0,1.0,1.0,1.0,1.0,,,7.0,6.0,,5.0,7.0,6.0,6.0,6.0,6.0,1.0,2.0,1.0,1.0,2.0,,2.0,2.0,1.0,1.0,,1.0,1.0,6.0,0,3.5,2.0,4.286,2.667,4.5,1.667,4.333,3.6,6.111,1.5,2.2,2.4,1.1,6.125,1.4,1.333
183,62,Hombre,Casado,2,Posgrado,Urbana,3.0,Público,Más de 500 empleados,No,Carrera,36,Entre 1 y 3 SMLV,Administrativo,No,Entre 15 a 20,Entre 1 y 3 años,Presencial,Menos de 1 hora,2.0,3.0,4.0,3.0,2.0,4.0,3.0,4.0,3.0,3.0,4.0,4.0,3.0,5.0,4.0,3.0,2.0,2.0,4.0,4.0,5.0,5.0,3.0,3.0,4.0,4.0,3.0,4.0,4.0,4.0,3.0,3.0,3.0,3.0,4.0,3.0,4.0,4.0,3.0,4.0,4.0,4.0,4.0,5.0,4.0,3.0,4.0,2.0,1.0,2.0,2.0,1.0,3.0,2.0,2.0,3.0,3.0,2.0,1.0,,2.0,2.0,2.0,2.0,1.0,4.0,4.0,2.0,2.0,3.0,4.0,5.0,5.0,5.0,4.0,3.0,5.0,4.0,4.0,5.0,3.0,3.0,4.0,2.0,3.0,2.0,3.0,3.0,3.0,2.0,,4.0,3.0,0,3.333,3.25,3.714,2.333,4.5,3.333,3.75,3.2,3.778,4.0,1.6,2.6,2.182,4.2,3.4,2.857
184,21,Hombre,Soltero,Sin hijos,Técnico,Rural,2.0,Público,Entre 200 y 500 empleados,No,Libre nombramiento y remocion,53,Entre 1 y 3 SMLV,Directivo,No,Entre 1 a 5,Más de 10 años,Presencial,Menos de 1 hora,43.0,5.0,5.0,5.0,1.0,2.0,2.0,1.0,3.0,3.0,4.0,2.0,3.0,3.0,3.0,3.0,3.0,,5.0,4.0,4.0,4.0,2.0,2.0,1.0,,,3.0,4.0,3.0,3.0,3.0,4.0,3.0,6.0,6.0,6.0,4.0,6.0,6.0,6.0,,6.0,3.0,3.0,,2.0,1.0,2.0,2.0,2.0,1.0,1.0,1.0,2.0,1.0,1.0,1.0,,1.0,1.0,1.0,2.0,1.0,1.0,1.0,1.0,2.0,2.0,7.0,7.0,7.0,7.0,7.0,7.0,6.0,7.0,7.0,7.0,1.0,2.0,1.0,,1.0,3.0,2.0,2.0,2.0,3.0,1.0,2.0,2.0,5.0,0,5.0,1.5,3.0,3.0,4.25,1.667,3.5,3.2,5.75,2.667,1.6,1.2,1.273,6.9,1.25,2.125
185,28,Mujer,Unión libre,2,Bachiller,Urbana,3.0,Público,Entre 10 y 50 empleados,No,Presentación de servicios,48,Entre 3 y 5 SMLV,Administrativo,No,Más de 25,Más de 10 años,Presencial,Entre 1 y 2 horas,50.0,4.0,5.0,5.0,1.0,1.0,1.0,2.0,3.0,3.0,3.0,3.0,3.0,4.0,4.0,5.0,3.0,,,4.0,5.0,5.0,3.0,1.0,2.0,2.0,3.0,3.0,2.0,3.0,2.0,2.0,2.0,,5.0,6.0,5.0,6.0,6.0,6.0,6.0,5.0,6.0,1.0,3.0,2.0,2.0,1.0,1.0,1.0,2.0,1.0,1.0,1.0,,1.0,2.0,,,1.0,1.0,1.0,2.0,1.0,1.0,1.0,2.0,1.0,1.0,7.0,,7.0,7.0,6.0,6.0,6.0,7.0,6.0,6.0,1.0,1.0,2.0,1.0,1.0,2.0,2.0,3.0,2.0,,,2.0,2.0,7.0,0,4.667,1.25,3.286,4.0,4.667,2.0,2.5,2.25,5.667,2.0,1.2,1.25,1.2,6.444,1.2,2.167
187,48,Hombre,Unión libre,Sin hijos,Posgrado,Urbana,4.0,Mixto,Más de 500 empleados,No,Presentación de servicios,56,Entre 1 y 3 SMLV,Administrativo,No,Entre 5 a 10,Más de 10 años,Presencial,Entre 1 y 2 horas,78.0,2.0,,2.0,4.0,4.0,4.0,3.0,1.0,2.0,,1.0,1.0,2.0,1.0,3.0,,3.0,4.0,4.0,4.0,4.0,3.0,4.0,4.0,3.0,2.0,3.0,3.0,2.0,1.0,2.0,1.0,1.0,3.0,5.0,3.0,5.0,6.0,5.0,4.0,,4.0,4.0,5.0,5.0,5.0,5.0,3.0,3.0,2.0,3.0,4.0,5.0,4.0,,4.0,,4.0,2.0,4.0,5.0,4.0,5.0,4.0,4.0,4.0,5.0,4.0,4.0,4.0,4.0,3.0,4.0,4.0,3.0,4.0,3.0,4.0,3.0,3.0,3.0,,2.0,3.0,2.0,2.0,2.0,3.0,1.0,3.0,4.0,4.0,0,2.0,3.75,1.333,3.0,4.0,3.667,2.75,1.4,4.375,4.75,3.2,4.25,4.091,3.7,2.75,2.5
189,37,Mujer,Unión libre,1,Tecnológico,Urbana,2.0,Público,Más de 500 empleados,No,Carrera,46,Entre 1 y 3 SMLV,Administrativo,No,Entre 15 a 20,Entre 1 y 3 años,Presencial,Entre 1 y 2 horas,38.0,2.0,2.0,3.0,2.0,3.0,3.0,3.0,5.0,,4.0,5.0,5.0,5.0,4.0,4.0,4.0,2.0,4.0,5.0,5.0,4.0,2.0,1.0,1.0,4.0,3.0,4.0,4.0,3.0,4.0,3.0,4.0,,6.0,5.0,6.0,5.0,6.0,5.0,6.0,5.0,6.0,2.0,2.0,2.0,3.0,2.0,1.0,2.0,,1.0,2.0,2.0,3.0,2.0,3.0,2.0,1.0,2.0,1.0,1.0,2.0,2.0,2.0,2.0,2.0,2.0,4.0,7.0,6.0,6.0,6.0,5.0,6.0,6.0,6.0,6.0,6.0,2.0,1.0,1.0,2.0,1.0,2.0,3.0,3.0,3.0,2.0,2.0,2.0,1.0,6.0,0,2.333,2.75,4.667,3.333,4.5,1.333,3.75,3.5,5.556,2.25,1.5,2.4,1.917,6.0,1.4,2.25
190,47,Mujer,Casado,2,Profesional,Urbana,4.0,Público,Entre 50 y 200 empleados,No,Carrera,43,Entre 5 y 10 SMLV,Administrativo,Si,Entre 5 a 10,Más de 10 años,Presencial,Menos de 1 hora,2.0,1.0,1.0,1.0,5.0,4.0,5.0,5.0,2.0,2.0,2.0,2.0,2.0,2.0,1.0,5.0,4.0,5.0,5.0,5.0,5.0,5.0,4.0,3.0,2.0,,1.0,2.0,1.0,1.0,1.0,2.0,1.0,1.0,4.0,5.0,4.0,5.0,5.0,3.0,4.0,5.0,3.0,6.0,5.0,6.0,6.0,3.0,3.0,3.0,3.0,4.0,5.0,6.0,6.0,5.0,5.0,2.0,2.0,2.0,4.0,4.0,2.0,4.0,2.0,4.0,2.0,4.0,2.0,,4.0,5.0,,3.0,4.0,5.0,4.0,4.0,4.0,5.0,,4.0,4.0,5.0,5.0,5.0,4.0,5.0,5.0,4.0,5.0,5.0,2.0,0,1.0,4.75,1.857,4.667,5.0,3.0,1.333,1.2,4.222,5.75,3.2,5.4,2.833,4.125,4.5,4.75
191,46,Mujer,Casado,1,Bachiller,Urbana,4.0,Público,Entre 50 y 200 empleados,No,Otro,43,Entre 3 y 5 SMLV,Administrativo,Si,Entre 10 a 15,Entre 3 y 7 años,Presencial,Entre 1 y 2 horas,58.0,1.0,1.0,1.0,4.0,4.0,4.0,5.0,3.0,2.0,2.0,1.0,3.0,4.0,2.0,4.0,5.0,4.0,5.0,4.0,4.0,4.0,3.0,3.0,3.0,,4.0,4.0,,2.0,2.0,1.0,2.0,1.0,2.0,2.0,2.0,4.0,3.0,2.0,,3.0,3.0,6.0,6.0,6.0,,2.0,,2.0,2.0,2.0,5.0,4.0,3.0,4.0,4.0,5.0,5.0,5.0,5.0,5.0,4.0,5.0,,5.0,5.0,4.0,5.0,4.0,3.0,4.0,3.0,3.0,3.0,4.0,4.0,4.0,4.0,5.0,,4.0,5.0,4.0,5.0,5.0,6.0,5.0,5.0,6.0,4.0,6.0,2.0,0,1.0,4.25,2.429,4.333,4.25,3.0,4.0,1.6,2.625,6.0,2.0,4.0,4.818,3.6,4.5,5.25
192,26,Mujer,Unión libre,1,Posgrado,Urbana,3.0,Público,Entre 200 y 500 empleados,No,Otro,48,Entre 1 y 3 SMLV,Administrativo,No,Entre 10 a 15,Entre 1 y 3 años,Híbrido,Menos de 1 hora,4.0,2.0,2.0,2.0,3.0,2.0,3.0,3.0,4.0,,4.0,5.0,5.0,4.0,4.0,3.0,2.0,,4.0,4.0,5.0,4.0,2.0,2.0,2.0,5.0,5.0,4.0,4.0,4.0,4.0,4.0,4.0,,5.0,5.0,6.0,7.0,5.0,5.0,6.0,6.0,6.0,2.0,2.0,3.0,3.0,3.0,4.0,4.0,,4.0,3.0,2.0,3.0,2.0,3.0,2.0,2.0,4.0,2.0,2.0,4.0,2.0,1.0,2.0,2.0,1.0,,6.0,5.0,6.0,5.0,5.0,6.0,6.0,5.0,5.0,6.0,2.0,1.0,3.0,2.0,2.0,4.0,,3.0,3.0,,,,3.0,6.0,0,2.0,2.75,4.333,2.5,4.25,2.0,4.5,4.0,5.667,2.5,3.75,2.6,2.182,5.5,2.0,3.25
193,49,Mujer,Soltero,Sin hijos,Profesional,Urbana,3.0,Mixto,Entre 50 y 200 empleados,No,Carrera,37,Entre 1 y 3 SMLV,Operativo,No,Entre 10 a 15,Entre 1 y 3 años,Presencial,Menos de 1 hora,36.0,2.0,1.0,2.0,5.0,5.0,5.0,4.0,2.0,2.0,2.0,2.0,1.0,2.0,2.0,4.0,4.0,4.0,4.0,3.0,3.0,4.0,2.0,2.0,3.0,2.0,2.0,,2.0,3.0,3.0,3.0,,3.0,5.0,,5.0,4.0,4.0,5.0,,6.0,6.0,6.0,6.0,6.0,5.0,1.0,1.0,1.0,1.0,,5.0,3.0,3.0,4.0,3.0,7.0,,7.0,7.0,7.0,5.0,7.0,5.0,5.0,7.0,7.0,7.0,4.0,5.0,4.0,6.0,5.0,5.0,4.0,5.0,4.0,4.0,7.0,7.0,7.0,,7.0,4.0,4.0,4.0,5.0,3.0,,4.0,4.0,2.0,0,1.667,4.75,1.857,4.0,3.5,2.333,2.0,3.0,5.0,5.75,1.0,3.6,6.455,4.6,7.0,4.0
194,45,Mujer,Soltero,2,Bachiller,Rural,3.0,Público,Más de 500 empleados,Si,Otro,45,Menos de 1 SMLV,Operativo,No,Entre 5 a 10,Entre 1 y 3 años,Presencial,Entre 1 y 2 horas,5.0,3.0,3.0,3.0,2.0,3.0,2.0,2.0,2.0,4.0,3.0,4.0,4.0,3.0,3.0,3.0,3.0,4.0,5.0,5.0,5.0,5.0,1.0,1.0,1.0,3.0,3.0,4.0,3.0,4.0,3.0,4.0,4.0,3.0,6.0,5.0,5.0,6.0,6.0,6.0,6.0,5.0,7.0,,3.0,2.0,2.0,1.0,1.0,1.0,1.0,1.0,,1.0,1.0,1.0,3.0,1.0,1.0,1.0,1.0,1.0,1.0,1.0,1.0,1.0,1.0,1.0,1.0,6.0,6.0,6.0,6.0,,6.0,6.0,7.0,6.0,6.0,1.0,2.0,3.0,,3.0,3.0,3.0,2.0,2.0,3.0,3.0,2.0,3.0,,0,3.0,2.25,3.286,3.333,5.0,1.0,3.25,3.6,5.778,2.333,1.0,1.5,1.0,6.111,2.25,2.625
195,35,Mujer,Unión libre,Sin hijos,Posgrado,Urbana,3.0,Público,Entre 50 y 200 empleados,No,Presentación de servicios,48,Menos de 1 SMLV,Operativo,No,Entre 15 a 20,Entre 1 y 3 años,Presencial,Menos de 1 hora,4.0,4.0,3.0,,3.0,3.0,4.0,3.0,4.0,3.0,4.0,4.0,4.0,3.0,4.0,4.0,5.0,5.0,5.0,5.0,4.0,5.0,3.0,3.0,3.0,3.0,4.0,2.0,,3.0,4.0,,3.0,3.0,,7.0,7.0,5.0,6.0,7.0,6.0,7.0,7.0,1.0,2.0,3.0,2.0,4.0,3.0,3.0,4.0,4.0,5.0,6.0,5.0,5.0,6.0,1.0,1.0,2.0,2.0,1.0,1.0,1.0,1.0,1.0,1.0,2.0,2.0,6.0,7.0,,7.0,7.0,6.0,6.0,6.0,6.0,6.0,1.0,2.0,1.0,1.0,1.0,1.0,1.0,2.0,2.0,1.0,1.0,2.0,2.0,7.0,0,3.5,3.25,3.714,4.667,4.75,3.0,3.0,3.25,6.5,2.0,3.6,5.4,1.333,6.333,1.2,1.5
196,40,Mujer,Soltero,Sin hijos,Tecnológico,Urbana,4.0,Público,Más de 500 empleados,No,Provisionalidad,51,Entre 3 y 5 SMLV,Operativo,No,Entre 5 a 10,Entre 1 y 3 años,Híbrido,Menos de 1 hora,1.0,4.0,4.0,5.0,2.0,1.0,1.0,1.0,4.0,4.0,4.0,4.0,5.0,4.0,4.0,5.0,5.0,5.0,5.0,4.0,4.0,4.0,1.0,2.0,2.0,4.0,3.0,4.0,3.0,4.0,4.0,4.0,5.0,5.0,6.0,5.0,6.0,6.0,7.0,5.0,6.0,5.0,6.0,,4.0,2.0,4.0,1.0,1.0,1.0,1.0,1.0,1.0,1.0,1.0,1.0,1.0,,1.0,1.0,1.0,1.0,1.0,1.0,1.0,1.0,,1.0,1.0,5.0,5.0,6.0,,6.0,6.0,6.0,5.0,6.0,6.0,1.0,2.0,2.0,2.0,2.0,1.0,2.0,,2.0,2.0,1.0,3.0,2.0,,0,4.333,1.25,4.143,5.0,4.25,1.667,3.5,4.4,5.778,3.333,1.0,1.0,1.0,5.667,1.8,1.857
198,31,Mujer,Unión libre,2,Posgrado,Urbana,3.0,Público,Entre 200 y 500 empleados,No,Presentación de servicios,42,Entre 3 y 5 SMLV,Operativo,No,Entre 1 a 5,Más de 10 años,Presencial,Entre 1 y 2 horas,1.0,5.0,5.0,5.0,2.0,2.0,2.0,3.0,2.0,2.0,2.0,3.0,3.0,3.0,2.0,3.0,2.0,3.0,5.0,4.0,5.0,,2.0,2.0,2.0,2.0,2.0,2.0,3.0,3.0,3.0,3.0,4.0,4.0,6.0,6.0,5.0,5.0,5.0,6.0,6.0,6.0,6.0,2.0,2.0,2.0,2.0,1.0,2.0,,1.0,1.0,3.0,2.0,,3.0,3.0,4.0,2.0,2.0,2.0,2.0,2.0,2.0,2.0,2.0,2.0,2.0,4.0,7.0,6.0,6.0,6.0,6.0,6.0,7.0,6.0,6.0,6.0,1.0,1.0,,1.0,1.0,3.0,,4.0,3.0,4.0,3.0,2.0,3.0,6.0,0,5.0,2.25,2.429,2.667,4.667,2.0,2.25,3.4,5.667,2.0,1.25,2.75,2.333,6.2,1.0,3.143
199,31,Hombre,Casado,Sin hijos,Bachiller,Rural,4.0,Público,Entre 50 y 200 empleados,Si,Carrera,45,Entre 1 y 3 SMLV,Operativo,No,Entre 1 a 5,Entre 1 y 3 años,Presencial,Menos de 1 hora,71.0,2.0,2.0,2.0,,3.0,3.0,4.0,3.0,3.0,4.0,2.0,3.0,2.0,,5.0,,5.0,4.0,3.0,4.0,4.0,3.0,4.0,3.0,4.0,3.0,2.0,3.0,2.0,2.0,2.0,2.0,2.0,5.0,4.0,5.0,3.0,3.0,5.0,4.0,6.0,4.0,4.0,5.0,4.0,5.0,3.0,,3.0,2.0,,5.0,5.0,5.0,5.0,5.0,2.0,2.0,4.0,1.0,4.0,4.0,2.0,1.0,4.0,2.0,4.0,4.0,5.0,4.0,4.0,4.0,4.0,4.0,4.0,5.0,5.0,5.0,3.0,4.0,4.0,4.0,4.0,4.0,1.0,3.0,4.0,2.0,4.0,3.0,3.0,4.0,0,2.0,3.333,2.833,5.0,3.75,3.333,3.0,2.0,4.333,4.5,2.667,5.0,2.833,4.4,3.8,3.0
200,29,Hombre,Soltero,Sin hijos,Profesional,Urbana,1.5,Público,Entre 50 y 200 empleados,No,Carrera,39,Entre 1 y 3 SMLV,Directivo,No,Entre 10 a 15,Entre 7 y 10 años,Presencial,Menos de 1 hora,25.0,2.0,2.0,3.0,4.0,5.0,4.0,5.0,3.0,3.0,4.0,2.0,3.0,3.0,4.0,5.0,4.0,5.0,4.0,4.0,4.0,4.0,,3.0,3.0,,3.0,2.0,2.0,1.0,1.0,1.0,2.0,1.0,4.0,3.0,4.0,4.0,4.0,5.0,4.0,3.0,4.0,6.0,5.0,4.0,6.0,1.0,1.0,1.0,1.0,1.0,3.0,3.0,3.0,3.0,3.0,5.0,4.0,4.0,5.0,5.0,5.0,4.0,,5.0,,5.0,5.0,3.0,4.0,3.0,3.0,3.0,4.0,4.0,4.0,3.0,4.0,6.0,5.0,6.0,5.0,5.0,4.0,5.0,6.0,5.0,5.0,5.0,4.0,5.0,2.0,1,2.333,4.5,3.143,4.667,4.0,3.0,2.333,1.2,3.889,5.25,1.0,3.0,4.7,3.5,5.4,4.875
201,32,Mujer,Unión libre,Sin hijos,Posgrado,Urbana,3.0,Mixto,Entre 200 y 500 empleados,No,Libre nombramiento y remocion,43,Entre 1 y 3 SMLV,Operativo,No,Entre 1 a 5,Entre 1 y 3 años,Presencial,Entre 2 y 3 horas,2.0,3.0,2.0,3.0,2.0,3.0,4.0,2.0,1.0,3.0,1.0,2.0,1.0,2.0,1.0,4.0,4.0,4.0,5.0,4.0,5.0,5.0,3.0,3.0,3.0,,2.0,1.0,2.0,1.0,1.0,1.0,1.0,2.0,3.0,1.0,2.0,4.0,2.0,3.0,2.0,3.0,2.0,7.0,7.0,7.0,7.0,2.0,3.0,3.0,,3.0,5.0,4.0,4.0,4.0,4.0,5.0,5.0,7.0,5.0,5.0,5.0,5.0,,7.0,,5.0,5.0,4.0,,4.0,4.0,4.0,4.0,3.0,3.0,4.0,3.0,4.0,3.0,3.0,3.0,4.0,2.0,5.0,5.0,,3.0,3.0,4.0,4.0,1.0,0,2.667,2.75,1.571,4.0,4.75,3.0,1.667,1.2,2.444,7.0,2.75,4.2,5.4,3.667,3.4,3.714
202,33,Mujer,Casado,2,Posgrado,Urbana,2.0,Público,Entre 200 y 500 empleados,No,Presentación de servicios,34,Entre 5 y 10 SMLV,Operativo,Si,Entre 15 a 20,Entre 1 y 3 años,Presencial,Menos de 1 hora,2.0,4.0,3.0,5.0,2.0,3.0,1.0,2.0,5.0,5.0,4.0,4.0,5.0,5.0,4.0,4.0,4.0,4.0,4.0,5.0,4.0,5.0,2.0,,2.0,4.0,4.0,3.0,3.0,4.0,3.0,4.0,4.0,,6.0,7.0,6.0,7.0,5.0,6.0,7.0,7.0,5.0,1.0,2.0,1.0,,2.0,2.0,1.0,2.0,1.0,2.0,2.0,3.0,2.0,2.0,1.0,1.0,2.0,1.0,2.0,1.0,1.0,1.0,1.0,1.0,2.0,1.0,6.0,6.0,5.0,5.0,5.0,5.0,6.0,5.0,6.0,6.0,3.0,3.0,4.0,2.0,4.0,1.0,2.0,1.0,,2.0,1.0,2.0,1.0,7.0,0,4.0,2.0,4.571,4.0,4.5,2.0,3.5,3.75,6.222,1.333,1.6,2.2,1.25,5.5,3.2,1.429
203,47,Mujer,Unión libre,3,Posgrado,Urbana,3.0,Público,Entre 50 y 200 empleados,No,Presentación de servicios,36,Entre 1 y 3 SMLV,Administrativo,No,Entre 10 a 15,Menos de 1 año,Presencial,Menos de 1 hora,1.0,1.0,2.0,2.0,3.0,4.0,2.0,,4.0,3.0,4.0,3.0,3.0,2.0,4.0,3.0,3.0,2.0,4.0,5.0,4.0,5.0,3.0,2.0,4.0,2.0,2.0,3.0,3.0,4.0,4.0,4.0,5.0,4.0,5.0,,5.0,5.0,5.0,4.0,4.0,6.0,3.0,2.0,3.0,3.0,2.0,2.0,2.0,3.0,2.0,2.0,,2.0,3.0,2.0,1.0,4.0,4.0,4.0,4.0,4.0,4.0,2.0,2.0,2.0,4.0,4.0,2.0,5.0,5.0,4.0,4.0,5.0,5.0,4.0,5.0,5.0,4.0,,4.0,4.0,4.0,5.0,4.0,2.0,3.0,3.0,3.0,2.0,3.0,2.0,6.0,0,1.667,3.0,3.286,2.667,4.5,3.0,2.5,4.2,4.625,2.5,2.2,2.0,3.333,4.6,4.25,2.75
204,32,Hombre,Unión libre,Sin hijos,Tecnológico,Urbana,3.0,Público,Entre 200 y 500 empleados,No,Provisionalidad,40,Entre 1 y 3 SMLV,Administrativo,No,Entre 10 a 15,Entre 1 y 3 años,Presencial,Menos de 1 hora,4.0,3.0,2.0,,3.0,,4.0,4.0,3.0,3.0,,2.0,2.0,2.0,2.0,,5.0,5.0,4.0,5.0,5.0,5.0,,2.0,,4.0,3.0,3.0,3.0,2.0,3.0,3.0,,2.0,6.0,5.0,6.0,5.0,5.0,6.0,5.0,6.0,5.0,,3.0,2.0,2.0,4.0,4.0,4.0,4.0,4.0,6.0,6.0,5.0,5.0,6.0,1.0,1.0,1.0,1.0,,1.0,2.0,,1.0,1.0,1.0,1.0,5.0,5.0,6.0,6.0,5.0,5.0,6.0,5.0,5.0,5.0,1.0,3.0,1.0,,2.0,1.0,1.0,1.0,1.0,1.0,1.0,1.0,2.0,,0,2.5,3.667,2.333,5.0,4.75,2.0,3.25,2.5,5.444,2.333,4.0,5.6,1.1,5.3,1.75,1.125
205,59,Hombre,Viudo,1,Profesional,Urbana,5.0,Público,Entre 200 y 500 empleados,No,Presentación de servicios,47,Entre 1 y 3 SMLV,Administrativo,No,Entre 5 a 10,Más de 10 años,Presencial,Entre 2 y 3 horas,45.0,,2.0,1.0,4.0,4.0,3.0,3.0,3.0,2.0,3.0,3.0,3.0,3.0,3.0,4.0,4.0,3.0,4.0,,4.0,5.0,3.0,3.0,,3.0,2.0,2.0,2.0,2.0,3.0,3.0,,3.0,4.0,4.0,5.0,,5.0,,3.0,4.0,5.0,5.0,5.0,5.0,5.0,4.0,2.0,3.0,3.0,,4.0,5.0,4.0,4.0,3.0,4.0,4.0,4.0,4.0,4.0,4.0,4.0,4.0,4.0,4.0,5.0,4.0,4.0,6.0,4.0,,6.0,5.0,6.0,4.0,4.0,5.0,3.0,3.0,4.0,4.0,4.0,4.0,5.0,6.0,4.0,5.0,4.0,6.0,6.0,3.0,0,1.5,3.5,2.857,3.667,4.333,3.0,2.25,2.75,4.286,5.0,3.0,4.0,4.083,4.889,3.6,5.0
206,33,Mujer,Viudo,Sin hijos,Posgrado,Urbana,3.0,Público,Entre 10 y 50 empleados,No,Presentación de servicios,49,Entre 1 y 3 SMLV,Administrativo,No,Entre 5 a 10,Entre 1 y 3 años,Presencial,Menos de 1 hora,68.0,,4.0,,2.0,2.0,2.0,1.0,4.0,4.0,4.0,4.0,4.0,4.0,3.0,4.0,3.0,3.0,4.0,3.0,4.0,,1.0,1.0,1.0,4.0,5.0,4.0,5.0,3.0,3.0,4.0,3.0,3.0,5.0,7.0,6.0,6.0,6.0,6.0,7.0,6.0,7.0,3.0,3.0,3.0,4.0,2.0,2.0,1.0,1.0,1.0,1.0,2.0,1.0,1.0,3.0,1.0,1.0,2.0,1.0,2.0,,1.0,2.0,2.0,2.0,1.0,1.0,6.0,7.0,6.0,6.0,7.0,7.0,6.0,6.0,6.0,7.0,3.0,3.0,2.0,2.0,,2.0,2.0,1.0,1.0,2.0,1.0,2.0,1.0,5.0,0,4.0,1.75,3.857,3.333,3.667,1.0,4.5,3.2,6.222,3.25,1.4,1.6,1.455,6.4,2.5,1.5
207,40,Mujer,Soltero,Sin hijos,Profesional,Urbana,2.0,Público,Entre 50 y 200 empleados,No,Presentación de servicios,48,Entre 1 y 3 SMLV,Administrativo,No,Entre 5 a 10,Entre 1 y 3 años,Presencial,Entre 1 y 2 horas,21.0,,3.0,3.0,4.0,5.0,,4.0,2.0,2.0,2.0,2.0,,3.0,2.0,,4.0,,,4.0,4.0,4.0,2.0,,2.0,3.0,,3.0,3.0,3.0,2.0,2.0,2.0,2.0,,6.0,,5.0,4.0,5.0,5.0,5.0,5.0,3.0,5.0,3.0,4.0,4.0,4.0,,4.0,3.0,5.0,4.0,4.0,5.0,4.0,4.0,4.0,4.0,4.0,,4.0,4.0,5.0,5.0,5.0,5.0,4.0,4.0,4.0,4.0,4.0,4.0,5.0,4.0,5.0,5.0,4.0,6.0,7.0,6.0,6.0,,3.0,3.0,2.0,4.0,3.0,3.0,3.0,3.0,5.0,0,3.0,4.333,2.167,4.0,4.0,2.0,3.0,2.2,5.0,3.75,3.75,4.4,4.364,4.3,6.25,3.0
208,29,Mujer,Unión libre,Sin hijos,Posgrado,Urbana,5.0,Público,Entre 200 y 500 empleados,No,Otro,47,Entre 3 y 5 SMLV,Administrativo,No,Entre 1 a 5,Entre 1 y 3 años,Presencial,Entre 1 y 2 horas,49.0,2.0,2.0,2.0,3.0,5.0,3.0,3.0,3.0,3.0,3.0,2.0,3.0,2.0,2.0,4.0,3.0,4.0,4.0,5.0,5.0,5.0,3.0,2.0,2.0,3.0,,3.0,3.0,2.0,1.0,2.0,2.0,2.0,4.0,5.0,5.0,5.0,5.0,5.0,,5.0,5.0,,4.0,,4.0,1.0,2.0,1.0,1.0,2.0,5.0,5.0,5.0,5.0,,5.0,7.0,5.0,7.0,5.0,5.0,7.0,5.0,5.0,5.0,7.0,5.0,4.0,5.0,5.0,3.0,4.0,5.0,4.0,4.0,4.0,5.0,6.0,3.0,,3.0,,4.0,4.0,4.0,5.0,3.0,3.0,4.0,3.0,,0,2.0,3.5,2.571,3.667,4.75,2.333,3.0,1.8,4.875,4.0,1.4,5.0,5.667,4.3,4.0,3.75
209,49,Hombre,Casado,1,Profesional,Urbana,3.0,Público,Más de 500 empleados,No,Otro,46,Entre 1 y 3 SMLV,Administrativo,No,Entre 15 a 20,Entre 1 y 3 años,Presencial,Entre 2 y 3 horas,29.0,3.0,3.0,3.0,1.0,2.0,1.0,,3.0,3.0,3.0,3.0,4.0,3.0,3.0,2.0,3.0,3.0,4.0,4.0,5.0,4.0,2.0,2.0,2.0,3.0,5.0,3.0,4.0,3.0,3.0,3.0,3.0,2.0,6.0,7.0,6.0,6.0,7.0,6.0,6.0,7.0,6.0,2.0,2.0,2.0,3.0,2.0,2.0,1.0,1.0,2.0,1.0,2.0,1.0,1.0,2.0,1.0,2.0,2.0,2.0,2.0,2.0,2.0,2.0,1.0,2.0,2.0,2.0,6.0,6.0,6.0,6.0,6.0,7.0,6.0,7.0,6.0,6.0,2.0,1.0,1.0,1.0,1.0,3.0,3.0,3.0,3.0,3.0,,4.0,3.0,6.0,0,3.0,1.333,3.143,2.667,4.25,2.0,3.75,2.8,6.333,2.25,1.6,1.4,1.833,6.2,1.2,3.143
210,43,Mujer,Soltero,Sin hijos,Posgrado,Urbana,1.5,Mixto,Entre 200 y 500 empleados,No,Carrera,39,Entre 1 y 3 SMLV,Administrativo,No,Entre 1 a 5,Entre 3 y 7 años,Presencial,Menos de 1 hora,16.0,5.0,5.0,5.0,1.0,1.0,1.0,1.0,5.0,4.0,5.0,4.0,4.0,4.0,5.0,4.0,4.0,4.0,5.0,5.0,5.0,5.0,2.0,1.0,1.0,,5.0,4.0,4.0,3.0,3.0,3.0,4.0,3.0,6.0,6.0,5.0,6.0,5.0,6.0,7.0,7.0,6.0,1.0,1.0,1.0,1.0,1.0,2.0,2.0,2.0,3.0,1.0,1.0,1.0,1.0,2.0,1.0,2.0,2.0,1.0,1.0,1.0,,2.0,1.0,1.0,1.0,2.0,7.0,7.0,7.0,7.0,7.0,7.0,6.0,7.0,7.0,6.0,2.0,2.0,2.0,2.0,2.0,1.0,,1.0,1.0,2.0,1.0,3.0,2.0,7.0,1,5.0,1.0,4.429,4.0,5.0,1.333,4.333,3.2,6.0,1.0,2.0,1.2,1.364,6.8,2.0,1.571
211,22,Mujer,Casado,2,Posgrado,Urbana,5.0,Público,Entre 200 y 500 empleados,Si,Presentación de servicios,45,Entre 1 y 3 SMLV,Administrativo,No,Entre 1 a 5,Entre 1 y 3 años,Presencial,Entre 1 y 2 horas,13.0,1.0,1.0,2.0,5.0,4.0,5.0,5.0,,3.0,3.0,3.0,3.0,4.0,3.0,3.0,4.0,4.0,4.0,4.0,5.0,4.0,,3.0,3.0,3.0,3.0,3.0,4.0,3.0,3.0,3.0,,2.0,,4.0,3.0,3.0,2.0,3.0,3.0,4.0,3.0,5.0,5.0,4.0,5.0,3.0,4.0,3.0,1.0,3.0,,3.0,5.0,3.0,3.0,5.0,7.0,5.0,5.0,5.0,,5.0,4.0,5.0,5.0,7.0,,3.0,3.0,3.0,2.0,3.0,2.0,3.0,2.0,3.0,3.0,5.0,6.0,6.0,6.0,4.0,4.0,4.0,4.0,3.0,3.0,5.0,4.0,4.0,3.0,0,1.333,4.75,3.167,3.667,4.25,3.0,3.25,2.75,3.125,4.75,2.8,3.5,5.3,2.7,5.4,3.875
213,52,Hombre,Soltero,3,Tecnológico,Urbana,4.0,Mixto,Entre 200 y 500 empleados,No,Presentación de servicios,50,Entre 1 y 3 SMLV,Administrativo,Si,Entre 1 a 5,Entre 1 y 3 años,Presencial,Menos de 1 hora,57.0,5.0,5.0,5.0,2.0,2.0,3.0,3.0,3.0,3.0,4.0,3.0,2.0,3.0,4.0,4.0,4.0,3.0,4.0,4.0,4.0,4.0,1.0,1.0,1.0,3.0,2.0,1.0,3.0,4.0,4.0,,3.0,4.0,6.0,7.0,6.0,6.0,7.0,,6.0,5.0,6.0,2.0,2.0,3.0,3.0,2.0,2.0,1.0,1.0,1.0,4.0,4.0,3.0,3.0,4.0,1.0,1.0,1.0,1.0,2.0,1.0,1.0,1.0,1.0,1.0,1.0,1.0,6.0,7.0,,6.0,7.0,7.0,7.0,7.0,7.0,7.0,4.0,4.0,4.0,4.0,3.0,2.0,3.0,3.0,3.0,3.0,3.0,3.0,4.0,6.0,0,5.0,2.5,3.143,3.667,4.0,1.0,2.25,3.75,6.125,2.5,1.4,3.6,1.083,6.778,3.8,3.0
214,54,Mujer,Casado,1,Profesional,Urbana,3.0,Público,Entre 200 y 500 empleados,No,Carrera,40,Entre 1 y 3 SMLV,Administrativo,No,Entre 1 a 5,Entre 1 y 3 años,Presencial,Menos de 1 hora,0.0,3.0,4.0,4.0,2.0,2.0,,1.0,3.0,3.0,4.0,3.0,3.0,3.0,3.0,5.0,5.0,4.0,4.0,3.0,5.0,4.0,3.0,2.0,2.0,4.0,3.0,3.0,,5.0,4.0,3.0,,3.0,4.0,5.0,6.0,5.0,4.0,,5.0,4.0,5.0,4.0,3.0,3.0,2.0,3.0,2.0,2.0,2.0,2.0,3.0,3.0,3.0,3.0,,,4.0,4.0,2.0,2.0,2.0,2.0,2.0,4.0,2.0,4.0,4.0,7.0,7.0,6.0,7.0,7.0,6.0,7.0,6.0,7.0,6.0,1.0,2.0,1.0,2.0,1.0,3.0,2.0,1.0,3.0,1.0,2.0,2.0,2.0,4.0,0,3.667,1.667,3.143,4.667,4.0,2.333,3.333,3.75,4.75,3.0,2.2,3.0,2.909,6.6,1.4,2.0
215,65,Mujer,Soltero,Sin hijos,Posgrado,Rural,2.0,Público,Entre 50 y 200 empleados,Si,Libre nombramiento y remocion,44,Entre 1 y 3 SMLV,Administrativo,No,Entre 10 a 15,Entre 3 y 7 años,Presencial,Más de 3 horas,10.0,4.0,5.0,4.0,2.0,2.0,2.0,2.0,5.0,5.0,5.0,5.0,5.0,5.0,5.0,5.0,4.0,4.0,5.0,5.0,5.0,5.0,2.0,2.0,2.0,5.0,4.0,4.0,5.0,3.0,4.0,4.0,4.0,4.0,4.0,4.0,4.0,5.0,4.0,5.0,5.0,5.0,5.0,3.0,4.0,3.0,3.0,3.0,3.0,4.0,3.0,3.0,2.0,2.0,2.0,1.0,1.0,4.0,4.0,4.0,2.0,2.0,2.0,4.0,1.0,,,2.0,2.0,,7.0,6.0,,7.0,7.0,6.0,7.0,7.0,7.0,2.0,1.0,2.0,1.0,2.0,2.0,,1.0,1.0,1.0,1.0,2.0,1.0,5.0,0,4.333,2.0,5.0,4.333,5.0,2.0,4.5,3.8,4.556,3.25,3.2,1.6,2.7,6.75,1.6,1.286
216,59,Hombre,Soltero,1,Profesional,Urbana,3.0,Público,Más de 500 empleados,No,Presentación de servicios,52,Entre 1 y 3 SMLV,Administrativo,No,Entre 1 a 5,Entre 1 y 3 años,Presencial,Menos de 1 hora,0.0,3.0,2.0,2.0,,4.0,4.0,4.0,2.0,1.0,3.0,3.0,2.0,2.0,3.0,5.0,4.0,4.0,5.0,4.0,4.0,5.0,3.0,2.0,3.0,1.0,2.0,1.0,1.0,3.0,3.0,2.0,3.0,2.0,4.0,5.0,4.0,4.0,4.0,4.0,4.0,4.0,5.0,7.0,7.0,7.0,7.0,1.0,1.0,1.0,1.0,,2.0,3.0,2.0,3.0,3.0,7.0,5.0,5.0,7.0,7.0,5.0,5.0,5.0,7.0,7.0,5.0,5.0,3.0,3.0,4.0,3.0,4.0,3.0,3.0,3.0,4.0,3.0,,4.0,5.0,4.0,5.0,6.0,4.0,6.0,5.0,5.0,6.0,5.0,7.0,1.0,0,2.333,4.0,2.286,4.333,4.5,2.667,1.25,2.6,4.222,7.0,1.0,2.6,5.833,3.3,4.5,5.5
217,31,Mujer,Unión libre,Sin hijos,Bachiller,Urbana,5.0,Público,Entre 50 y 200 empleados,No,Presentación de servicios,41,Entre 1 y 3 SMLV,Administrativo,No,Entre 1 a 5,Menos de 1 año,Presencial,Entre 1 y 2 horas,26.0,1.0,1.0,1.0,5.0,5.0,5.0,4.0,1.0,3.0,2.0,2.0,2.0,3.0,2.0,4.0,4.0,4.0,3.0,4.0,4.0,4.0,3.0,4.0,4.0,2.0,,2.0,1.0,2.0,1.0,1.0,3.0,1.0,4.0,5.0,5.0,4.0,5.0,4.0,4.0,4.0,3.0,5.0,3.0,4.0,4.0,4.0,2.0,4.0,4.0,3.0,4.0,4.0,5.0,6.0,5.0,4.0,5.0,4.0,5.0,5.0,4.0,5.0,4.0,4.0,4.0,4.0,5.0,3.0,2.0,2.0,3.0,3.0,3.0,3.0,2.0,3.0,3.0,3.0,4.0,4.0,3.0,3.0,,,,4.0,5.0,5.0,4.0,4.0,3.0,0,1.0,4.75,2.143,4.0,3.75,3.667,1.667,1.6,4.222,4.0,3.4,4.8,4.417,2.7,3.4,4.4
218,34,Mujer,Casado,Sin hijos,Posgrado,Urbana,4.0,Público,Entre 200 y 500 empleados,No,Otro,42,Entre 1 y 3 SMLV,Administrativo,No,Entre 20 a 25,Entre 3 y 7 años,Presencial,Menos de 1 hora,26.0,2.0,3.0,2.0,4.0,3.0,4.0,4.0,3.0,3.0,3.0,3.0,3.0,2.0,2.0,4.0,4.0,5.0,4.0,5.0,5.0,5.0,4.0,4.0,3.0,2.0,3.0,3.0,3.0,1.0,1.0,2.0,2.0,2.0,5.0,4.0,4.0,4.0,5.0,5.0,4.0,4.0,5.0,,,3.0,4.0,1.0,,1.0,1.0,1.0,2.0,2.0,3.0,3.0,2.0,4.0,4.0,2.0,2.0,4.0,2.0,5.0,2.0,4.0,4.0,4.0,4.0,6.0,5.0,5.0,5.0,5.0,6.0,5.0,6.0,5.0,5.0,3.0,2.0,2.0,3.0,3.0,2.0,2.0,2.0,2.0,3.0,3.0,3.0,4.0,,0,2.333,3.75,2.714,4.333,4.75,3.667,2.75,1.6,4.444,3.5,1.0,2.4,3.417,5.3,2.6,2.625
219,35,Hombre,Soltero,Sin hijos,Tecnológico,Urbana,2.0,Público,Entre 50 y 200 empleados,No,Otro,39,Entre 1 y 3 SMLV,Administrativo,Si,Entre 20 a 25,Más de 10 años,Presencial,Entre 2 y 3 horas,2.0,4.0,3.0,4.0,3.0,2.0,3.0,3.0,4.0,3.0,,2.0,3.0,3.0,2.0,2.0,4.0,3.0,5.0,5.0,5.0,4.0,3.0,3.0,3.0,2.0,1.0,3.0,2.0,4.0,3.0,4.0,3.0,3.0,6.0,7.0,6.0,5.0,6.0,,5.0,6.0,6.0,4.0,2.0,3.0,3.0,3.0,4.0,3.0,2.0,2.0,3.0,3.0,3.0,3.0,4.0,4.0,2.0,2.0,1.0,4.0,1.0,1.0,2.0,2.0,2.0,2.0,2.0,5.0,5.0,5.0,5.0,4.0,4.0,5.0,5.0,5.0,5.0,4.0,5.0,4.0,5.0,3.0,3.0,4.0,4.0,3.0,4.0,3.0,4.0,4.0,4.0,0,3.667,2.75,2.833,3.0,4.75,3.0,2.0,3.4,5.875,3.0,2.8,3.2,2.083,4.8,4.2,3.625
220,42,Mujer,Casado,Sin hijos,Técnico,Urbana,3.0,Público,Más de 500 empleados,No,Presentación de servicios,40,Entre 1 y 3 SMLV,Administrativo,No,Entre 5 a 10,Entre 7 y 10 años,Presencial,Menos de 1 hora,38.0,5.0,5.0,5.0,1.0,,2.0,1.0,5.0,4.0,5.0,5.0,5.0,,5.0,3.0,3.0,3.0,5.0,4.0,,4.0,1.0,1.0,2.0,5.0,4.0,4.0,5.0,3.0,3.0,3.0,3.0,3.0,6.0,5.0,6.0,4.0,5.0,4.0,4.0,5.0,5.0,4.0,5.0,6.0,,3.0,2.0,2.0,1.0,3.0,3.0,3.0,3.0,4.0,3.0,4.0,,2.0,4.0,2.0,4.0,2.0,2.0,4.0,2.0,4.0,4.0,5.0,,5.0,6.0,5.0,5.0,4.0,6.0,5.0,5.0,2.0,3.0,4.0,3.0,5.0,1.0,1.0,1.0,1.0,1.0,1.0,2.0,1.0,4.0,0,5.0,1.333,4.833,3.0,4.333,1.333,4.5,3.0,4.889,5.0,2.2,3.2,3.091,5.111,3.4,1.125
221,39,Mujer,Unión libre,1,Posgrado,Urbana,4.0,Mixto,Más de 500 empleados,No,Provisionalidad,35,Entre 1 y 3 SMLV,Administrativo,No,Entre 10 a 15,Entre 1 y 3 años,Presencial,Entre 1 y 2 horas,45.0,4.0,3.0,5.0,3.0,2.0,2.0,2.0,3.0,3.0,,3.0,4.0,4.0,3.0,,5.0,5.0,4.0,5.0,5.0,,2.0,1.0,,3.0,3.0,2.0,4.0,4.0,4.0,4.0,4.0,3.0,6.0,6.0,5.0,5.0,,5.0,5.0,6.0,,4.0,5.0,5.0,3.0,2.0,4.0,2.0,3.0,3.0,2.0,3.0,4.0,3.0,3.0,1.0,,,1.0,2.0,1.0,2.0,1.0,2.0,1.0,1.0,1.0,5.0,6.0,6.0,6.0,7.0,6.0,6.0,6.0,6.0,7.0,2.0,2.0,3.0,4.0,1.0,2.0,2.0,2.0,3.0,3.0,2.0,3.0,4.0,4.0,0,4.0,2.25,3.333,5.0,4.667,1.5,3.0,3.8,5.429,4.25,2.8,3.0,1.3,6.1,2.4,2.625
222,36,Mujer,Soltero,Sin hijos,Profesional,Rural,4.0,Público,Entre 50 y 200 empleados,No,Presentación de servicios,38,Entre 1 y 3 SMLV,Administrativo,No,Entre 10 a 15,Entre 1 y 3 años,Presencial,Entre 1 y 2 horas,62.0,1.0,1.0,2.0,3.0,5.0,4.0,5.0,4.0,3.0,2.0,3.0,3.0,3.0,2.0,4.0,4.0,4.0,5.0,5.0,5.0,4.0,3.0,3.0,2.0,,3.0,4.0,4.0,4.0,3.0,4.0,3.0,3.0,3.0,3.0,,4.0,,3.0,5.0,4.0,4.0,6.0,5.0,7.0,6.0,,2.0,,1.0,3.0,4.0,3.0,,5.0,3.0,4.0,4.0,4.0,,4.0,4.0,2.0,4.0,4.0,,4.0,4.0,3.0,2.0,3.0,3.0,3.0,4.0,4.0,3.0,3.0,3.0,5.0,6.0,4.0,4.0,4.0,3.0,4.0,4.0,4.0,3.0,2.0,4.0,4.0,2.0,0,1.333,4.25,2.857,4.0,4.75,2.667,3.667,3.4,3.714,6.0,2.0,3.75,3.8,3.1,4.6,3.5
225,62,Mujer,Separado,1,Posgrado,Urbana,2.0,Público,Entre 200 y 500 empleados,No,Carrera,43,Entre 1 y 3 SMLV,Administrativo,No,Entre 1 a 5,Entre 3 y 7 años,Presencial,Menos de 1 hora,65.0,,1.0,1.0,5.0,4.0,4.0,5.0,3.0,4.0,3.0,,3.0,4.0,4.0,4.0,4.0,4.0,,5.0,5.0,5.0,3.0,2.0,4.0,2.0,2.0,2.0,3.0,4.0,4.0,4.0,5.0,4.0,,6.0,5.0,6.0,5.0,5.0,5.0,7.0,6.0,3.0,,4.0,4.0,3.0,2.0,2.0,2.0,1.0,6.0,6.0,,5.0,6.0,4.0,,4.0,4.0,4.0,4.0,4.0,4.0,4.0,4.0,2.0,2.0,4.0,4.0,5.0,5.0,4.0,5.0,5.0,5.0,5.0,4.0,4.0,5.0,5.0,5.0,4.0,3.0,6.0,4.0,5.0,4.0,4.0,4.0,4.0,5.0,0,1.0,4.5,3.5,4.0,5.0,3.0,2.25,4.2,5.625,3.667,2.0,5.75,3.636,4.6,4.6,4.25
226,36,Mujer,Soltero,2,Profesional,Urbana,3.0,Público,Entre 50 y 200 empleados,No,Carrera,44,Entre 1 y 3 SMLV,Administrativo,No,Entre 5 a 10,Entre 3 y 7 años,Presencial,Menos de 1 hora,52.0,5.0,,5.0,1.0,1.0,1.0,,3.0,,4.0,4.0,3.0,3.0,3.0,5.0,,,5.0,5.0,4.0,5.0,2.0,1.0,1.0,3.0,3.0,3.0,4.0,3.0,2.0,,2.0,3.0,7.0,7.0,6.0,7.0,6.0,5.0,6.0,6.0,6.0,1.0,2.0,1.0,2.0,1.0,1.0,2.0,,1.0,1.0,1.0,,1.0,1.0,2.0,2.0,2.0,2.0,2.0,,2.0,2.0,2.0,2.0,4.0,2.0,5.0,5.0,6.0,5.0,5.0,4.0,5.0,6.0,5.0,5.0,1.0,1.0,2.0,1.0,2.0,2.0,,2.0,2.0,3.0,1.0,2.0,2.0,7.0,0,5.0,1.0,3.333,5.0,4.75,1.333,3.25,2.5,6.222,1.5,1.25,1.0,2.182,5.1,1.4,2.0
227,45,Mujer,Separado,1,Posgrado,Urbana,4.0,Público,Entre 50 y 200 empleados,No,Otro,51,Menos de 1 SMLV,Administrativo,No,Entre 15 a 20,Más de 10 años,Presencial,Menos de 1 hora,67.0,2.0,2.0,2.0,3.0,3.0,3.0,4.0,4.0,3.0,4.0,4.0,3.0,3.0,5.0,3.0,4.0,4.0,4.0,3.0,4.0,5.0,2.0,3.0,3.0,3.0,4.0,4.0,4.0,2.0,2.0,3.0,2.0,3.0,6.0,5.0,6.0,6.0,6.0,7.0,6.0,5.0,6.0,2.0,2.0,3.0,3.0,2.0,,3.0,3.0,2.0,3.0,2.0,3.0,,2.0,1.0,2.0,1.0,1.0,2.0,2.0,2.0,2.0,1.0,2.0,1.0,2.0,5.0,6.0,5.0,6.0,5.0,6.0,6.0,6.0,6.0,5.0,4.0,3.0,3.0,4.0,3.0,,,2.0,2.0,2.0,2.0,2.0,3.0,6.0,0,2.0,3.25,3.714,3.667,4.0,2.667,3.75,2.4,5.889,2.5,2.5,2.5,1.583,5.6,3.4,2.167
228,45,Mujer,Soltero,1,Profesional,Urbana,4.0,Mixto,Entre 50 y 200 empleados,Si,Otro,46,Entre 3 y 5 SMLV,Administrativo,No,Entre 5 a 10,Entre 1 y 3 años,Presencial,Entre 2 y 3 horas,21.0,2.0,3.0,2.0,4.0,4.0,4.0,3.0,2.0,3.0,3.0,3.0,3.0,3.0,3.0,,4.0,4.0,4.0,,5.0,4.0,3.0,3.0,2.0,3.0,3.0,2.0,2.0,4.0,3.0,3.0,4.0,4.0,6.0,7.0,7.0,6.0,6.0,6.0,6.0,7.0,6.0,1.0,2.0,2.0,1.0,3.0,3.0,3.0,2.0,3.0,6.0,6.0,5.0,5.0,5.0,2.0,2.0,2.0,,1.0,2.0,1.0,2.0,1.0,2.0,2.0,2.0,,4.0,4.0,4.0,4.0,4.0,4.0,4.0,5.0,4.0,2.0,3.0,4.0,2.0,2.0,3.0,2.0,2.0,3.0,3.0,2.0,3.0,2.0,7.0,0,2.333,3.75,2.857,4.0,4.333,2.667,2.5,3.6,6.333,1.5,2.8,5.4,1.727,4.111,2.6,2.5
229,42,Mujer,Casado,Sin hijos,Posgrado,Urbana,4.0,Público,Entre 50 y 200 empleados,No,Provisionalidad,48,Entre 1 y 3 SMLV,Administrativo,No,Entre 1 a 5,Entre 1 y 3 años,Híbrido,Entre 1 y 2 horas,7.0,2.0,3.0,3.0,5.0,4.0,4.0,2.0,2.0,2.0,,2.0,1.0,2.0,,3.0,4.0,4.0,5.0,4.0,5.0,5.0,2.0,3.0,3.0,1.0,1.0,1.0,1.0,2.0,2.0,3.0,2.0,2.0,5.0,,4.0,5.0,4.0,4.0,4.0,5.0,4.0,4.0,,4.0,4.0,2.0,1.0,1.0,1.0,1.0,1.0,,2.0,1.0,1.0,5.0,4.0,4.0,5.0,4.0,5.0,,5.0,5.0,4.0,5.0,4.0,4.0,4.0,4.0,3.0,3.0,4.0,4.0,4.0,4.0,3.0,6.0,6.0,6.0,5.0,6.0,,7.0,7.0,7.0,7.0,,7.0,7.0,4.0,0,2.667,3.75,1.8,3.667,4.75,2.667,1.0,2.2,4.375,4.0,1.2,1.25,4.545,3.7,5.8,7.0
230,39,Hombre,Unión libre,2,Posgrado,Urbana,3.0,Público,Entre 50 y 200 empleados,No,Presentación de servicios,43,Entre 3 y 5 SMLV,Directivo,No,Entre 15 a 20,Entre 3 y 7 años,Presencial,Menos de 1 hora,12.0,2.0,1.0,2.0,4.0,3.0,3.0,3.0,2.0,2.0,2.0,2.0,2.0,3.0,2.0,4.0,,4.0,,5.0,4.0,5.0,3.0,3.0,2.0,2.0,1.0,3.0,1.0,2.0,2.0,1.0,2.0,1.0,5.0,4.0,5.0,5.0,4.0,5.0,,4.0,4.0,4.0,3.0,4.0,3.0,2.0,1.0,2.0,1.0,2.0,2.0,3.0,3.0,3.0,4.0,5.0,4.0,4.0,5.0,5.0,4.0,4.0,,4.0,5.0,5.0,4.0,5.0,5.0,5.0,5.0,5.0,5.0,5.0,5.0,5.0,6.0,4.0,4.0,4.0,5.0,4.0,4.0,4.0,,4.0,4.0,5.0,,6.0,4.0,0,1.667,3.25,2.143,4.0,4.667,2.667,1.75,1.6,4.5,3.5,1.6,3.0,4.455,5.1,4.2,4.5
231,51,Mujer,Unión libre,2,Tecnológico,Urbana,3.0,Público,Más de 500 empleados,No,Libre nombramiento y remocion,38,Entre 1 y 3 SMLV,Administrativo,No,Entre 15 a 20,Menos de 1 año,Presencial,Entre 1 y 2 horas,7.0,1.0,2.0,1.0,3.0,2.0,2.0,2.0,5.0,4.0,5.0,4.0,5.0,5.0,5.0,4.0,2.0,3.0,5.0,4.0,4.0,4.0,1.0,2.0,2.0,4.0,,2.0,4.0,3.0,5.0,5.0,4.0,5.0,6.0,6.0,6.0,6.0,5.0,6.0,7.0,6.0,6.0,6.0,5.0,5.0,5.0,1.0,1.0,2.0,1.0,1.0,2.0,2.0,2.0,2.0,2.0,4.0,2.0,2.0,1.0,2.0,1.0,1.0,2.0,2.0,4.0,,2.0,6.0,6.0,6.0,7.0,6.0,6.0,6.0,7.0,6.0,6.0,,3.0,2.0,3.0,3.0,1.0,1.0,,1.0,2.0,1.0,1.0,1.0,2.0,0,1.333,2.25,4.714,3.0,4.25,1.667,3.333,4.4,6.0,5.25,1.2,2.0,2.091,6.2,2.75,1.143
232,43,Hombre,Casado,2,Posgrado,Urbana,5.0,Público,Entre 10 y 50 empleados,No,Carrera,32,Entre 1 y 3 SMLV,Administrativo,No,Entre 1 a 5,Entre 1 y 3 años,Presencial,Entre 1 y 2 horas,17.0,1.0,1.0,1.0,4.0,3.0,4.0,5.0,,1.0,1.0,1.0,,2.0,,3.0,4.0,4.0,5.0,5.0,5.0,5.0,4.0,4.0,4.0,1.0,,1.0,2.0,3.0,2.0,2.0,2.0,1.0,4.0,5.0,4.0,4.0,3.0,4.0,4.0,3.0,5.0,5.0,5.0,5.0,5.0,1.0,1.0,2.0,1.0,2.0,4.0,5.0,5.0,5.0,6.0,5.0,5.0,5.0,7.0,5.0,5.0,7.0,,5.0,7.0,5.0,5.0,3.0,3.0,3.0,3.0,2.0,3.0,3.0,2.0,2.0,3.0,5.0,4.0,5.0,5.0,5.0,6.0,6.0,5.0,6.0,7.0,7.0,7.0,7.0,3.0,0,1.0,4.0,1.25,3.667,5.0,4.0,1.333,2.0,4.0,5.0,1.4,5.0,5.545,2.7,4.8,6.375
233,42,Mujer,Soltero,2,Profesional,Urbana,3.0,Público,Entre 50 y 200 empleados,No,Provisionalidad,35,Entre 1 y 3 SMLV,Operativo,No,Entre 15 a 20,Entre 7 y 10 años,Presencial,Menos de 1 hora,0.0,3.0,4.0,4.0,3.0,2.0,2.0,2.0,4.0,,4.0,3.0,4.0,,3.0,4.0,4.0,4.0,5.0,5.0,,4.0,1.0,,2.0,2.0,2.0,2.0,3.0,3.0,2.0,3.0,3.0,2.0,6.0,6.0,6.0,6.0,6.0,6.0,7.0,6.0,6.0,3.0,3.0,3.0,4.0,2.0,2.0,1.0,3.0,2.0,4.0,4.0,4.0,3.0,4.0,4.0,4.0,2.0,5.0,4.0,4.0,5.0,4.0,4.0,4.0,4.0,2.0,7.0,6.0,7.0,7.0,7.0,6.0,7.0,7.0,6.0,6.0,1.0,,1.0,,1.0,1.0,2.0,2.0,3.0,2.0,1.0,3.0,1.0,5.0,0,3.667,2.25,3.6,4.0,4.667,1.5,2.25,2.6,6.111,3.25,2.0,3.8,3.833,6.6,1.0,1.875
234,54,Hombre,Viudo,2,Técnico,Urbana,4.0,Público,Entre 50 y 200 empleados,No,Otro,54,Entre 1 y 3 SMLV,Administrativo,No,Entre 10 a 15,Entre 3 y 7 años,Presencial,Entre 1 y 2 horas,16.0,3.0,3.0,2.0,4.0,4.0,3.0,3.0,5.0,5.0,5.0,4.0,4.0,5.0,5.0,4.0,3.0,3.0,4.0,5.0,4.0,4.0,2.0,2.0,2.0,3.0,5.0,4.0,5.0,4.0,2.0,3.0,3.0,4.0,5.0,5.0,5.0,6.0,6.0,6.0,5.0,7.0,6.0,3.0,4.0,2.0,3.0,4.0,3.0,4.0,4.0,3.0,3.0,,4.0,4.0,4.0,2.0,2.0,2.0,,1.0,1.0,1.0,1.0,2.0,2.0,2.0,2.0,6.0,5.0,5.0,5.0,5.0,6.0,5.0,5.0,5.0,5.0,3.0,4.0,2.0,4.0,3.0,4.0,1.0,2.0,2.0,1.0,3.0,1.0,1.0,5.0,0,2.667,3.5,4.714,3.333,4.25,2.0,4.25,3.2,5.667,3.0,3.6,3.75,1.636,5.2,3.2,1.875
236,70,Mujer,Casado,Sin hijos,Técnico,Urbana,4.0,Público,Entre 50 y 200 empleados,Si,Carrera,49,Entre 1 y 3 SMLV,Administrativo,No,Más de 25,Entre 1 y 3 años,Presencial,Entre 1 y 2 horas,2.0,1.0,,1.0,4.0,4.0,3.0,4.0,3.0,4.0,2.0,3.0,2.0,4.0,2.0,4.0,3.0,3.0,5.0,5.0,5.0,5.0,3.0,3.0,2.0,2.0,,,2.0,2.0,3.0,3.0,3.0,2.0,5.0,5.0,,6.0,5.0,4.0,4.0,5.0,5.0,,3.0,5.0,4.0,1.0,1.0,2.0,2.0,1.0,3.0,4.0,3.0,4.0,3.0,2.0,4.0,4.0,4.0,,2.0,4.0,4.0,4.0,4.0,,4.0,4.0,5.0,5.0,5.0,4.0,4.0,4.0,4.0,4.0,6.0,3.0,5.0,5.0,4.0,4.0,4.0,4.0,6.0,5.0,5.0,5.0,5.0,4.0,,1,1.0,3.75,2.857,3.333,5.0,2.667,2.0,2.6,4.875,4.0,1.4,3.4,3.6,4.5,4.2,4.75
237,22,Hombre,Soltero,2,Bachiller,Rural,3.0,Público,Menos de 10 empleados,No,Carrera,48,Entre 1 y 3 SMLV,Administrativo,No,Entre 10 a 15,Entre 1 y 3 años,Presencial,Menos de 1 hora,3.0,5.0,3.0,3.0,2.0,3.0,3.0,,3.0,2.0,3.0,3.0,4.0,3.0,,4.0,4.0,4.0,5.0,5.0,5.0,5.0,2.0,2.0,2.0,3.0,3.0,3.0,4.0,,3.0,3.0,3.0,,7.0,7.0,5.0,7.0,7.0,7.0,7.0,7.0,7.0,1.0,1.0,2.0,2.0,2.0,2.0,2.0,1.0,2.0,4.0,3.0,4.0,5.0,3.0,1.0,1.0,1.0,,1.0,1.0,1.0,2.0,1.0,1.0,,1.0,6.0,6.0,7.0,5.0,6.0,5.0,5.0,6.0,6.0,6.0,2.0,2.0,2.0,1.0,1.0,2.0,3.0,2.0,2.0,1.0,3.0,3.0,3.0,7.0,0,3.667,2.667,3.0,4.0,5.0,2.0,3.25,3.0,6.778,1.5,1.8,3.8,1.1,5.8,1.6,2.375
238,59,Hombre,Unión libre,3,Profesional,Urbana,4.0,Mixto,Entre 200 y 500 empleados,No,Carrera,27,Entre 3 y 5 SMLV,Operativo,Si,Entre 1 a 5,Entre 1 y 3 años,Presencial,Entre 2 y 3 horas,28.0,4.0,4.0,3.0,3.0,,2.0,2.0,4.0,3.0,2.0,3.0,2.0,3.0,4.0,5.0,5.0,5.0,4.0,4.0,5.0,4.0,,2.0,3.0,2.0,1.0,2.0,3.0,2.0,3.0,3.0,3.0,2.0,6.0,6.0,6.0,5.0,6.0,5.0,6.0,5.0,,3.0,3.0,2.0,3.0,1.0,3.0,1.0,3.0,2.0,2.0,1.0,2.0,1.0,1.0,1.0,1.0,1.0,,1.0,,1.0,1.0,1.0,1.0,1.0,2.0,7.0,7.0,7.0,6.0,7.0,7.0,7.0,6.0,7.0,7.0,4.0,4.0,3.0,3.0,3.0,5.0,3.0,3.0,4.0,4.0,,4.0,4.0,5.0,1,3.667,2.333,3.0,5.0,4.25,2.5,2.0,2.6,5.625,2.75,2.0,1.4,1.1,6.8,3.4,3.857
239,36,Mujer,Soltero,3,Primaria,Urbana,4.0,Público,Entre 200 y 500 empleados,Si,Otro,50,Entre 1 y 3 SMLV,Administrativo,No,Entre 15 a 20,Entre 7 y 10 años,Presencial,Menos de 1 hora,13.0,3.0,,4.0,4.0,4.0,4.0,4.0,3.0,4.0,3.0,3.0,3.0,3.0,3.0,3.0,4.0,,,5.0,5.0,5.0,3.0,3.0,3.0,2.0,2.0,2.0,2.0,,2.0,2.0,3.0,3.0,5.0,4.0,4.0,5.0,4.0,4.0,4.0,4.0,4.0,7.0,7.0,6.0,7.0,2.0,1.0,1.0,1.0,1.0,2.0,2.0,2.0,3.0,4.0,4.0,5.0,4.0,5.0,5.0,7.0,2.0,4.0,5.0,5.0,,5.0,6.0,7.0,6.0,6.0,6.0,6.0,6.0,6.0,6.0,6.0,5.0,4.0,5.0,4.0,5.0,4.0,4.0,5.0,3.0,5.0,4.0,5.0,3.0,1.0,0,3.5,4.0,3.143,3.5,5.0,3.0,2.0,2.5,4.222,6.75,1.2,2.6,4.636,6.1,4.6,4.125
241,28,Hombre,Separado,2,Bachiller,Urbana,4.0,Público,Entre 200 y 500 empleados,No,Carrera,40,Entre 1 y 3 SMLV,Operativo,Si,Más de 25,Entre 1 y 3 años,Presencial,Entre 1 y 2 horas,31.0,2.0,,2.0,4.0,5.0,,4.0,2.0,3.0,3.0,3.0,3.0,2.0,2.0,4.0,3.0,4.0,4.0,4.0,5.0,4.0,3.0,3.0,,3.0,,3.0,4.0,2.0,,2.0,2.0,3.0,5.0,7.0,6.0,5.0,6.0,6.0,5.0,,6.0,2.0,2.0,2.0,1.0,3.0,2.0,3.0,4.0,3.0,5.0,4.0,4.0,6.0,5.0,4.0,2.0,4.0,1.0,2.0,2.0,2.0,2.0,4.0,2.0,2.0,4.0,5.0,5.0,4.0,4.0,5.0,5.0,5.0,5.0,4.0,5.0,3.0,3.0,4.0,,4.0,1.0,2.0,1.0,1.0,2.0,1.0,3.0,3.0,6.0,0,2.0,4.333,2.571,3.667,4.25,3.0,3.333,2.25,5.75,1.75,3.0,4.8,2.583,4.7,3.5,1.75
242,31,Mujer,Casado,2,Posgrado,Rural,2.0,Público,Entre 200 y 500 empleados,Si,Carrera,36,Entre 5 y 10 SMLV,Administrativo,No,Entre 5 a 10,Entre 3 y 7 años,Presencial,Entre 1 y 2 horas,1.0,4.0,,3.0,4.0,4.0,4.0,3.0,4.0,3.0,3.0,3.0,,3.0,3.0,3.0,3.0,2.0,4.0,5.0,4.0,4.0,3.0,3.0,,4.0,3.0,4.0,4.0,3.0,2.0,4.0,3.0,3.0,3.0,4.0,3.0,3.0,3.0,4.0,4.0,3.0,2.0,,6.0,6.0,7.0,2.0,2.0,,1.0,2.0,3.0,3.0,4.0,3.0,,2.0,4.0,4.0,2.0,4.0,2.0,4.0,2.0,2.0,1.0,2.0,4.0,7.0,6.0,6.0,6.0,6.0,6.0,5.0,6.0,6.0,7.0,4.0,4.0,5.0,3.0,4.0,2.0,3.0,3.0,3.0,2.0,3.0,3.0,,,0,3.5,3.75,3.167,2.667,4.25,3.0,3.75,3.0,3.222,6.333,1.75,3.25,2.75,6.1,4.0,2.714
243,50,Mujer,Separado,1,Posgrado,Urbana,2.0,Público,Entre 50 y 200 empleados,Si,Carrera,42,Entre 1 y 3 SMLV,Administrativo,No,Entre 15 a 20,Entre 1 y 3 años,Presencial,Entre 1 y 2 horas,7.0,4.0,5.0,5.0,1.0,1.0,1.0,1.0,4.0,5.0,5.0,5.0,3.0,4.0,4.0,5.0,,3.0,5.0,5.0,5.0,4.0,,1.0,1.0,4.0,,3.0,,4.0,4.0,3.0,4.0,4.0,7.0,6.0,6.0,6.0,6.0,7.0,7.0,6.0,7.0,2.0,2.0,1.0,2.0,1.0,2.0,1.0,1.0,,1.0,1.0,1.0,2.0,1.0,1.0,2.0,1.0,1.0,1.0,1.0,1.0,1.0,,1.0,1.0,1.0,6.0,7.0,6.0,7.0,7.0,6.0,7.0,6.0,7.0,7.0,1.0,2.0,3.0,3.0,3.0,,3.0,2.0,2.0,2.0,2.0,3.0,3.0,6.0,0,4.667,1.0,4.286,4.0,4.75,1.0,3.5,3.8,6.444,1.75,1.25,1.2,1.091,6.6,2.4,2.429
244,52,Mujer,Separado,1,Tecnológico,Urbana,3.0,Público,Entre 50 y 200 empleados,Si,Libre nombramiento y remocion,39,Entre 1 y 3 SMLV,Administrativo,No,Entre 10 a 15,Entre 1 y 3 años,Presencial,Entre 1 y 2 horas,44.0,1.0,1.0,2.0,5.0,5.0,5.0,5.0,,2.0,1.0,2.0,3.0,1.0,1.0,,5.0,4.0,4.0,4.0,4.0,4.0,3.0,4.0,3.0,3.0,3.0,2.0,4.0,2.0,1.0,1.0,2.0,2.0,3.0,3.0,3.0,3.0,3.0,3.0,3.0,4.0,3.0,6.0,6.0,5.0,,2.0,1.0,2.0,3.0,,5.0,5.0,5.0,5.0,3.0,4.0,2.0,4.0,4.0,5.0,4.0,4.0,4.0,4.0,4.0,4.0,5.0,2.0,3.0,3.0,4.0,3.0,3.0,3.0,3.0,3.0,3.0,4.0,5.0,5.0,5.0,5.0,6.0,6.0,,5.0,4.0,6.0,5.0,7.0,2.0,0,1.333,5.0,1.667,4.5,4.0,3.333,3.0,1.6,3.111,5.667,2.0,4.6,4.0,3.0,4.8,5.571
245,41,Hombre,Unión libre,Sin hijos,Profesional,Urbana,4.0,Público,Entre 50 y 200 empleados,Si,Carrera,28,Entre 1 y 3 SMLV,Administrativo,No,Entre 5 a 10,Entre 3 y 7 años,Presencial,Menos de 1 hora,21.0,3.0,3.0,2.0,2.0,1.0,,3.0,3.0,3.0,4.0,4.0,3.0,4.0,4.0,4.0,4.0,4.0,4.0,5.0,5.0,5.0,1.0,3.0,2.0,4.0,4.0,2.0,4.0,3.0,2.0,,3.0,1.0,7.0,7.0,7.0,6.0,7.0,7.0,7.0,7.0,7.0,2.0,4.0,3.0,3.0,1.0,1.0,1.0,1.0,2.0,1.0,1.0,2.0,1.0,1.0,,2.0,1.0,1.0,1.0,1.0,1.0,1.0,2.0,1.0,2.0,2.0,,7.0,6.0,7.0,6.0,7.0,7.0,6.0,7.0,7.0,,1.0,1.0,1.0,2.0,2.0,3.0,1.0,2.0,4.0,1.0,3.0,3.0,6.0,0,2.667,2.0,3.571,4.0,4.75,2.0,3.5,2.25,6.889,3.0,1.2,1.2,1.364,6.667,1.25,2.375
247,44,Mujer,Soltero,1,Profesional,Rural,4.0,Público,Entre 50 y 200 empleados,Si,Libre nombramiento y remocion,43,Entre 3 y 5 SMLV,Administrativo,No,Entre 10 a 15,Entre 1 y 3 años,Híbrido,Menos de 1 hora,9.0,4.0,5.0,5.0,2.0,1.0,2.0,1.0,4.0,,,5.0,5.0,5.0,,4.0,3.0,3.0,4.0,3.0,,4.0,1.0,2.0,1.0,4.0,3.0,4.0,4.0,2.0,2.0,1.0,2.0,2.0,6.0,5.0,5.0,6.0,5.0,6.0,6.0,5.0,7.0,3.0,1.0,2.0,2.0,1.0,1.0,1.0,1.0,1.0,2.0,2.0,2.0,1.0,2.0,2.0,1.0,1.0,1.0,,1.0,1.0,1.0,1.0,1.0,,1.0,6.0,7.0,6.0,7.0,,7.0,7.0,6.0,7.0,7.0,4.0,2.0,3.0,3.0,2.0,2.0,3.0,3.0,4.0,4.0,4.0,1.0,3.0,5.0,0,4.667,1.5,4.75,3.333,3.667,1.333,3.75,1.8,5.667,2.0,1.0,1.8,1.1,6.667,2.8,3.0
248,35,Mujer,Casado,2,Técnico,Urbana,3.0,Mixto,Más de 500 empleados,No,Otro,37,Entre 1 y 3 SMLV,Administrativo,No,Más de 25,Entre 1 y 3 años,Presencial,Entre 2 y 3 horas,0.0,,3.0,2.0,4.0,,4.0,5.0,3.0,4.0,3.0,4.0,3.0,3.0,3.0,3.0,3.0,3.0,4.0,5.0,4.0,5.0,2.0,2.0,3.0,4.0,3.0,4.0,3.0,3.0,3.0,4.0,3.0,4.0,,4.0,5.0,4.0,3.0,4.0,5.0,4.0,3.0,5.0,5.0,5.0,4.0,,,2.0,2.0,2.0,3.0,5.0,4.0,,5.0,5.0,5.0,5.0,,5.0,4.0,5.0,5.0,7.0,5.0,7.0,4.0,5.0,4.0,5.0,,5.0,4.0,4.0,4.0,5.0,4.0,,4.0,5.0,4.0,5.0,,6.0,5.0,5.0,6.0,5.0,5.0,6.0,3.0,0,2.5,4.333,3.286,3.0,4.5,2.333,3.5,3.4,4.0,4.75,2.0,4.25,5.182,4.444,4.5,5.429
249,70,Hombre,Unión libre,3,Posgrado,Urbana,5.0,Mixto,Entre 200 y 500 empleados,No,Carrera,39,Entre 1 y 3 SMLV,Operativo,No,Entre 10 a 15,Entre 1 y 3 años,Presencial,Entre 1 y 2 horas,1.0,2.0,1.0,1.0,4.0,3.0,4.0,4.0,1.0,3.0,2.0,3.0,1.0,3.0,2.0,1.0,2.0,2.0,3.0,3.0,4.0,4.0,3.0,3.0,3.0,1.0,1.0,,1.0,3.0,1.0,,2.0,2.0,5.0,6.0,4.0,5.0,6.0,6.0,4.0,5.0,4.0,3.0,3.0,,2.0,2.0,3.0,3.0,3.0,3.0,1.0,2.0,2.0,2.0,1.0,1.0,2.0,2.0,2.0,2.0,1.0,1.0,1.0,2.0,,2.0,2.0,5.0,5.0,6.0,5.0,5.0,5.0,5.0,5.0,5.0,7.0,4.0,4.0,4.0,4.0,4.0,1.0,2.0,3.0,3.0,3.0,2.0,2.0,3.0,5.0,1,1.333,3.75,2.143,1.667,3.5,3.0,1.0,2.0,5.0,2.667,2.8,1.6,1.636,5.3,4.0,2.375
250,29,Mujer,Casado,Sin hijos,Profesional,Urbana,2.0,Público,Más de 500 empleados,No,Presentación de servicios,47,Entre 1 y 3 SMLV,Administrativo,No,Más de 25,Entre 1 y 3 años,Presencial,Entre 1 y 2 horas,6.0,2.0,2.0,,3.0,4.0,4.0,3.0,4.0,3.0,4.0,4.0,4.0,3.0,4.0,4.0,4.0,5.0,4.0,,5.0,4.0,3.0,3.0,3.0,3.0,3.0,4.0,3.0,,4.0,4.0,3.0,3.0,5.0,4.0,3.0,4.0,3.0,2.0,4.0,3.0,4.0,5.0,6.0,4.0,5.0,3.0,2.0,2.0,2.0,3.0,3.0,5.0,5.0,4.0,4.0,4.0,5.0,5.0,,5.0,5.0,4.0,4.0,4.0,5.0,5.0,5.0,,4.0,5.0,,4.0,5.0,4.0,4.0,4.0,4.0,5.0,5.0,3.0,5.0,4.0,5.0,5.0,6.0,5.0,4.0,5.0,5.0,5.0,3.0,0,2.0,3.5,3.714,4.333,4.333,3.0,3.25,3.5,3.556,5.0,2.4,4.2,4.636,4.25,4.4,5.0
251,59,Mujer,Unión libre,Sin hijos,Tecnológico,Urbana,3.0,Público,Entre 200 y 500 empleados,No,Otro,35,Entre 1 y 3 SMLV,Directivo,Si,Entre 10 a 15,Menos de 1 año,Presencial,Menos de 1 hora,30.0,4.0,5.0,4.0,1.0,1.0,1.0,1.0,5.0,4.0,4.0,4.0,4.0,5.0,4.0,4.0,3.0,3.0,5.0,5.0,4.0,5.0,1.0,1.0,1.0,3.0,,3.0,3.0,3.0,2.0,3.0,3.0,3.0,7.0,7.0,6.0,7.0,6.0,7.0,7.0,7.0,7.0,2.0,,2.0,1.0,1.0,1.0,2.0,,1.0,3.0,3.0,4.0,2.0,3.0,4.0,2.0,4.0,2.0,2.0,2.0,2.0,1.0,2.0,2.0,1.0,4.0,7.0,6.0,7.0,7.0,6.0,6.0,7.0,6.0,6.0,7.0,1.0,2.0,1.0,1.0,1.0,1.0,1.0,1.0,1.0,2.0,1.0,1.0,1.0,6.0,0,4.333,1.0,4.286,3.333,4.75,1.0,3.0,2.8,6.778,1.667,1.25,3.0,2.333,6.5,1.2,1.125
252,50,Hombre,Casado,4,Técnico,Urbana,2.0,Público,Entre 50 y 200 empleados,No,Presentación de servicios,36,Entre 3 y 5 SMLV,Directivo,No,Entre 5 a 10,Entre 3 y 7 años,Presencial,Entre 2 y 3 horas,2.0,2.0,2.0,1.0,4.0,5.0,3.0,4.0,1.0,2.0,2.0,1.0,3.0,1.0,,3.0,3.0,2.0,3.0,4.0,3.0,,,4.0,4.0,1.0,1.0,1.0,2.0,4.0,3.0,3.0,3.0,4.0,2.0,3.0,2.0,,,2.0,3.0,2.0,3.0,7.0,7.0,7.0,6.0,4.0,3.0,3.0,4.0,4.0,6.0,5.0,4.0,6.0,5.0,4.0,4.0,4.0,4.0,2.0,4.0,4.0,4.0,5.0,2.0,,2.0,4.0,4.0,4.0,4.0,3.0,4.0,4.0,3.0,4.0,3.0,,5.0,6.0,4.0,5.0,4.0,5.0,3.0,4.0,4.0,4.0,4.0,4.0,1.0,0,1.667,4.0,1.667,2.667,3.333,4.0,1.25,3.4,2.429,6.75,3.6,5.2,3.545,3.7,5.0,4.0
253,44,Mujer,Unión libre,1,Técnico,Urbana,4.0,Público,Entre 50 y 200 empleados,No,Presentación de servicios,42,Entre 1 y 3 SMLV,Administrativo,Si,Más de 25,Menos de 1 año,Presencial,Menos de 1 hora,79.0,4.0,5.0,5.0,3.0,2.0,3.0,3.0,3.0,3.0,3.0,4.0,3.0,3.0,3.0,3.0,4.0,2.0,5.0,4.0,5.0,5.0,1.0,1.0,1.0,4.0,3.0,3.0,4.0,2.0,2.0,1.0,3.0,3.0,6.0,6.0,6.0,6.0,6.0,4.0,6.0,6.0,6.0,1.0,2.0,1.0,2.0,3.0,4.0,3.0,3.0,3.0,2.0,2.0,3.0,3.0,3.0,4.0,2.0,2.0,4.0,4.0,4.0,4.0,4.0,4.0,4.0,2.0,4.0,6.0,5.0,5.0,6.0,5.0,5.0,5.0,5.0,6.0,5.0,4.0,4.0,3.0,3.0,4.0,2.0,2.0,1.0,2.0,1.0,1.0,1.0,1.0,7.0,0,4.667,2.75,3.143,3.0,4.75,1.0,3.5,2.2,5.778,1.5,3.2,2.6,3.5,5.3,3.6,1.375
254,43,Hombre,Soltero,Sin hijos,Profesional,Urbana,4.0,Mixto,Entre 200 y 500 empleados,No,Carrera,27,Entre 1 y 3 SMLV,Operativo,Si,Entre 5 a 10,Entre 3 y 7 años,Presencial,Menos de 1 hora,61.0,4.0,,4.0,1.0,2.0,2.0,1.0,5.0,5.0,5.0,4.0,4.0,,5.0,3.0,4.0,4.0,5.0,4.0,4.0,4.0,1.0,1.0,2.0,5.0,4.0,4.0,4.0,4.0,4.0,,4.0,5.0,,5.0,5.0,5.0,5.0,5.0,5.0,6.0,4.0,2.0,2.0,3.0,4.0,2.0,2.0,1.0,2.0,2.0,1.0,1.0,1.0,1.0,,2.0,1.0,2.0,2.0,2.0,2.0,2.0,1.0,2.0,2.0,2.0,2.0,,7.0,7.0,6.0,7.0,7.0,7.0,7.0,7.0,7.0,2.0,3.0,1.0,3.0,3.0,1.0,2.0,1.0,,2.0,,1.0,1.0,6.0,1,4.0,1.5,4.667,3.667,4.25,1.333,4.25,4.25,5.0,2.75,1.8,1.0,1.833,6.889,2.4,1.333
255,21,Hombre,Soltero,Sin hijos,Tecnológico,Urbana,3.0,Público,Entre 50 y 200 empleados,No,Otro,46,Entre 1 y 3 SMLV,Administrativo,Si,Entre 5 a 10,Entre 1 y 3 años,Híbrido,Más de 3 horas,19.0,3.0,3.0,3.0,4.0,3.0,3.0,3.0,3.0,3.0,4.0,4.0,4.0,,4.0,5.0,4.0,4.0,4.0,5.0,3.0,4.0,2.0,1.0,3.0,3.0,3.0,4.0,3.0,5.0,5.0,5.0,,5.0,7.0,7.0,7.0,6.0,7.0,6.0,6.0,6.0,6.0,3.0,2.0,3.0,2.0,3.0,2.0,2.0,1.0,2.0,,4.0,,,4.0,4.0,4.0,2.0,1.0,2.0,2.0,4.0,2.0,4.0,2.0,1.0,2.0,7.0,7.0,7.0,7.0,7.0,7.0,7.0,6.0,7.0,7.0,2.0,3.0,3.0,,3.0,3.0,2.0,3.0,3.0,3.0,3.0,3.0,3.0,5.0,0,3.0,3.25,3.667,4.333,4.0,2.0,3.25,5.0,6.444,2.5,2.0,4.0,2.5,6.9,2.75,2.875
256,44,Mujer,Casado,2,Bachiller,Rural,3.0,Público,Más de 500 empleados,No,Carrera,42,Entre 1 y 3 SMLV,Administrativo,No,Entre 1 a 5,Entre 1 y 3 años,Presencial,Entre 1 y 2 horas,42.0,2.0,3.0,3.0,4.0,2.0,3.0,3.0,4.0,4.0,4.0,4.0,5.0,4.0,4.0,5.0,5.0,5.0,4.0,4.0,4.0,4.0,3.0,2.0,,3.0,3.0,4.0,3.0,5.0,5.0,4.0,5.0,4.0,7.0,7.0,6.0,6.0,7.0,,7.0,7.0,7.0,1.0,2.0,1.0,1.0,3.0,2.0,2.0,1.0,2.0,3.0,2.0,2.0,3.0,2.0,1.0,1.0,2.0,2.0,1.0,1.0,1.0,1.0,1.0,1.0,1.0,,7.0,7.0,7.0,,7.0,7.0,7.0,7.0,6.0,7.0,4.0,3.0,5.0,,3.0,1.0,1.0,1.0,1.0,1.0,3.0,1.0,2.0,7.0,0,2.667,3.0,4.143,5.0,4.0,2.5,3.25,4.6,6.75,1.25,2.0,2.4,1.182,6.889,3.75,1.375
258,43,Mujer,Casado,2,Posgrado,Urbana,3.0,Público,Entre 10 y 50 empleados,Si,Carrera,39,Entre 1 y 3 SMLV,Operativo,No,Entre 15 a 20,Entre 3 y 7 años,Presencial,Menos de 1 hora,19.0,4.0,3.0,3.0,1.0,2.0,2.0,1.0,4.0,5.0,5.0,5.0,5.0,5.0,5.0,4.0,3.0,4.0,4.0,5.0,5.0,,2.0,2.0,2.0,5.0,5.0,5.0,4.0,4.0,,4.0,5.0,5.0,5.0,6.0,5.0,6.0,,5.0,6.0,6.0,6.0,2.0,1.0,1.0,1.0,1.0,3.0,2.0,2.0,,2.0,3.0,2.0,2.0,,2.0,1.0,2.0,1.0,1.0,1.0,1.0,1.0,1.0,1.0,2.0,1.0,7.0,6.0,6.0,7.0,6.0,6.0,6.0,6.0,7.0,6.0,2.0,1.0,1.0,,1.0,1.0,,3.0,2.0,,3.0,1.0,1.0,6.0,0,3.333,1.5,4.857,3.667,4.667,2.0,4.75,4.5,5.625,1.25,2.0,2.25,1.25,6.3,1.25,1.833
260,25,Hombre,Separado,3,Profesional,Urbana,3.0,Mixto,Más de 500 empleados,No,Carrera,41,Entre 1 y 3 SMLV,Administrativo,Si,Entre 1 a 5,Entre 1 y 3 años,Presencial,Menos de 1 hora,22.0,1.0,1.0,1.0,5.0,4.0,5.0,5.0,3.0,3.0,4.0,4.0,4.0,4.0,4.0,2.0,1.0,2.0,5.0,5.0,4.0,4.0,4.0,3.0,4.0,2.0,2.0,2.0,,5.0,5.0,5.0,5.0,5.0,4.0,4.0,6.0,4.0,3.0,4.0,3.0,4.0,4.0,,5.0,5.0,5.0,3.0,3.0,5.0,2.0,3.0,5.0,5.0,,5.0,7.0,4.0,2.0,2.0,4.0,4.0,4.0,2.0,4.0,,4.0,4.0,4.0,3.0,3.0,3.0,3.0,2.0,3.0,3.0,3.0,3.0,3.0,6.0,4.0,5.0,5.0,5.0,5.0,,3.0,5.0,4.0,4.0,5.0,4.0,,0,1.0,4.75,3.714,1.667,4.5,3.667,2.0,5.0,4.0,5.0,3.2,5.5,3.455,2.9,5.0,4.286
261,35,Mujer,Viudo,1,Técnico,Rural,3.0,Público,Entre 200 y 500 empleados,No,Provisionalidad,47,Entre 3 y 5 SMLV,Operativo,No,Entre 10 a 15,Entre 3 y 7 años,Presencial,Menos de 1 hora,1.0,2.0,3.0,3.0,4.0,4.0,3.0,4.0,4.0,3.0,4.0,4.0,4.0,4.0,3.0,4.0,4.0,3.0,4.0,4.0,4.0,5.0,4.0,3.0,4.0,4.0,3.0,3.0,3.0,4.0,3.0,,4.0,4.0,,6.0,6.0,7.0,6.0,6.0,7.0,6.0,7.0,2.0,2.0,3.0,3.0,2.0,2.0,2.0,2.0,2.0,4.0,4.0,5.0,5.0,4.0,2.0,4.0,,4.0,2.0,2.0,4.0,2.0,2.0,4.0,4.0,4.0,6.0,5.0,6.0,5.0,6.0,5.0,5.0,5.0,6.0,5.0,3.0,3.0,3.0,3.0,2.0,1.0,1.0,1.0,2.0,1.0,1.0,1.0,1.0,6.0,0,2.667,3.75,3.714,3.667,4.25,3.667,3.25,3.75,6.375,2.5,2.0,4.4,3.091,5.4,2.8,1.125
262,33,Hombre,Viudo,1,Posgrado,Urbana,4.0,Público,Entre 50 y 200 empleados,No,Provisionalidad,39,Entre 1 y 3 SMLV,Administrativo,No,Menos de 1 año,Menos de 1 año,Presencial,Entre 1 y 2 horas,70.0,2.0,2.0,2.0,4.0,3.0,5.0,4.0,3.0,3.0,2.0,2.0,2.0,2.0,2.0,2.0,3.0,,,5.0,5.0,5.0,3.0,2.0,3.0,3.0,2.0,2.0,3.0,3.0,,3.0,3.0,3.0,5.0,4.0,5.0,3.0,6.0,4.0,4.0,4.0,4.0,,5.0,5.0,5.0,4.0,3.0,4.0,4.0,3.0,6.0,5.0,5.0,4.0,5.0,,,4.0,,4.0,2.0,2.0,2.0,4.0,4.0,2.0,2.0,3.0,3.0,4.0,5.0,4.0,4.0,4.0,5.0,5.0,4.0,4.0,3.0,,5.0,5.0,4.0,4.0,4.0,4.0,4.0,4.0,5.0,5.0,,0,2.0,4.0,2.286,2.5,5.0,2.667,2.5,3.0,4.333,5.0,3.6,5.0,2.889,4.1,4.25,4.25
263,53,Mujer,Soltero,1,Profesional,Urbana,3.0,Público,Entre 50 y 200 empleados,Si,Presentación de servicios,53,Entre 1 y 3 SMLV,Operativo,Si,Entre 10 a 15,Entre 3 y 7 años,Presencial,Entre 1 y 2 horas,3.0,5.0,4.0,5.0,2.0,1.0,1.0,1.0,4.0,3.0,3.0,4.0,4.0,3.0,,5.0,4.0,3.0,,4.0,5.0,4.0,1.0,1.0,1.0,4.0,4.0,4.0,,1.0,1.0,2.0,2.0,1.0,7.0,,7.0,6.0,,7.0,6.0,6.0,6.0,2.0,1.0,1.0,2.0,1.0,1.0,2.0,2.0,3.0,1.0,1.0,1.0,2.0,1.0,1.0,2.0,1.0,1.0,2.0,1.0,1.0,1.0,1.0,1.0,2.0,1.0,6.0,5.0,5.0,4.0,,5.0,5.0,5.0,6.0,6.0,1.0,1.0,2.0,2.0,3.0,3.0,5.0,4.0,3.0,2.0,4.0,2.0,2.0,6.0,0,4.667,1.25,3.5,4.0,4.333,1.0,4.0,1.4,6.429,1.5,1.8,1.2,1.25,5.222,1.8,3.125
264,51,Mujer,Casado,2,Posgrado,Urbana,3.0,Público,Entre 200 y 500 empleados,No,Provisionalidad,31,Entre 1 y 3 SMLV,Administrativo,No,Entre 20 a 25,Entre 3 y 7 años,Presencial,Menos de 1 hora,8.0,3.0,2.0,3.0,3.0,3.0,3.0,4.0,1.0,2.0,2.0,2.0,2.0,2.0,1.0,3.0,3.0,4.0,4.0,5.0,5.0,5.0,3.0,2.0,2.0,2.0,2.0,1.0,1.0,2.0,3.0,1.0,2.0,1.0,3.0,3.0,2.0,3.0,2.0,3.0,4.0,3.0,3.0,6.0,6.0,6.0,6.0,,,1.0,4.0,2.0,4.0,5.0,3.0,5.0,,7.0,5.0,4.0,5.0,5.0,5.0,5.0,4.0,5.0,5.0,5.0,7.0,3.0,3.0,,4.0,4.0,4.0,4.0,4.0,4.0,4.0,5.0,6.0,6.0,5.0,7.0,5.0,5.0,6.0,5.0,5.0,5.0,5.0,,2.0,0,2.667,3.25,1.714,3.333,4.75,2.333,1.5,1.8,2.889,6.0,2.333,4.25,5.167,3.778,5.8,5.143
265,65,Mujer,Soltero,2,Posgrado,Urbana,3.0,Público,Entre 50 y 200 empleados,Si,Presentación de servicios,43,Entre 1 y 3 SMLV,Administrativo,No,Entre 20 a 25,Entre 1 y 3 años,Presencial,Entre 1 y 2 horas,45.0,,4.0,3.0,3.0,2.0,1.0,2.0,4.0,3.0,3.0,4.0,4.0,4.0,3.0,3.0,3.0,3.0,5.0,5.0,5.0,5.0,3.0,1.0,1.0,3.0,4.0,4.0,3.0,2.0,4.0,3.0,3.0,,5.0,5.0,6.0,5.0,4.0,6.0,6.0,6.0,4.0,2.0,3.0,3.0,3.0,2.0,1.0,2.0,1.0,2.0,2.0,3.0,3.0,3.0,3.0,2.0,4.0,2.0,1.0,1.0,1.0,,1.0,2.0,2.0,2.0,1.0,6.0,,7.0,7.0,7.0,7.0,7.0,7.0,7.0,6.0,2.0,2.0,2.0,3.0,2.0,3.0,2.0,2.0,2.0,2.0,2.0,2.0,1.0,6.0,0,3.5,2.0,3.571,3.0,5.0,1.667,3.5,3.0,5.222,2.75,1.6,2.8,1.727,6.778,2.2,2.0
267,32,Hombre,Casado,Sin hijos,Profesional,Urbana,3.0,Mixto,Entre 50 y 200 empleados,No,Carrera,43,Entre 1 y 3 SMLV,Administrativo,No,Entre 1 a 5,Entre 1 y 3 años,Híbrido,Menos de 1 hora,9.0,1.0,1.0,2.0,5.0,5.0,5.0,5.0,2.0,2.0,,3.0,3.0,1.0,2.0,5.0,5.0,5.0,5.0,5.0,4.0,5.0,4.0,4.0,3.0,3.0,2.0,3.0,3.0,,3.0,2.0,3.0,3.0,4.0,,4.0,,4.0,4.0,5.0,4.0,5.0,7.0,6.0,6.0,6.0,3.0,3.0,4.0,3.0,4.0,3.0,3.0,3.0,3.0,,7.0,7.0,,5.0,4.0,7.0,,5.0,5.0,4.0,4.0,5.0,3.0,2.0,3.0,3.0,3.0,3.0,3.0,3.0,4.0,3.0,7.0,5.0,6.0,,5.0,7.0,,4.0,6.0,5.0,5.0,6.0,5.0,1.0,0,1.333,5.0,2.167,5.0,4.75,3.667,2.75,2.75,4.286,6.25,3.4,3.0,5.3,3.0,5.75,5.429
269,43,Mujer,Soltero,4,Posgrado,Urbana,4.0,Público,Entre 50 y 200 empleados,Si,Presentación de servicios,45,Entre 1 y 3 SMLV,Administrativo,No,Entre 5 a 10,Entre 3 y 7 años,Presencial,Entre 1 y 2 horas,7.0,3.0,,2.0,4.0,3.0,4.0,3.0,3.0,3.0,2.0,3.0,3.0,3.0,3.0,4.0,5.0,4.0,4.0,5.0,5.0,5.0,3.0,3.0,3.0,4.0,4.0,3.0,3.0,1.0,,1.0,1.0,2.0,6.0,4.0,6.0,6.0,5.0,5.0,,5.0,6.0,1.0,,1.0,2.0,2.0,2.0,1.0,3.0,2.0,3.0,4.0,5.0,4.0,4.0,1.0,1.0,1.0,1.0,1.0,2.0,1.0,1.0,1.0,2.0,1.0,1.0,5.0,6.0,7.0,,6.0,5.0,6.0,5.0,6.0,6.0,6.0,5.0,5.0,5.0,5.0,1.0,1.0,1.0,2.0,1.0,1.0,1.0,2.0,7.0,0,2.5,3.5,2.857,4.333,4.75,3.0,3.5,1.25,5.375,1.333,2.0,4.0,1.167,5.778,5.2,1.25
270,35,Hombre,Soltero,Sin hijos,Bachiller,Urbana,4.0,Público,Entre 200 y 500 empleados,No,Otro,40,Entre 3 y 5 SMLV,Operativo,No,Entre 5 a 10,Entre 3 y 7 años,Híbrido,Entre 1 y 2 horas,36.0,1.0,3.0,1.0,4.0,4.0,5.0,4.0,2.0,3.0,3.0,3.0,3.0,2.0,4.0,2.0,4.0,4.0,4.0,5.0,4.0,5.0,2.0,2.0,2.0,2.0,2.0,2.0,,2.0,2.0,2.0,2.0,2.0,3.0,4.0,3.0,,4.0,4.0,4.0,3.0,3.0,4.0,6.0,5.0,7.0,2.0,,2.0,2.0,2.0,4.0,3.0,2.0,4.0,3.0,2.0,2.0,1.0,2.0,2.0,2.0,1.0,,1.0,2.0,1.0,1.0,3.0,4.0,4.0,4.0,3.0,4.0,5.0,4.0,5.0,5.0,1.0,2.0,2.0,2.0,4.0,3.0,4.0,3.0,2.0,4.0,4.0,4.0,4.0,4.0,0,1.667,4.25,2.857,3.333,4.5,2.0,2.0,2.0,3.5,5.5,2.0,3.2,1.545,4.1,2.2,3.5
271,43,Hombre,Casado,3,Posgrado,Urbana,4.0,Público,Entre 50 y 200 empleados,No,Presentación de servicios,39,Entre 1 y 3 SMLV,Administrativo,No,Entre 10 a 15,Entre 1 y 3 años,Presencial,Menos de 1 hora,33.0,4.0,5.0,5.0,1.0,1.0,2.0,1.0,5.0,5.0,4.0,4.0,5.0,4.0,4.0,5.0,4.0,,5.0,5.0,4.0,4.0,2.0,2.0,3.0,4.0,4.0,3.0,3.0,2.0,3.0,3.0,4.0,2.0,5.0,4.0,4.0,6.0,5.0,5.0,6.0,5.0,5.0,2.0,3.0,3.0,2.0,1.0,2.0,1.0,2.0,1.0,1.0,,3.0,2.0,1.0,2.0,1.0,1.0,1.0,2.0,2.0,1.0,2.0,1.0,2.0,2.0,1.0,7.0,7.0,7.0,7.0,7.0,6.0,7.0,6.0,7.0,7.0,4.0,3.0,3.0,4.0,2.0,2.0,1.0,,2.0,2.0,3.0,3.0,2.0,6.0,0,4.667,1.25,4.429,4.5,4.5,2.333,3.5,2.8,5.0,2.5,1.4,1.75,1.5,6.8,3.2,2.143
272,21,Mujer,Casado,1,Bachiller,Urbana,2.0,Público,Más de 500 empleados,No,Libre nombramiento y remocion,48,Entre 1 y 3 SMLV,Administrativo,No,Entre 10 a 15,Entre 1 y 3 años,Presencial,Entre 1 y 2 horas,78.0,3.0,3.0,3.0,3.0,3.0,3.0,4.0,5.0,5.0,5.0,5.0,,5.0,5.0,4.0,3.0,4.0,4.0,4.0,4.0,3.0,2.0,3.0,3.0,5.0,4.0,4.0,5.0,4.0,5.0,5.0,,5.0,6.0,6.0,5.0,5.0,,6.0,5.0,5.0,6.0,2.0,3.0,3.0,3.0,,2.0,1.0,1.0,1.0,3.0,3.0,2.0,2.0,3.0,2.0,2.0,2.0,,4.0,1.0,1.0,4.0,2.0,2.0,2.0,4.0,6.0,7.0,6.0,7.0,6.0,7.0,7.0,6.0,6.0,6.0,1.0,,,3.0,1.0,1.0,1.0,1.0,2.0,,2.0,2.0,2.0,6.0,0,3.0,3.25,5.0,3.667,3.75,2.667,4.5,4.75,5.5,2.75,1.25,2.6,2.364,6.4,1.667,1.571
273,32,Mujer,Soltero,Sin hijos,Posgrado,Urbana,3.0,Público,Entre 50 y 200 empleados,No,Provisionalidad,53,Entre 3 y 5 SMLV,Operativo,Si,Entre 20 a 25,Entre 1 y 3 años,Presencial,Menos de 1 hora,4.0,1.0,1.0,1.0,5.0,4.0,4.0,5.0,,1.0,2.0,1.0,1.0,2.0,2.0,4.0,3.0,4.0,3.0,3.0,2.0,3.0,3.0,3.0,2.0,3.0,,2.0,2.0,3.0,2.0,,2.0,2.0,4.0,3.0,,3.0,3.0,4.0,4.0,,3.0,5.0,5.0,5.0,5.0,5.0,4.0,4.0,4.0,4.0,6.0,6.0,6.0,6.0,6.0,5.0,4.0,4.0,4.0,5.0,7.0,4.0,5.0,5.0,4.0,5.0,4.0,2.0,3.0,2.0,3.0,3.0,4.0,4.0,4.0,3.0,3.0,4.0,3.0,4.0,4.0,3.0,6.0,5.0,5.0,4.0,6.0,5.0,5.0,4.0,3.0,0,1.0,4.5,1.5,3.667,2.75,2.667,2.333,2.25,3.429,5.0,4.2,6.0,4.667,3.1,3.6,5.0
274,24,Mujer,Casado,2,Posgrado,Urbana,4.0,Público,Entre 10 y 50 empleados,No,Otro,42,Entre 1 y 3 SMLV,Administrativo,No,Entre 1 a 5,Entre 3 y 7 años,Presencial,Entre 1 y 2 horas,55.0,3.0,4.0,,1.0,2.0,1.0,2.0,,2.0,3.0,,4.0,4.0,,5.0,5.0,5.0,4.0,4.0,4.0,4.0,1.0,1.0,1.0,3.0,4.0,3.0,2.0,3.0,2.0,3.0,3.0,4.0,,7.0,7.0,5.0,,7.0,,,7.0,3.0,4.0,2.0,1.0,3.0,2.0,2.0,1.0,2.0,3.0,,3.0,3.0,3.0,2.0,1.0,1.0,2.0,1.0,1.0,2.0,2.0,2.0,1.0,2.0,2.0,6.0,6.0,7.0,6.0,7.0,6.0,6.0,7.0,6.0,7.0,2.0,2.0,1.0,2.0,1.0,3.0,3.0,4.0,2.0,3.0,2.0,3.0,2.0,5.0,0,3.5,1.5,3.25,5.0,4.0,1.0,3.0,3.0,6.6,2.5,2.0,3.0,1.583,6.4,1.6,2.75
275,38,Mujer,Unión libre,Sin hijos,Bachiller,Urbana,4.0,Público,Entre 200 y 500 empleados,No,Presentación de servicios,36,Entre 1 y 3 SMLV,Operativo,Si,Entre 1 a 5,Entre 1 y 3 años,Presencial,Menos de 1 hora,82.625,5.0,5.0,5.0,1.0,1.0,2.0,2.0,4.0,5.0,3.0,4.0,4.0,4.0,,,4.0,4.0,3.0,4.0,4.0,4.0,2.0,2.0,2.0,3.0,,3.0,3.0,,3.0,3.0,3.0,4.0,4.0,5.0,5.0,5.0,5.0,5.0,6.0,6.0,,4.0,3.0,3.0,3.0,,2.0,3.0,1.0,2.0,4.0,2.0,4.0,2.0,2.0,2.0,,2.0,1.0,1.0,2.0,1.0,1.0,1.0,2.0,2.0,2.0,6.0,6.0,6.0,6.0,6.0,6.0,7.0,6.0,6.0,7.0,1.0,1.0,1.0,1.0,1.0,2.0,2.0,,2.0,3.0,2.0,3.0,,4.0,1,5.0,1.5,4.0,4.0,3.75,2.0,3.0,3.25,5.125,3.25,2.0,2.8,1.545,6.2,1.0,2.333
276,39,Mujer,Casado,Sin hijos,Posgrado,Urbana,5.0,Público,Entre 50 y 200 empleados,No,Carrera,39,Entre 1 y 3 SMLV,Administrativo,No,Entre 1 a 5,Entre 3 y 7 años,Presencial,Entre 1 y 2 horas,0.0,4.0,4.0,5.0,2.0,2.0,2.0,2.0,4.0,4.0,3.0,,4.0,3.0,3.0,3.0,3.0,2.0,4.0,4.0,,5.0,3.0,2.0,4.0,,3.0,2.0,3.0,3.0,3.0,2.0,3.0,4.0,6.0,6.0,6.0,6.0,6.0,6.0,7.0,7.0,6.0,1.0,3.0,,2.0,2.0,2.0,3.0,2.0,2.0,2.0,1.0,2.0,1.0,2.0,2.0,2.0,2.0,2.0,2.0,2.0,2.0,2.0,2.0,2.0,2.0,1.0,,7.0,6.0,6.0,7.0,6.0,7.0,7.0,7.0,7.0,3.0,2.0,2.0,3.0,1.0,3.0,2.0,3.0,2.0,1.0,3.0,1.0,2.0,7.0,0,4.333,2.0,3.5,2.667,4.333,3.0,2.667,3.0,6.222,2.0,2.2,1.6,1.917,6.667,2.2,2.125
278,26,Mujer,Casado,2,Bachiller,Urbana,1.5,Público,Entre 200 y 500 empleados,No,Provisionalidad,41,Entre 1 y 3 SMLV,Administrativo,No,Entre 10 a 15,Entre 1 y 3 años,Presencial,Menos de 1 hora,16.0,2.0,,3.0,3.0,3.0,3.0,3.0,4.0,4.0,4.0,4.0,4.0,4.0,4.0,3.0,4.0,3.0,5.0,4.0,3.0,4.0,3.0,3.0,3.0,4.0,4.0,4.0,5.0,3.0,4.0,4.0,4.0,4.0,5.0,5.0,6.0,7.0,6.0,5.0,6.0,6.0,5.0,5.0,4.0,4.0,3.0,2.0,2.0,2.0,2.0,3.0,5.0,5.0,5.0,5.0,6.0,1.0,2.0,2.0,1.0,4.0,2.0,1.0,1.0,2.0,2.0,2.0,2.0,7.0,6.0,7.0,7.0,7.0,6.0,6.0,6.0,7.0,7.0,,1.0,2.0,3.0,2.0,3.0,6.0,4.0,3.0,5.0,3.0,3.0,4.0,3.0,1,2.5,3.0,4.0,3.333,4.0,3.0,4.25,3.8,5.667,4.0,2.2,5.2,1.833,6.6,2.0,3.875
279,29,Hombre,Soltero,Sin hijos,Profesional,Urbana,3.0,Público,Más de 500 empleados,No,Libre nombramiento y remocion,45,Entre 1 y 3 SMLV,Administrativo,No,Entre 5 a 10,Entre 1 y 3 años,Presencial,Entre 1 y 2 horas,14.0,,2.0,1.0,4.0,5.0,5.0,5.0,3.0,3.0,,2.0,3.0,2.0,2.0,4.0,3.0,4.0,3.0,4.0,5.0,4.0,3.0,2.0,3.0,3.0,2.0,3.0,3.0,2.0,2.0,3.0,3.0,3.0,3.0,3.0,3.0,3.0,5.0,4.0,2.0,3.0,2.0,4.0,5.0,6.0,6.0,3.0,4.0,,3.0,5.0,,7.0,7.0,6.0,6.0,7.0,7.0,7.0,7.0,7.0,7.0,7.0,7.0,7.0,7.0,7.0,7.0,3.0,3.0,3.0,3.0,2.0,4.0,3.0,3.0,3.0,3.0,4.0,4.0,5.0,5.0,5.0,5.0,5.0,4.0,5.0,,,5.0,4.0,4.0,0,1.5,4.75,2.5,3.667,4.0,2.667,2.75,2.6,3.111,5.25,3.75,6.5,7.0,3.0,4.6,4.667
280,56,Hombre,Unión libre,2,Primaria,Urbana,3.0,Mixto,Entre 200 y 500 empleados,No,Carrera,32,Entre 1 y 3 SMLV,Administrativo,No,Entre 5 a 10,Entre 1 y 3 años,Presencial,Menos de 1 hora,20.0,3.0,4.0,4.0,2.0,1.0,1.0,1.0,4.0,4.0,4.0,4.0,,4.0,4.0,4.0,4.0,3.0,4.0,5.0,4.0,4.0,1.0,1.0,1.0,3.0,3.0,4.0,3.0,,4.0,4.0,3.0,4.0,,7.0,6.0,7.0,,7.0,7.0,7.0,7.0,1.0,,2.0,3.0,1.0,1.0,1.0,1.0,1.0,1.0,1.0,1.0,2.0,,2.0,1.0,4.0,2.0,4.0,1.0,2.0,2.0,1.0,1.0,2.0,1.0,6.0,6.0,5.0,7.0,6.0,7.0,6.0,6.0,6.0,6.0,2.0,3.0,3.0,4.0,3.0,2.0,2.0,2.0,3.0,3.0,3.0,,2.0,7.0,0,3.667,1.25,4.0,3.667,4.25,1.0,3.25,3.75,6.857,2.0,1.0,1.25,1.917,6.1,3.0,2.429
281,30,Mujer,Soltero,2,Posgrado,Urbana,3.0,Público,Entre 200 y 500 empleados,No,Provisionalidad,28,Entre 3 y 5 SMLV,Administrativo,No,Entre 5 a 10,Entre 1 y 3 años,Presencial,Menos de 1 hora,5.0,3.0,3.0,4.0,4.0,3.0,4.0,4.0,2.0,2.0,2.0,1.0,2.0,2.0,3.0,4.0,4.0,3.0,5.0,5.0,,4.0,2.0,3.0,3.0,3.0,4.0,3.0,3.0,3.0,2.0,2.0,3.0,,5.0,4.0,4.0,6.0,5.0,4.0,4.0,3.0,,3.0,4.0,4.0,5.0,1.0,2.0,2.0,1.0,2.0,2.0,,3.0,,1.0,4.0,4.0,4.0,4.0,4.0,2.0,4.0,4.0,5.0,,4.0,4.0,4.0,4.0,4.0,4.0,4.0,4.0,4.0,3.0,4.0,4.0,3.0,3.0,,3.0,4.0,3.0,2.0,3.0,3.0,4.0,3.0,2.0,4.0,5.0,0,3.333,3.75,2.0,3.667,4.667,2.667,3.25,2.5,4.375,4.0,1.6,2.0,3.909,3.9,3.25,3.0
282,44,Mujer,Casado,2,Posgrado,Urbana,4.0,Público,Entre 50 y 200 empleados,No,Carrera,48,Entre 3 y 5 SMLV,Administrativo,No,Entre 15 a 20,Entre 3 y 7 años,Presencial,Menos de 1 hora,0.0,5.0,5.0,5.0,1.0,1.0,1.0,2.0,4.0,4.0,4.0,5.0,3.0,,4.0,4.0,4.0,3.0,4.0,5.0,4.0,5.0,3.0,3.0,2.0,4.0,,3.0,4.0,3.0,3.0,,3.0,4.0,6.0,7.0,6.0,6.0,7.0,6.0,7.0,7.0,7.0,2.0,1.0,1.0,1.0,2.0,1.0,2.0,3.0,2.0,1.0,3.0,2.0,1.0,2.0,2.0,1.0,1.0,2.0,1.0,1.0,1.0,1.0,2.0,1.0,1.0,2.0,5.0,6.0,5.0,5.0,6.0,4.0,6.0,4.0,5.0,4.0,1.0,1.0,2.0,1.0,1.0,2.0,1.0,2.0,1.0,1.0,2.0,1.0,2.0,6.0,0,5.0,1.25,4.0,3.667,4.5,2.667,3.667,3.25,6.556,1.25,2.0,1.8,1.333,5.0,1.2,1.5
283,61,Hombre,Unión libre,Sin hijos,Posgrado,Urbana,2.0,Mixto,Entre 50 y 200 empleados,No,Carrera,31,Entre 1 y 3 SMLV,Operativo,No,Entre 10 a 15,Entre 1 y 3 años,Presencial,Entre 1 y 2 horas,47.0,1.0,1.0,2.0,5.0,4.0,4.0,4.0,3.0,2.0,2.0,3.0,2.0,2.0,2.0,4.0,4.0,,,3.0,4.0,4.0,3.0,3.0,3.0,3.0,2.0,2.0,2.0,3.0,2.0,,2.0,2.0,6.0,4.0,6.0,5.0,5.0,,6.0,5.0,5.0,5.0,4.0,4.0,6.0,2.0,,2.0,3.0,3.0,5.0,5.0,5.0,4.0,5.0,2.0,2.0,2.0,1.0,2.0,1.0,4.0,4.0,1.0,1.0,1.0,2.0,4.0,4.0,4.0,4.0,,5.0,4.0,4.0,4.0,5.0,3.0,2.0,4.0,2.0,5.0,3.0,4.0,,3.0,4.0,4.0,3.0,4.0,3.0,0,1.333,4.25,2.286,4.0,3.667,3.0,2.25,2.25,5.25,4.75,2.5,4.8,1.917,4.222,3.2,3.571
284,33,Hombre,Soltero,Sin hijos,Posgrado,Urbana,3.0,Mixto,Más de 500 empleados,No,Libre nombramiento y remocion,40,Entre 1 y 3 SMLV,Administrativo,No,Entre 10 a 15,Entre 1 y 3 años,Híbrido,Menos de 1 hora,7.0,5.0,4.0,4.0,1.0,2.0,1.0,2.0,4.0,3.0,5.0,5.0,4.0,4.0,5.0,3.0,3.0,3.0,4.0,,4.0,4.0,2.0,2.0,2.0,,4.0,4.0,4.0,3.0,3.0,3.0,3.0,3.0,6.0,5.0,5.0,6.0,5.0,6.0,6.0,5.0,6.0,3.0,2.0,1.0,2.0,2.0,1.0,1.0,3.0,2.0,3.0,2.0,3.0,,3.0,2.0,2.0,1.0,2.0,2.0,2.0,1.0,1.0,1.0,2.0,2.0,2.0,,5.0,5.0,5.0,4.0,5.0,4.0,5.0,4.0,5.0,1.0,2.0,2.0,1.0,2.0,2.0,1.0,2.0,,2.0,2.0,2.0,2.0,5.0,0,4.333,1.5,4.286,3.0,4.0,2.0,4.0,3.0,5.556,2.0,1.8,2.75,1.667,4.667,1.6,1.857
286,41,Mujer,Separado,1,Profesional,Urbana,2.0,Público,Entre 50 y 200 empleados,No,Carrera,34,Entre 3 y 5 SMLV,Operativo,No,Entre 5 a 10,Entre 1 y 3 años,Presencial,Menos de 1 hora,82.625,4.0,3.0,4.0,1.0,3.0,1.0,1.0,5.0,4.0,5.0,5.0,5.0,5.0,5.0,5.0,5.0,4.0,4.0,5.0,4.0,5.0,2.0,,2.0,4.0,4.0,,3.0,5.0,5.0,5.0,5.0,5.0,7.0,7.0,7.0,7.0,7.0,7.0,7.0,7.0,6.0,2.0,2.0,1.0,1.0,1.0,1.0,,1.0,1.0,2.0,1.0,1.0,1.0,1.0,,2.0,1.0,2.0,2.0,2.0,2.0,1.0,2.0,2.0,1.0,2.0,7.0,7.0,6.0,7.0,7.0,6.0,6.0,7.0,7.0,7.0,1.0,1.0,2.0,3.0,4.0,2.0,2.0,2.0,,3.0,2.0,2.0,1.0,6.0,1,3.667,1.5,4.857,4.667,4.5,2.0,3.667,5.0,6.889,1.5,1.0,1.2,1.727,6.7,2.2,2.0
287,31,Hombre,Casado,1,Técnico,Urbana,3.0,Público,Entre 200 y 500 empleados,No,Provisionalidad,48,Entre 1 y 3 SMLV,Administrativo,No,Entre 15 a 20,Entre 1 y 3 años,Presencial,Menos de 1 hora,0.0,5.0,4.0,,2.0,2.0,2.0,3.0,4.0,4.0,4.0,4.0,3.0,3.0,3.0,5.0,4.0,4.0,5.0,4.0,,4.0,1.0,,3.0,4.0,,,4.0,4.0,3.0,3.0,3.0,3.0,5.0,4.0,4.0,5.0,4.0,5.0,4.0,5.0,3.0,,3.0,5.0,4.0,2.0,1.0,2.0,2.0,2.0,2.0,2.0,2.0,2.0,3.0,2.0,2.0,4.0,,2.0,2.0,2.0,2.0,4.0,4.0,1.0,,7.0,6.0,6.0,,7.0,6.0,7.0,7.0,6.0,6.0,1.0,2.0,1.0,2.0,1.0,3.0,3.0,5.0,,4.0,4.0,,4.0,,0,4.5,2.25,3.571,4.333,4.333,2.0,4.0,3.2,4.333,4.0,1.8,2.2,2.5,6.444,1.4,3.833
288,43,Mujer,Soltero,1,Posgrado,Urbana,3.0,Público,Entre 50 y 200 empleados,No,Presentación de servicios,56,Entre 1 y 3 SMLV,Directivo,Si,Entre 15 a 20,Entre 1 y 3 años,Presencial,Entre 1 y 2 horas,2.0,5.0,4.0,4.0,1.0,2.0,2.0,1.0,3.0,5.0,5.0,4.0,4.0,4.0,4.0,,,4.0,4.0,5.0,5.0,4.0,2.0,2.0,2.0,3.0,2.0,3.0,2.0,3.0,3.0,3.0,,4.0,6.0,5.0,6.0,,6.0,6.0,6.0,,6.0,3.0,2.0,2.0,3.0,1.0,2.0,2.0,1.0,2.0,3.0,3.0,2.0,2.0,1.0,2.0,1.0,2.0,1.0,1.0,2.0,2.0,2.0,1.0,1.0,1.0,,6.0,7.0,6.0,7.0,6.0,7.0,7.0,7.0,7.0,7.0,2.0,3.0,3.0,2.0,1.0,1.0,1.0,2.0,1.0,2.0,2.0,1.0,1.0,5.0,0,4.333,1.5,4.143,4.0,4.5,2.0,2.5,3.25,5.857,2.5,1.6,2.2,1.455,6.7,2.2,1.375
289,21,Hombre,Casado,3,Profesional,Urbana,4.0,Público,Entre 50 y 200 empleados,Si,Carrera,42,Entre 1 y 3 SMLV,Administrativo,No,Entre 10 a 15,Entre 1 y 3 años,Presencial,Menos de 1 hora,25.0,5.0,5.0,5.0,2.0,2.0,1.0,1.0,4.0,4.0,5.0,,4.0,4.0,4.0,4.0,4.0,3.0,,5.0,4.0,5.0,2.0,1.0,2.0,4.0,5.0,,5.0,3.0,3.0,4.0,3.0,4.0,5.0,6.0,5.0,6.0,6.0,6.0,5.0,6.0,5.0,3.0,3.0,2.0,4.0,2.0,2.0,2.0,1.0,2.0,1.0,1.0,1.0,2.0,1.0,,2.0,4.0,4.0,5.0,4.0,4.0,2.0,4.0,2.0,2.0,2.0,5.0,5.0,6.0,6.0,6.0,6.0,6.0,6.0,6.0,6.0,3.0,,3.0,4.0,4.0,2.0,1.0,3.0,2.0,2.0,1.0,2.0,3.0,5.0,0,5.0,1.5,4.167,3.667,4.667,1.667,4.667,3.4,5.556,3.0,1.8,1.2,3.182,5.8,3.5,2.0
290,52,Mujer,Unión libre,3,Técnico,Urbana,3.0,Público,Más de 500 empleados,Si,Otro,30,Entre 1 y 3 SMLV,Operativo,No,Entre 10 a 15,Entre 3 y 7 años,Presencial,Menos de 1 hora,34.0,1.0,1.0,1.0,4.0,5.0,4.0,4.0,2.0,2.0,3.0,3.0,,2.0,2.0,4.0,4.0,5.0,4.0,5.0,,4.0,2.0,4.0,3.0,3.0,3.0,4.0,3.0,2.0,3.0,3.0,2.0,2.0,4.0,4.0,4.0,3.0,4.0,3.0,4.0,4.0,3.0,4.0,5.0,5.0,4.0,3.0,,2.0,4.0,3.0,4.0,4.0,5.0,5.0,4.0,5.0,5.0,4.0,4.0,,7.0,5.0,4.0,4.0,4.0,4.0,4.0,4.0,4.0,4.0,4.0,5.0,4.0,5.0,4.0,5.0,4.0,7.0,6.0,7.0,7.0,7.0,5.0,5.0,5.0,6.0,7.0,6.0,5.0,6.0,4.0,0,1.0,4.25,2.333,4.333,4.333,3.0,3.25,2.4,3.667,4.5,3.0,4.4,4.545,4.3,6.8,5.625
292,25,Mujer,Casado,2,Posgrado,Urbana,3.0,Público,Más de 500 empleados,No,Presentación de servicios,56,Entre 1 y 3 SMLV,Administrativo,No,Entre 15 a 20,Más de 10 años,Presencial,Entre 1 y 2 horas,10.0,1.0,1.0,,4.0,4.0,3.0,4.0,2.0,2.0,2.0,3.0,2.0,1.0,2.0,2.0,2.0,2.0,4.0,5.0,4.0,4.0,2.0,3.0,3.0,,3.0,3.0,4.0,3.0,4.0,2.0,,2.0,,4.0,4.0,4.0,6.0,4.0,5.0,4.0,6.0,4.0,5.0,4.0,5.0,2.0,,2.0,2.0,,4.0,3.0,2.0,4.0,4.0,4.0,5.0,5.0,4.0,4.0,5.0,4.0,4.0,,4.0,5.0,5.0,6.0,5.0,6.0,5.0,6.0,5.0,5.0,5.0,5.0,7.0,6.0,6.0,6.0,6.0,5.0,4.0,4.0,4.0,3.0,,3.0,4.0,3.0,4.0,0,1.0,3.75,2.0,2.0,4.25,2.667,3.333,2.75,4.625,4.5,2.0,3.4,4.455,5.5,5.8,3.571
293,28,Mujer,Soltero,2,Posgrado,Urbana,4.0,Mixto,Entre 50 y 200 empleados,No,Presentación de servicios,47,Entre 1 y 3 SMLV,Administrativo,No,Entre 5 a 10,Entre 3 y 7 años,Presencial,Entre 1 y 2 horas,42.0,4.0,4.0,5.0,2.0,2.0,1.0,2.0,5.0,4.0,4.0,4.0,4.0,3.0,,3.0,4.0,3.0,4.0,5.0,4.0,5.0,3.0,,3.0,3.0,2.0,4.0,4.0,3.0,3.0,3.0,3.0,4.0,6.0,6.0,5.0,5.0,5.0,,5.0,5.0,5.0,4.0,3.0,4.0,3.0,1.0,2.0,2.0,1.0,2.0,1.0,1.0,1.0,2.0,1.0,4.0,5.0,4.0,2.0,2.0,2.0,2.0,2.0,4.0,2.0,,4.0,6.0,5.0,6.0,6.0,5.0,5.0,6.0,5.0,5.0,6.0,1.0,1.0,1.0,2.0,2.0,3.0,3.0,3.0,1.0,3.0,2.0,1.0,3.0,4.0,0,4.333,1.75,4.0,3.333,4.5,3.0,3.25,3.2,5.25,3.5,1.6,1.2,3.0,5.5,1.4,2.375
294,38,Hombre,Unión libre,Sin hijos,Posgrado,Urbana,3.0,Público,Entre 50 y 200 empleados,No,Carrera,43,Entre 1 y 3 SMLV,Operativo,Si,Entre 1 a 5,Entre 1 y 3 años,Presencial,Menos de 1 hora,21.0,1.0,1.0,2.0,5.0,5.0,5.0,5.0,2.0,,2.0,2.0,,2.0,2.0,5.0,5.0,5.0,3.0,3.0,4.0,4.0,3.0,3.0,2.0,,3.0,2.0,2.0,1.0,1.0,1.0,1.0,2.0,5.0,6.0,5.0,5.0,5.0,7.0,6.0,6.0,6.0,,3.0,2.0,2.0,4.0,4.0,4.0,3.0,5.0,5.0,6.0,4.0,5.0,6.0,4.0,7.0,5.0,5.0,5.0,5.0,5.0,5.0,5.0,5.0,4.0,7.0,4.0,4.0,4.0,4.0,3.0,3.0,5.0,3.0,3.0,3.0,4.0,4.0,,5.0,4.0,3.0,3.0,3.0,2.0,3.0,4.0,3.0,2.0,,0,1.333,5.0,2.0,5.0,3.5,2.667,2.333,1.2,5.667,2.333,4.0,5.2,5.167,3.6,4.25,2.875
295,37,Mujer,Casado,1,Bachiller,Urbana,5.0,Mixto,Entre 50 y 200 empleados,No,Carrera,37,Entre 1 y 3 SMLV,Administrativo,No,Entre 15 a 20,Entre 3 y 7 años,Presencial,Entre 1 y 2 horas,33.0,4.0,4.0,5.0,2.0,3.0,3.0,3.0,4.0,,4.0,4.0,3.0,4.0,3.0,4.0,5.0,5.0,5.0,5.0,5.0,4.0,2.0,3.0,3.0,2.0,3.0,2.0,2.0,4.0,2.0,3.0,2.0,2.0,3.0,3.0,3.0,3.0,3.0,4.0,4.0,3.0,3.0,6.0,6.0,6.0,5.0,4.0,,4.0,3.0,4.0,4.0,4.0,3.0,3.0,3.0,2.0,4.0,4.0,4.0,4.0,2.0,2.0,4.0,2.0,,2.0,4.0,5.0,4.0,4.0,4.0,5.0,5.0,4.0,4.0,5.0,4.0,2.0,2.0,2.0,3.0,3.0,5.0,4.0,5.0,4.0,4.0,6.0,5.0,4.0,2.0,0,4.333,2.75,3.667,4.667,4.75,2.667,2.25,2.6,3.222,5.75,3.75,3.4,3.091,4.4,2.4,4.625
296,53,Hombre,Separado,Sin hijos,Tecnológico,Urbana,4.0,Mixto,Entre 200 y 500 empleados,No,Otro,50,Entre 1 y 3 SMLV,Administrativo,No,Entre 10 a 15,Entre 1 y 3 años,Presencial,Menos de 1 hora,64.0,5.0,5.0,5.0,2.0,3.0,3.0,4.0,5.0,5.0,4.0,4.0,5.0,5.0,5.0,4.0,4.0,4.0,5.0,5.0,,5.0,2.0,2.0,2.0,4.0,4.0,4.0,5.0,3.0,4.0,4.0,4.0,4.0,4.0,4.0,3.0,4.0,5.0,3.0,4.0,4.0,4.0,4.0,4.0,,5.0,,2.0,3.0,2.0,2.0,4.0,5.0,4.0,3.0,3.0,1.0,1.0,1.0,2.0,1.0,1.0,1.0,,1.0,1.0,1.0,1.0,5.0,4.0,5.0,5.0,5.0,4.0,4.0,4.0,4.0,4.0,3.0,2.0,,2.0,1.0,2.0,3.0,1.0,3.0,2.0,2.0,3.0,2.0,4.0,0,5.0,3.0,4.714,4.0,5.0,2.0,4.25,3.8,3.889,4.333,2.25,3.8,1.091,4.4,2.0,2.25
297,41,Mujer,Soltero,1,Profesional,Urbana,3.0,Público,Más de 500 empleados,No,Presentación de servicios,32,Entre 3 y 5 SMLV,Operativo,No,Entre 10 a 15,Entre 1 y 3 años,Presencial,Menos de 1 hora,45.0,,4.0,,3.0,2.0,3.0,2.0,4.0,3.0,4.0,4.0,4.0,4.0,3.0,2.0,2.0,3.0,4.0,5.0,4.0,5.0,2.0,2.0,2.0,3.0,3.0,4.0,4.0,5.0,4.0,3.0,4.0,4.0,,6.0,4.0,5.0,6.0,6.0,5.0,5.0,4.0,3.0,4.0,3.0,4.0,2.0,,2.0,1.0,1.0,2.0,2.0,2.0,4.0,4.0,1.0,1.0,1.0,2.0,1.0,2.0,1.0,1.0,1.0,1.0,1.0,1.0,7.0,6.0,5.0,,6.0,6.0,6.0,6.0,5.0,6.0,3.0,2.0,4.0,3.0,3.0,4.0,1.0,,2.0,2.0,1.0,2.0,2.0,5.0,0,4.0,2.5,3.714,2.333,4.5,2.0,3.5,4.0,5.125,3.5,1.5,2.8,1.167,5.889,3.0,2.0
298,29,Mujer,Unión libre,Sin hijos,Posgrado,Urbana,4.0,Público,Entre 200 y 500 empleados,No,Carrera,38,Entre 1 y 3 SMLV,Operativo,No,Entre 15 a 20,Entre 1 y 3 años,Presencial,Menos de 1 hora,15.0,5.0,5.0,4.0,2.0,2.0,2.0,3.0,5.0,5.0,4.0,,4.0,5.0,5.0,3.0,4.0,4.0,4.0,3.0,4.0,5.0,1.0,2.0,1.0,4.0,5.0,5.0,5.0,5.0,4.0,5.0,5.0,4.0,5.0,6.0,5.0,4.0,6.0,6.0,5.0,5.0,5.0,4.0,2.0,2.0,2.0,3.0,,3.0,4.0,,3.0,,3.0,2.0,3.0,1.0,4.0,1.0,2.0,1.0,1.0,1.0,1.0,1.0,1.0,1.0,1.0,7.0,7.0,7.0,,7.0,7.0,6.0,7.0,7.0,7.0,,2.0,1.0,1.0,2.0,2.0,2.0,1.0,1.0,1.0,2.0,2.0,2.0,4.0,0,4.667,2.25,4.667,3.667,4.0,1.333,4.75,4.6,5.222,2.5,3.333,2.75,1.333,6.889,1.5,1.625
299,33,Hombre,Soltero,3,Técnico,Urbana,2.0,Mixto,Más de 500 empleados,No,Carrera,43,Entre 5 y 10 SMLV,Directivo,No,Entre 10 a 15,Más de 10 años,Presencial,Menos de 1 hora,82.625,2.0,1.0,1.0,5.0,5.0,5.0,5.0,4.0,4.0,4.0,4.0,4.0,5.0,5.0,4.0,4.0,4.0,4.0,4.0,5.0,4.0,3.0,3.0,2.0,4.0,3.0,4.0,3.0,4.0,4.0,4.0,4.0,5.0,5.0,4.0,4.0,4.0,5.0,4.0,5.0,,6.0,7.0,7.0,6.0,6.0,2.0,2.0,3.0,2.0,2.0,5.0,5.0,5.0,4.0,5.0,4.0,,5.0,4.0,4.0,5.0,4.0,4.0,4.0,,5.0,4.0,6.0,6.0,4.0,4.0,4.0,5.0,5.0,5.0,5.0,5.0,4.0,4.0,,3.0,4.0,4.0,,3.0,3.0,4.0,3.0,3.0,4.0,1.0,1,1.333,5.0,4.286,4.0,4.25,2.667,3.5,4.2,4.625,6.5,2.2,4.8,4.3,4.9,3.75,3.429
300,44,Hombre,Soltero,Sin hijos,Posgrado,Rural,3.0,Público,Entre 200 y 500 empleados,Si,Carrera,34,Entre 1 y 3 SMLV,Operativo,No,Entre 1 a 5,Entre 1 y 3 años,Presencial,Menos de 1 hora,19.0,3.0,2.0,2.0,4.0,5.0,4.0,,3.0,4.0,3.0,4.0,4.0,3.0,4.0,3.0,3.0,3.0,5.0,5.0,,5.0,3.0,3.0,3.0,3.0,4.0,4.0,3.0,5.0,4.0,5.0,4.0,5.0,3.0,,4.0,3.0,4.0,3.0,3.0,3.0,3.0,6.0,5.0,5.0,5.0,1.0,1.0,1.0,1.0,2.0,3.0,3.0,3.0,,3.0,4.0,4.0,5.0,4.0,5.0,2.0,4.0,4.0,4.0,4.0,2.0,4.0,4.0,5.0,5.0,5.0,5.0,5.0,4.0,4.0,4.0,4.0,3.0,3.0,4.0,3.0,4.0,,3.0,4.0,4.0,4.0,4.0,3.0,3.0,2.0,0,2.333,4.333,3.571,3.0,5.0,3.0,3.5,4.6,3.25,5.25,1.2,3.0,3.833,4.5,3.4,3.571
301,60,Mujer,Soltero,3,Posgrado,Urbana,3.0,Público,Más de 500 empleados,Si,Presentación de servicios,41,Entre 3 y 5 SMLV,Operativo,No,Entre 5 a 10,Entre 1 y 3 años,Presencial,Entre 1 y 2 horas,0.0,5.0,5.0,5.0,1.0,2.0,1.0,1.0,5.0,4.0,5.0,4.0,5.0,4.0,4.0,4.0,,4.0,3.0,4.0,4.0,4.0,1.0,1.0,2.0,5.0,4.0,4.0,4.0,2.0,3.0,3.0,3.0,,6.0,6.0,6.0,6.0,7.0,7.0,6.0,6.0,6.0,2.0,2.0,2.0,2.0,2.0,2.0,2.0,2.0,,1.0,2.0,1.0,1.0,,2.0,2.0,1.0,2.0,2.0,2.0,2.0,1.0,1.0,1.0,2.0,1.0,7.0,7.0,7.0,7.0,6.0,6.0,6.0,7.0,7.0,7.0,3.0,1.0,2.0,3.0,4.0,3.0,1.0,3.0,2.0,3.0,2.0,3.0,2.0,6.0,0,5.0,1.25,4.429,4.0,3.75,1.333,4.25,2.75,6.222,2.0,2.0,1.25,1.583,6.7,2.6,2.375
302,48,Mujer,Casado,3,Posgrado,Urbana,5.0,Público,Más de 500 empleados,No,Libre nombramiento y remocion,44,Entre 5 y 10 SMLV,Administrativo,No,Entre 5 a 10,Entre 3 y 7 años,Presencial,Menos de 1 hora,16.0,2.0,3.0,2.0,2.0,3.0,2.0,,2.0,2.0,2.0,2.0,,2.0,1.0,3.0,3.0,3.0,5.0,5.0,5.0,5.0,,3.0,2.0,,3.0,4.0,,3.0,3.0,3.0,3.0,3.0,,7.0,6.0,7.0,7.0,6.0,6.0,6.0,6.0,4.0,4.0,3.0,2.0,1.0,2.0,,3.0,1.0,4.0,4.0,3.0,4.0,2.0,4.0,4.0,2.0,4.0,4.0,2.0,2.0,4.0,2.0,2.0,2.0,4.0,6.0,6.0,5.0,6.0,6.0,6.0,5.0,6.0,6.0,6.0,2.0,2.0,3.0,,2.0,1.0,3.0,2.0,1.0,1.0,1.0,3.0,2.0,4.0,0,2.333,2.333,1.833,3.0,5.0,2.5,3.5,3.0,6.375,3.25,1.75,3.4,3.0,5.8,2.25,1.75
303,70,Mujer,Soltero,2,Tecnológico,Urbana,3.0,Público,Entre 200 y 500 empleados,No,Otro,45,Entre 1 y 3 SMLV,Operativo,No,Entre 5 a 10,Más de 10 años,Presencial,Más de 3 horas,7.0,4.0,4.0,,3.0,2.0,2.0,3.0,4.0,4.0,3.0,4.0,4.0,4.0,4.0,3.0,3.0,3.0,4.0,4.0,4.0,4.0,1.0,1.0,1.0,4.0,3.0,4.0,5.0,4.0,3.0,3.0,3.0,3.0,5.0,5.0,5.0,5.0,6.0,5.0,4.0,5.0,,2.0,2.0,2.0,3.0,1.0,1.0,1.0,1.0,2.0,2.0,1.0,2.0,2.0,1.0,,2.0,1.0,1.0,2.0,2.0,2.0,2.0,2.0,1.0,1.0,1.0,5.0,6.0,6.0,5.0,6.0,6.0,6.0,6.0,6.0,6.0,3.0,3.0,,2.0,2.0,3.0,2.0,2.0,2.0,,3.0,2.0,1.0,6.0,1,4.0,2.5,3.857,3.0,4.0,1.0,4.0,3.2,5.0,2.25,1.2,1.6,1.545,5.8,2.5,2.143
304,34,Mujer,Soltero,1,Técnico,Rural,3.0,Público,Más de 500 empleados,No,Presentación de servicios,56,Entre 1 y 3 SMLV,Directivo,Si,Entre 1 a 5,Entre 1 y 3 años,Presencial,Menos de 1 hora,35.0,4.0,4.0,4.0,2.0,2.0,3.0,3.0,2.0,2.0,1.0,2.0,2.0,2.0,2.0,3.0,3.0,3.0,4.0,3.0,4.0,4.0,3.0,3.0,2.0,2.0,2.0,2.0,,2.0,1.0,1.0,2.0,2.0,5.0,5.0,4.0,4.0,5.0,5.0,5.0,4.0,5.0,3.0,3.0,,4.0,3.0,,,3.0,4.0,4.0,5.0,4.0,5.0,5.0,4.0,2.0,4.0,2.0,2.0,2.0,2.0,2.0,,2.0,2.0,2.0,6.0,5.0,6.0,5.0,6.0,5.0,6.0,5.0,6.0,5.0,2.0,1.0,2.0,2.0,1.0,1.0,2.0,1.0,,1.0,1.0,1.0,2.0,5.0,0,4.0,2.5,1.857,3.0,3.75,2.667,2.0,1.6,4.667,3.333,3.333,4.6,2.364,5.5,1.6,1.286
305,31,Hombre,Soltero,Sin hijos,Bachiller,Rural,4.0,Público,Entre 200 y 500 empleados,No,Carrera,51,Entre 1 y 3 SMLV,Operativo,No,Entre 15 a 20,Entre 3 y 7 años,Presencial,Entre 2 y 3 horas,38.0,2.0,3.0,2.0,4.0,3.0,2.0,3.0,2.0,4.0,2.0,3.0,3.0,2.0,2.0,2.0,2.0,3.0,3.0,5.0,3.0,5.0,2.0,,1.0,1.0,1.0,1.0,,3.0,2.0,2.0,,2.0,5.0,5.0,6.0,5.0,5.0,6.0,6.0,5.0,6.0,4.0,4.0,3.0,3.0,4.0,,5.0,4.0,4.0,4.0,4.0,3.0,5.0,5.0,1.0,4.0,,2.0,1.0,1.0,2.0,2.0,1.0,1.0,1.0,1.0,6.0,6.0,6.0,4.0,6.0,6.0,6.0,5.0,6.0,7.0,2.0,2.0,2.0,3.0,2.0,1.0,3.0,,2.0,2.0,1.0,1.0,1.0,4.0,0,2.333,3.0,2.571,2.333,4.0,1.5,1.0,2.25,5.444,3.5,4.25,4.2,1.545,5.8,2.2,1.571
307,48,Mujer,Casado,2,Tecnológico,Urbana,3.0,Mixto,Entre 50 y 200 empleados,No,Carrera,43,Entre 1 y 3 SMLV,Administrativo,No,Entre 5 a 10,Entre 3 y 7 años,Presencial,Menos de 1 hora,25.0,4.0,3.0,3.0,4.0,4.0,4.0,5.0,2.0,1.0,1.0,,,2.0,2.0,4.0,5.0,4.0,5.0,,5.0,4.0,2.0,4.0,2.0,1.0,2.0,2.0,1.0,1.0,1.0,1.0,2.0,1.0,3.0,2.0,2.0,3.0,2.0,3.0,3.0,2.0,2.0,6.0,7.0,6.0,7.0,3.0,4.0,,4.0,5.0,7.0,6.0,5.0,5.0,5.0,4.0,5.0,5.0,5.0,5.0,,4.0,4.0,4.0,5.0,5.0,4.0,3.0,4.0,4.0,4.0,4.0,4.0,3.0,3.0,3.0,4.0,7.0,7.0,7.0,6.0,7.0,5.0,4.0,6.0,5.0,6.0,6.0,4.0,4.0,2.0,0,3.333,4.25,1.6,4.333,4.667,2.667,1.5,1.2,2.444,6.5,4.0,5.6,4.545,3.6,6.8,5.0
308,65,Mujer,Soltero,1,Posgrado,Urbana,3.0,Mixto,Entre 200 y 500 empleados,No,Carrera,38,Entre 1 y 3 SMLV,Administrativo,No,Entre 1 a 5,Entre 3 y 7 años,Presencial,Menos de 1 hora,25.0,4.0,,4.0,3.0,1.0,2.0,2.0,5.0,,5.0,5.0,5.0,5.0,5.0,4.0,5.0,5.0,4.0,4.0,4.0,4.0,3.0,3.0,3.0,4.0,,4.0,5.0,5.0,4.0,5.0,3.0,5.0,7.0,5.0,5.0,5.0,6.0,6.0,6.0,5.0,7.0,4.0,3.0,3.0,3.0,1.0,1.0,2.0,1.0,3.0,3.0,4.0,2.0,3.0,3.0,1.0,1.0,1.0,1.0,2.0,1.0,1.0,2.0,2.0,,1.0,1.0,7.0,7.0,7.0,7.0,6.0,6.0,7.0,6.0,7.0,7.0,4.0,3.0,1.0,4.0,5.0,1.0,,1.0,1.0,1.0,2.0,1.0,1.0,4.0,0,4.0,2.0,5.0,4.667,4.0,3.0,4.333,4.4,5.778,3.25,1.6,3.0,1.273,6.7,3.4,1.143
309,37,Mujer,Soltero,Sin hijos,Técnico,Urbana,5.0,Público,Entre 200 y 500 empleados,No,Carrera,40,Entre 1 y 3 SMLV,Operativo,No,Entre 5 a 10,Entre 1 y 3 años,Presencial,Entre 1 y 2 horas,27.0,4.0,4.0,5.0,2.0,1.0,2.0,2.0,,3.0,4.0,3.0,4.0,3.0,3.0,4.0,2.0,2.0,4.0,3.0,4.0,3.0,2.0,1.0,2.0,3.0,,3.0,3.0,3.0,,,2.0,3.0,,4.0,4.0,3.0,4.0,,5.0,5.0,5.0,6.0,5.0,6.0,5.0,1.0,1.0,2.0,2.0,1.0,2.0,2.0,2.0,2.0,1.0,2.0,1.0,2.0,2.0,2.0,1.0,2.0,4.0,2.0,2.0,,2.0,7.0,7.0,7.0,7.0,7.0,7.0,7.0,7.0,7.0,6.0,1.0,1.0,1.0,2.0,1.0,3.0,3.0,4.0,3.0,3.0,4.0,5.0,4.0,2.0,0,4.333,1.75,3.333,2.667,3.5,1.667,3.0,2.667,4.286,5.5,1.4,1.8,2.0,6.9,1.2,3.625
310,43,Mujer,Soltero,1,Profesional,Urbana,3.0,Público,Entre 200 y 500 empleados,No,Provisionalidad,53,Entre 1 y 3 SMLV,Administrativo,No,Entre 10 a 15,Entre 3 y 7 años,Presencial,Entre 1 y 2 horas,14.0,1.0,1.0,1.0,4.0,4.0,5.0,4.0,2.0,3.0,1.0,2.0,2.0,2.0,2.0,4.0,4.0,5.0,4.0,5.0,5.0,4.0,4.0,4.0,4.0,3.0,3.0,4.0,3.0,4.0,,3.0,4.0,3.0,2.0,4.0,4.0,4.0,3.0,4.0,3.0,3.0,4.0,5.0,6.0,6.0,6.0,3.0,4.0,3.0,4.0,,3.0,3.0,4.0,,5.0,5.0,5.0,5.0,5.0,5.0,4.0,5.0,4.0,7.0,5.0,,5.0,4.0,4.0,5.0,4.0,5.0,4.0,5.0,4.0,4.0,3.0,6.0,,7.0,6.0,6.0,4.0,5.0,5.0,4.0,5.0,,4.0,6.0,3.0,0,1.0,4.25,2.0,4.333,4.5,4.0,3.25,3.5,3.444,5.75,3.5,3.75,5.0,4.2,6.25,4.714
311,49,Mujer,Soltero,Sin hijos,Bachiller,Urbana,3.0,Público,Entre 200 y 500 empleados,No,Provisionalidad,39,Entre 1 y 3 SMLV,Administrativo,Si,Entre 10 a 15,Entre 1 y 3 años,Presencial,Menos de 1 hora,42.0,4.0,4.0,5.0,2.0,2.0,2.0,2.0,3.0,2.0,1.0,3.0,2.0,3.0,2.0,4.0,5.0,4.0,5.0,5.0,5.0,5.0,1.0,2.0,1.0,1.0,1.0,2.0,,,2.0,3.0,3.0,2.0,5.0,5.0,5.0,4.0,6.0,,6.0,5.0,6.0,2.0,3.0,2.0,4.0,1.0,1.0,2.0,1.0,1.0,1.0,1.0,1.0,1.0,,1.0,1.0,2.0,2.0,1.0,1.0,2.0,1.0,1.0,1.0,1.0,1.0,6.0,6.0,,6.0,5.0,5.0,5.0,6.0,5.0,6.0,5.0,4.0,5.0,3.0,5.0,3.0,5.0,4.0,4.0,4.0,4.0,4.0,3.0,6.0,0,4.333,2.0,2.286,4.333,5.0,1.333,1.333,2.5,5.25,2.75,1.2,1.0,1.25,5.556,4.4,3.875
312,32,Mujer,Soltero,2,Bachiller,Urbana,3.0,Público,Entre 10 y 50 empleados,No,Otro,38,Entre 1 y 3 SMLV,Administrativo,No,Entre 10 a 15,Entre 1 y 3 años,Presencial,Menos de 1 hora,12.0,1.0,1.0,,5.0,4.0,5.0,3.0,2.0,2.0,1.0,,2.0,2.0,3.0,4.0,4.0,4.0,,3.0,3.0,4.0,3.0,4.0,,3.0,2.0,3.0,2.0,2.0,2.0,2.0,4.0,3.0,4.0,3.0,4.0,3.0,5.0,3.0,3.0,3.0,4.0,5.0,6.0,5.0,5.0,4.0,5.0,3.0,4.0,2.0,4.0,,5.0,5.0,5.0,5.0,4.0,4.0,2.0,5.0,5.0,4.0,4.0,4.0,2.0,4.0,4.0,5.0,4.0,4.0,5.0,5.0,4.0,4.0,4.0,4.0,5.0,6.0,6.0,6.0,6.0,6.0,3.0,4.0,3.0,2.0,3.0,5.0,3.0,4.0,3.0,0,1.0,4.25,2.0,4.0,3.333,3.5,2.5,2.6,3.556,5.25,3.6,4.75,3.917,4.4,6.0,3.375
313,49,Hombre,Casado,2,Tecnológico,Urbana,2.0,Público,Entre 200 y 500 empleados,No,Presentación de servicios,51,Entre 1 y 3 SMLV,Administrativo,Si,Entre 15 a 20,Entre 1 y 3 años,Híbrido,Entre 1 y 2 horas,13.0,1.0,2.0,1.0,5.0,5.0,5.0,4.0,2.0,2.0,1.0,2.0,1.0,2.0,3.0,5.0,4.0,4.0,4.0,3.0,4.0,,4.0,4.0,4.0,3.0,2.0,2.0,2.0,1.0,,2.0,1.0,1.0,3.0,3.0,3.0,2.0,4.0,3.0,4.0,3.0,3.0,7.0,6.0,7.0,7.0,4.0,3.0,4.0,3.0,4.0,5.0,6.0,5.0,6.0,,7.0,5.0,,5.0,5.0,,7.0,7.0,7.0,5.0,5.0,7.0,5.0,3.0,4.0,4.0,4.0,4.0,5.0,4.0,4.0,5.0,6.0,6.0,5.0,5.0,6.0,4.0,4.0,4.0,5.0,5.0,4.0,4.0,4.0,1.0,0,1.333,4.75,1.857,4.333,3.667,4.0,2.25,1.25,3.111,6.75,3.6,5.5,6.0,4.2,5.6,4.25
314,37,Hombre,Casado,2,Técnico,Urbana,2.0,Público,Más de 500 empleados,No,Presentación de servicios,38,Entre 3 y 5 SMLV,Operativo,No,Entre 10 a 15,Entre 3 y 7 años,Presencial,Menos de 1 hora,8.0,,2.0,2.0,4.0,2.0,4.0,3.0,2.0,2.0,2.0,2.0,2.0,3.0,1.0,,3.0,,4.0,4.0,5.0,5.0,3.0,3.0,3.0,2.0,3.0,2.0,2.0,3.0,1.0,2.0,2.0,2.0,5.0,5.0,5.0,6.0,6.0,5.0,5.0,4.0,6.0,,3.0,2.0,2.0,3.0,2.0,2.0,3.0,2.0,5.0,5.0,6.0,5.0,5.0,2.0,2.0,2.0,4.0,2.0,4.0,4.0,4.0,4.0,5.0,4.0,2.0,5.0,5.0,6.0,4.0,5.0,5.0,6.0,4.0,6.0,5.0,5.0,5.0,3.0,5.0,4.0,4.0,4.0,4.0,4.0,,4.0,2.0,5.0,,0,2.0,3.25,2.0,3.0,4.5,3.0,2.25,2.0,5.222,2.333,2.4,5.2,3.25,5.1,4.4,3.857
315,35,Mujer,Unión libre,1,Posgrado,Urbana,2.0,Público,Entre 200 y 500 empleados,Si,Presentación de servicios,42,Entre 1 y 3 SMLV,Operativo,Si,Entre 20 a 25,Entre 1 y 3 años,Presencial,Entre 1 y 2 horas,24.0,4.0,5.0,5.0,2.0,2.0,2.0,2.0,4.0,4.0,,5.0,4.0,3.0,3.0,3.0,3.0,3.0,4.0,4.0,5.0,5.0,2.0,2.0,1.0,,3.0,4.0,3.0,3.0,2.0,2.0,2.0,2.0,6.0,7.0,6.0,6.0,6.0,7.0,7.0,,6.0,3.0,2.0,4.0,,1.0,1.0,1.0,1.0,1.0,3.0,1.0,2.0,2.0,3.0,2.0,2.0,4.0,,4.0,2.0,4.0,2.0,2.0,4.0,2.0,4.0,5.0,6.0,7.0,6.0,6.0,7.0,6.0,5.0,6.0,6.0,2.0,2.0,2.0,2.0,1.0,3.0,4.0,3.0,3.0,2.0,4.0,4.0,4.0,5.0,0,4.667,2.0,3.833,3.0,4.5,1.667,3.333,2.2,6.375,3.0,1.0,2.2,2.909,6.0,1.8,3.375
316,40,Hombre,Unión libre,2,Profesional,Urbana,3.0,Público,Entre 200 y 500 empleados,No,Presentación de servicios,35,Entre 1 y 3 SMLV,Administrativo,No,Entre 10 a 15,Entre 1 y 3 años,Presencial,Menos de 1 hora,33.0,,3.0,1.0,4.0,3.0,3.0,3.0,4.0,5.0,5.0,5.0,5.0,4.0,5.0,,3.0,4.0,5.0,,5.0,5.0,3.0,2.0,3.0,3.0,4.0,4.0,3.0,5.0,,5.0,5.0,5.0,6.0,5.0,5.0,4.0,6.0,6.0,7.0,5.0,5.0,2.0,2.0,1.0,2.0,2.0,3.0,3.0,4.0,3.0,4.0,5.0,4.0,4.0,4.0,,1.0,1.0,1.0,1.0,1.0,1.0,1.0,2.0,1.0,1.0,1.0,7.0,7.0,7.0,7.0,7.0,7.0,6.0,6.0,6.0,7.0,3.0,3.0,1.0,3.0,3.0,1.0,2.0,1.0,2.0,3.0,2.0,2.0,2.0,6.0,0,2.0,3.25,4.714,3.5,5.0,2.667,3.5,5.0,5.444,1.75,3.0,4.2,1.091,6.7,2.6,1.875
317,36,Mujer,Casado,1,Técnico,Urbana,3.0,Público,Entre 10 y 50 empleados,No,Presentación de servicios,36,Entre 1 y 3 SMLV,Administrativo,No,Entre 1 a 5,Más de 10 años,Presencial,Menos de 1 hora,20.0,,3.0,3.0,3.0,4.0,3.0,3.0,3.0,3.0,3.0,2.0,3.0,2.0,3.0,3.0,4.0,4.0,,4.0,5.0,5.0,2.0,2.0,2.0,2.0,2.0,3.0,3.0,3.0,4.0,3.0,3.0,3.0,4.0,4.0,4.0,4.0,5.0,3.0,5.0,4.0,4.0,5.0,5.0,5.0,5.0,1.0,1.0,1.0,2.0,1.0,,2.0,2.0,3.0,2.0,4.0,2.0,,2.0,,2.0,2.0,,2.0,,2.0,2.0,6.0,6.0,6.0,7.0,6.0,7.0,7.0,6.0,6.0,5.0,4.0,3.0,2.0,1.0,3.0,3.0,2.0,2.0,2.0,3.0,2.0,2.0,3.0,3.0,0,3.0,3.25,2.714,3.667,4.667,2.0,2.5,3.2,4.111,5.0,1.2,2.25,2.25,6.2,2.6,2.375
318,42,Mujer,Casado,Sin hijos,Posgrado,Urbana,2.0,Público,Entre 200 y 500 empleados,No,Otro,41,Entre 1 y 3 SMLV,Operativo,No,Entre 1 a 5,Entre 3 y 7 años,Presencial,Menos de 1 hora,2.0,2.0,3.0,3.0,1.0,2.0,2.0,1.0,5.0,5.0,5.0,5.0,5.0,4.0,5.0,3.0,4.0,3.0,4.0,4.0,4.0,4.0,2.0,1.0,2.0,5.0,5.0,5.0,5.0,4.0,4.0,3.0,5.0,,7.0,6.0,7.0,7.0,7.0,6.0,6.0,5.0,7.0,2.0,2.0,2.0,2.0,3.0,3.0,3.0,3.0,3.0,3.0,,3.0,3.0,3.0,2.0,2.0,4.0,2.0,,2.0,2.0,4.0,4.0,,2.0,4.0,6.0,7.0,7.0,7.0,6.0,5.0,6.0,6.0,6.0,7.0,1.0,2.0,,4.0,2.0,2.0,1.0,1.0,2.0,1.0,1.0,2.0,1.0,6.0,0,2.667,1.5,4.857,3.333,4.0,1.667,5.0,4.0,6.444,2.0,3.0,3.0,2.8,6.3,2.25,1.375
319,40,Mujer,Casado,2,Posgrado,Urbana,1.5,Mixto,Entre 200 y 500 empleados,No,Provisionalidad,45,Entre 1 y 3 SMLV,Directivo,No,Entre 15 a 20,Entre 3 y 7 años,Presencial,Entre 1 y 2 horas,14.0,2.0,1.0,1.0,5.0,4.0,4.0,4.0,,2.0,2.0,1.0,2.0,2.0,1.0,4.0,4.0,4.0,3.0,,5.0,5.0,4.0,4.0,3.0,2.0,2.0,1.0,1.0,1.0,1.0,1.0,1.0,1.0,4.0,4.0,4.0,3.0,4.0,,4.0,4.0,3.0,5.0,6.0,6.0,6.0,4.0,3.0,3.0,2.0,3.0,6.0,6.0,6.0,6.0,5.0,5.0,5.0,5.0,4.0,5.0,7.0,5.0,5.0,4.0,5.0,5.0,7.0,,3.0,3.0,3.0,3.0,3.0,4.0,3.0,3.0,3.0,6.0,5.0,6.0,5.0,,6.0,4.0,5.0,5.0,4.0,5.0,5.0,5.0,3.0,1,1.333,4.25,1.667,4.0,4.333,3.667,1.5,1.0,3.75,5.75,3.0,5.8,5.167,3.111,5.5,4.875
320,40,Mujer,Separado,Sin hijos,Profesional,Rural,3.0,Público,Entre 200 y 500 empleados,No,Carrera,47,Entre 1 y 3 SMLV,Administrativo,Si,Entre 15 a 20,Entre 1 y 3 años,Presencial,Menos de 1 hora,9.0,2.0,2.0,2.0,3.0,3.0,2.0,2.0,4.0,4.0,4.0,4.0,4.0,3.0,3.0,3.0,2.0,3.0,4.0,,4.0,5.0,3.0,3.0,3.0,4.0,4.0,4.0,5.0,4.0,5.0,4.0,,4.0,7.0,5.0,,6.0,6.0,7.0,7.0,7.0,6.0,3.0,2.0,2.0,2.0,3.0,3.0,3.0,3.0,2.0,6.0,4.0,4.0,5.0,4.0,2.0,4.0,,4.0,4.0,2.0,4.0,4.0,2.0,4.0,4.0,,,7.0,6.0,6.0,6.0,6.0,5.0,6.0,6.0,7.0,2.0,3.0,2.0,2.0,2.0,4.0,1.0,3.0,2.0,2.0,3.0,3.0,3.0,5.0,0,2.0,2.5,3.714,2.667,4.333,3.0,4.25,4.25,6.375,2.25,2.8,4.6,3.4,6.111,2.2,2.625
321,49,Mujer,Casado,1,Técnico,Urbana,5.0,Público,Entre 50 y 200 empleados,No,Provisionalidad,41,Entre 1 y 3 SMLV,Administrativo,Si,Entre 1 a 5,Entre 1 y 3 años,Presencial,Menos de 1 hora,18.0,3.0,3.0,3.0,3.0,,3.0,3.0,2.0,2.0,2.0,2.0,3.0,2.0,2.0,4.0,4.0,4.0,4.0,5.0,4.0,4.0,4.0,3.0,4.0,2.0,3.0,2.0,3.0,,2.0,3.0,2.0,2.0,3.0,4.0,4.0,4.0,3.0,4.0,4.0,,4.0,7.0,6.0,6.0,6.0,3.0,3.0,3.0,4.0,4.0,3.0,3.0,4.0,4.0,3.0,1.0,1.0,2.0,1.0,1.0,2.0,1.0,1.0,1.0,2.0,1.0,1.0,5.0,6.0,5.0,6.0,5.0,5.0,6.0,6.0,6.0,6.0,2.0,1.0,1.0,2.0,2.0,2.0,2.0,2.0,1.0,1.0,1.0,1.0,,1.0,0,3.0,3.0,2.143,4.0,4.25,3.667,2.5,2.25,3.75,6.25,3.4,3.4,1.25,5.6,1.6,1.429
322,51,Mujer,Unión libre,2,Técnico,Urbana,4.0,Público,Más de 500 empleados,No,Otro,37,Entre 1 y 3 SMLV,Administrativo,No,Entre 1 a 5,Entre 1 y 3 años,Presencial,Menos de 1 hora,3.0,4.0,4.0,5.0,,1.0,2.0,1.0,2.0,2.0,3.0,3.0,,4.0,4.0,4.0,4.0,4.0,5.0,4.0,5.0,4.0,2.0,2.0,2.0,3.0,3.0,2.0,3.0,4.0,4.0,4.0,,5.0,7.0,6.0,7.0,7.0,6.0,7.0,7.0,7.0,7.0,2.0,2.0,1.0,1.0,2.0,1.0,2.0,1.0,1.0,,1.0,1.0,1.0,1.0,4.0,2.0,2.0,2.0,2.0,2.0,,2.0,2.0,2.0,,1.0,7.0,,7.0,7.0,6.0,7.0,7.0,7.0,6.0,7.0,5.0,5.0,4.0,4.0,,2.0,1.0,1.0,,2.0,2.0,,1.0,6.0,0,4.333,1.333,3.0,4.0,4.5,2.0,2.75,4.25,6.778,1.5,1.4,1.0,2.1,6.778,4.5,1.5
323,61,Mujer,Soltero,3,Posgrado,Urbana,4.0,Público,Entre 200 y 500 empleados,No,Otro,32,Entre 1 y 3 SMLV,Administrativo,No,Entre 1 a 5,Entre 7 y 10 años,Presencial,Menos de 1 hora,20.0,4.0,4.0,4.0,2.0,2.0,2.0,2.0,3.0,4.0,4.0,4.0,4.0,4.0,3.0,4.0,,4.0,3.0,3.0,2.0,3.0,3.0,3.0,3.0,4.0,4.0,4.0,4.0,3.0,3.0,4.0,3.0,3.0,4.0,5.0,5.0,5.0,5.0,,5.0,,5.0,4.0,4.0,5.0,4.0,,1.0,1.0,1.0,1.0,1.0,2.0,1.0,1.0,2.0,2.0,1.0,1.0,2.0,1.0,2.0,2.0,2.0,2.0,2.0,1.0,1.0,,5.0,5.0,6.0,5.0,5.0,4.0,6.0,4.0,5.0,2.0,2.0,2.0,2.0,3.0,2.0,4.0,4.0,4.0,2.0,2.0,2.0,2.0,4.0,0,4.0,2.0,3.714,4.0,2.75,3.0,4.0,3.2,4.857,4.25,1.0,1.4,1.583,5.0,2.2,2.75
324,29,Hombre,Soltero,1,Posgrado,Urbana,4.0,Mixto,Más de 500 empleados,No,Presentación de servicios,49,Entre 1 y 3 SMLV,Administrativo,No,Entre 5 a 10,Entre 3 y 7 años,Presencial,Entre 1 y 2 horas,15.0,2.0,3.0,3.0,3.0,3.0,4.0,3.0,3.0,3.0,3.0,3.0,,3.0,3.0,4.0,3.0,5.0,5.0,,5.0,4.0,2.0,2.0,,1.0,2.0,2.0,2.0,2.0,2.0,2.0,2.0,2.0,5.0,5.0,6.0,5.0,5.0,4.0,,6.0,4.0,4.0,3.0,4.0,4.0,,2.0,1.0,1.0,2.0,3.0,4.0,3.0,4.0,4.0,,2.0,2.0,2.0,2.0,2.0,1.0,2.0,1.0,2.0,2.0,2.0,6.0,5.0,5.0,5.0,6.0,6.0,5.0,6.0,6.0,6.0,2.0,4.0,3.0,3.0,3.0,2.0,2.0,3.0,2.0,3.0,3.0,2.0,2.0,4.0,0,2.667,3.25,3.0,4.0,4.667,2.0,1.75,2.0,5.0,3.75,1.5,3.6,1.818,5.6,3.0,2.375
325,54,Mujer,Unión libre,3,Profesional,Urbana,3.0,Mixto,Entre 50 y 200 empleados,Si,Libre nombramiento y remocion,51,Entre 1 y 3 SMLV,Operativo,No,Entre 20 a 25,Entre 3 y 7 años,Presencial,Menos de 1 hora,49.0,2.0,,2.0,5.0,,4.0,5.0,3.0,3.0,3.0,3.0,2.0,2.0,2.0,4.0,4.0,,5.0,5.0,5.0,5.0,4.0,4.0,4.0,2.0,2.0,2.0,2.0,3.0,2.0,2.0,1.0,1.0,3.0,2.0,2.0,3.0,3.0,4.0,3.0,2.0,2.0,7.0,7.0,7.0,7.0,4.0,4.0,,3.0,3.0,4.0,5.0,4.0,5.0,5.0,,5.0,4.0,2.0,4.0,,5.0,4.0,4.0,5.0,4.0,4.0,2.0,2.0,1.0,2.0,2.0,3.0,2.0,2.0,1.0,2.0,6.0,6.0,5.0,6.0,6.0,4.0,5.0,4.0,4.0,4.0,5.0,4.0,4.0,1.0,0,2.0,4.667,2.571,4.0,5.0,4.0,2.0,1.8,2.667,7.0,3.5,4.6,4.1,1.9,5.8,4.25
326,47,Mujer,Unión libre,Sin hijos,Posgrado,Urbana,2.0,Público,Entre 200 y 500 empleados,No,Presentación de servicios,49,Entre 1 y 3 SMLV,Directivo,No,Más de 25,Entre 7 y 10 años,Presencial,Menos de 1 hora,14.0,3.0,4.0,3.0,3.0,4.0,3.0,3.0,2.0,3.0,3.0,3.0,2.0,2.0,3.0,3.0,3.0,4.0,4.0,5.0,4.0,,2.0,2.0,2.0,2.0,3.0,1.0,1.0,,2.0,3.0,3.0,3.0,6.0,5.0,6.0,6.0,,,6.0,6.0,6.0,,5.0,3.0,4.0,4.0,3.0,4.0,4.0,3.0,4.0,3.0,4.0,4.0,4.0,,4.0,2.0,4.0,2.0,,2.0,2.0,2.0,4.0,2.0,2.0,6.0,6.0,6.0,6.0,6.0,6.0,6.0,6.0,6.0,6.0,2.0,3.0,2.0,2.0,3.0,3.0,2.0,3.0,3.0,2.0,3.0,4.0,2.0,,0,3.333,3.25,2.571,3.333,4.333,2.0,1.75,2.75,5.857,4.0,3.6,3.8,2.6,6.0,2.4,2.75
327,34,Hombre,Casado,1,Técnico,Urbana,2.0,Público,Más de 500 empleados,No,Carrera,39,Entre 1 y 3 SMLV,Administrativo,No,Entre 1 a 5,Menos de 1 año,Híbrido,Entre 2 y 3 horas,9.0,1.0,1.0,1.0,5.0,4.0,3.0,4.0,3.0,2.0,3.0,3.0,3.0,2.0,2.0,4.0,4.0,4.0,5.0,5.0,5.0,5.0,3.0,3.0,3.0,2.0,3.0,2.0,2.0,1.0,1.0,1.0,1.0,1.0,4.0,5.0,3.0,4.0,4.0,5.0,4.0,3.0,5.0,4.0,3.0,4.0,4.0,2.0,3.0,,4.0,3.0,5.0,5.0,4.0,4.0,5.0,5.0,5.0,7.0,7.0,7.0,7.0,7.0,5.0,5.0,7.0,7.0,7.0,4.0,3.0,3.0,4.0,4.0,4.0,4.0,4.0,4.0,4.0,,4.0,2.0,,4.0,6.0,7.0,6.0,5.0,6.0,6.0,7.0,6.0,4.0,0,1.0,4.0,2.571,4.0,5.0,3.0,2.25,1.0,4.111,3.75,3.0,4.6,6.333,3.8,3.333,6.125
328,45,Mujer,Soltero,2,Técnico,Urbana,3.0,Público,Más de 500 empleados,No,Presentación de servicios,47,Entre 1 y 3 SMLV,Operativo,No,Entre 10 a 15,Entre 1 y 3 años,Presencial,Menos de 1 hora,12.0,4.0,5.0,5.0,1.0,2.0,1.0,1.0,3.0,3.0,,3.0,3.0,5.0,,5.0,4.0,5.0,3.0,,4.0,3.0,1.0,2.0,1.0,4.0,4.0,5.0,5.0,3.0,2.0,3.0,3.0,3.0,,6.0,6.0,6.0,,5.0,5.0,5.0,6.0,2.0,3.0,2.0,3.0,2.0,2.0,1.0,1.0,1.0,3.0,1.0,1.0,3.0,1.0,1.0,4.0,1.0,4.0,1.0,1.0,2.0,2.0,2.0,4.0,2.0,4.0,6.0,6.0,4.0,6.0,6.0,5.0,6.0,5.0,5.0,6.0,1.0,1.0,2.0,2.0,1.0,1.0,2.0,1.0,2.0,3.0,2.0,1.0,1.0,6.0,0,4.667,1.25,3.4,4.667,3.333,1.333,4.5,2.8,5.571,2.5,1.4,1.8,2.333,5.5,1.4,1.625
330,22,Mujer,Soltero,1,Técnico,Urbana,4.0,Público,Más de 500 empleados,Si,Otro,55,Entre 1 y 3 SMLV,Operativo,No,Entre 10 a 15,Entre 1 y 3 años,Presencial,Entre 1 y 2 horas,6.0,2.0,1.0,2.0,2.0,,3.0,3.0,2.0,3.0,2.0,2.0,2.0,1.0,2.0,3.0,4.0,3.0,4.0,5.0,5.0,4.0,3.0,4.0,4.0,3.0,3.0,1.0,2.0,1.0,1.0,2.0,2.0,1.0,3.0,4.0,2.0,3.0,2.0,3.0,4.0,4.0,3.0,6.0,6.0,7.0,7.0,3.0,2.0,2.0,3.0,1.0,3.0,3.0,4.0,4.0,,4.0,,4.0,4.0,4.0,5.0,4.0,4.0,5.0,4.0,,,4.0,3.0,3.0,5.0,4.0,4.0,5.0,4.0,5.0,4.0,6.0,6.0,7.0,7.0,7.0,4.0,3.0,5.0,5.0,5.0,3.0,4.0,4.0,2.0,0,1.667,2.667,2.0,3.333,4.5,3.667,2.25,1.4,3.111,6.5,2.2,3.5,4.222,4.1,6.6,4.125
331,39,Hombre,Unión libre,2,Técnico,Urbana,2.0,Público,Entre 200 y 500 empleados,Si,Otro,41,Entre 3 y 5 SMLV,Directivo,No,Entre 1 a 5,Entre 1 y 3 años,Presencial,Menos de 1 hora,20.0,,1.0,2.0,5.0,4.0,4.0,4.0,,4.0,4.0,4.0,3.0,3.0,4.0,4.0,4.0,5.0,5.0,5.0,4.0,5.0,4.0,,4.0,,3.0,4.0,3.0,4.0,4.0,4.0,4.0,,,3.0,2.0,2.0,2.0,3.0,3.0,2.0,3.0,5.0,6.0,5.0,6.0,3.0,3.0,4.0,5.0,4.0,4.0,4.0,5.0,5.0,5.0,4.0,5.0,4.0,5.0,5.0,,4.0,7.0,4.0,5.0,5.0,4.0,4.0,4.0,4.0,4.0,5.0,5.0,5.0,4.0,5.0,4.0,5.0,5.0,5.0,6.0,5.0,6.0,7.0,5.0,7.0,6.0,4.0,4.0,,3.0,0,1.5,4.25,3.667,4.333,4.75,4.0,3.333,4.0,2.5,5.5,3.8,4.6,4.727,4.4,5.2,5.571
332,57,Mujer,Separado,1,Profesional,Urbana,2.0,Mixto,Entre 200 y 500 empleados,No,Otro,38,Entre 3 y 5 SMLV,Administrativo,No,Entre 15 a 20,Entre 1 y 3 años,Híbrido,Entre 1 y 2 horas,16.0,2.0,2.0,3.0,3.0,2.0,2.0,2.0,5.0,5.0,5.0,5.0,5.0,5.0,4.0,4.0,4.0,5.0,5.0,4.0,5.0,5.0,2.0,2.0,2.0,5.0,4.0,5.0,,4.0,4.0,4.0,3.0,4.0,,6.0,5.0,5.0,6.0,6.0,5.0,5.0,5.0,2.0,2.0,2.0,1.0,3.0,2.0,,,3.0,2.0,3.0,3.0,2.0,3.0,2.0,1.0,2.0,1.0,2.0,1.0,1.0,,1.0,1.0,1.0,1.0,5.0,6.0,5.0,5.0,5.0,5.0,5.0,5.0,5.0,6.0,2.0,2.0,2.0,2.0,2.0,1.0,1.0,2.0,,1.0,2.0,2.0,1.0,6.0,0,2.333,2.25,4.857,4.333,4.75,2.0,4.667,3.8,5.375,1.75,2.667,2.6,1.273,5.2,2.0,1.429
333,33,Hombre,Casado,1,Posgrado,Urbana,3.0,Público,Más de 500 empleados,No,Otro,27,Entre 1 y 3 SMLV,Administrativo,No,Entre 1 a 5,Menos de 1 año,Presencial,Menos de 1 hora,10.0,1.0,2.0,,4.0,4.0,5.0,5.0,3.0,3.0,3.0,,3.0,4.0,3.0,3.0,2.0,2.0,4.0,4.0,4.0,4.0,,1.0,2.0,3.0,3.0,4.0,4.0,,4.0,4.0,4.0,5.0,4.0,5.0,5.0,5.0,6.0,4.0,6.0,6.0,5.0,5.0,5.0,4.0,5.0,4.0,3.0,4.0,3.0,4.0,6.0,4.0,4.0,,5.0,4.0,5.0,4.0,5.0,4.0,4.0,5.0,4.0,5.0,4.0,5.0,5.0,5.0,5.0,5.0,5.0,5.0,5.0,4.0,5.0,5.0,5.0,6.0,5.0,7.0,6.0,6.0,4.0,,,4.0,4.0,3.0,3.0,3.0,3.0,1,1.5,4.5,3.167,2.333,4.0,1.5,3.5,4.25,5.111,4.75,3.6,4.75,4.5,4.9,6.0,3.5
334,36,Mujer,Separado,2,Técnico,Rural,2.0,Público,Entre 50 y 200 empleados,No,Otro,48,Entre 1 y 3 SMLV,Administrativo,No,Entre 10 a 15,Entre 3 y 7 años,Presencial,Entre 1 y 2 horas,10.0,,5.0,4.0,1.0,1.0,1.0,1.0,5.0,,5.0,,5.0,4.0,5.0,2.0,4.0,3.0,4.0,5.0,4.0,5.0,3.0,3.0,3.0,,4.0,4.0,5.0,,3.0,3.0,4.0,3.0,6.0,7.0,7.0,6.0,6.0,6.0,6.0,,7.0,1.0,2.0,1.0,,2.0,1.0,1.0,1.0,1.0,3.0,2.0,2.0,2.0,2.0,1.0,1.0,1.0,1.0,1.0,1.0,1.0,1.0,2.0,1.0,,1.0,7.0,5.0,6.0,6.0,6.0,7.0,6.0,7.0,6.0,6.0,4.0,3.0,3.0,3.0,2.0,4.0,4.0,4.0,5.0,3.0,3.0,5.0,4.0,7.0,0,4.5,1.0,4.8,3.0,4.5,3.0,4.333,3.25,6.375,1.333,1.2,2.2,1.091,6.2,3.0,4.0
335,40,Mujer,Casado,1,Posgrado,Urbana,3.0,Mixto,Entre 200 y 500 empleados,No,Presentación de servicios,46,Entre 1 y 3 SMLV,Administrativo,No,Entre 5 a 10,Entre 1 y 3 años,Presencial,Menos de 1 hora,69.0,3.0,3.0,4.0,4.0,4.0,4.0,4.0,3.0,3.0,2.0,2.0,3.0,,2.0,3.0,3.0,2.0,4.0,4.0,,4.0,4.0,4.0,,2.0,2.0,2.0,1.0,1.0,1.0,2.0,2.0,,5.0,5.0,5.0,5.0,5.0,,,6.0,5.0,3.0,4.0,2.0,3.0,1.0,1.0,1.0,1.0,1.0,4.0,2.0,3.0,3.0,3.0,4.0,5.0,4.0,2.0,4.0,2.0,2.0,,2.0,4.0,2.0,4.0,6.0,5.0,5.0,5.0,5.0,5.0,5.0,5.0,5.0,6.0,4.0,4.0,4.0,3.0,5.0,3.0,3.0,3.0,4.0,2.0,3.0,3.0,2.0,5.0,0,3.333,4.0,2.5,2.667,4.0,4.0,1.75,1.5,5.143,3.0,1.0,3.0,3.182,5.2,4.0,2.875
336,49,Hombre,Unión libre,2,Profesional,Urbana,2.0,Mixto,Entre 200 y 500 empleados,No,Carrera,47,Entre 1 y 3 SMLV,Administrativo,Si,Entre 20 a 25,Entre 1 y 3 años,Presencial,Entre 1 y 2 horas,82.625,,4.0,4.0,3.0,2.0,1.0,2.0,4.0,4.0,4.0,4.0,5.0,4.0,4.0,5.0,5.0,4.0,5.0,5.0,5.0,5.0,2.0,2.0,2.0,3.0,3.0,3.0,2.0,,5.0,4.0,5.0,4.0,3.0,3.0,2.0,4.0,4.0,,2.0,3.0,3.0,6.0,6.0,7.0,6.0,1.0,3.0,2.0,2.0,2.0,3.0,4.0,3.0,3.0,2.0,4.0,5.0,2.0,4.0,2.0,4.0,4.0,4.0,4.0,2.0,2.0,5.0,6.0,5.0,6.0,5.0,6.0,6.0,5.0,5.0,5.0,6.0,4.0,5.0,4.0,4.0,5.0,4.0,3.0,4.0,4.0,3.0,,3.0,4.0,2.0,1,4.0,2.0,4.143,4.667,5.0,2.0,2.75,4.5,3.0,6.25,2.0,3.0,3.5,5.5,4.4,3.571
337,44,Mujer,Soltero,3,Profesional,Urbana,4.0,Mixto,Entre 50 y 200 empleados,No,Presentación de servicios,46,Entre 3 y 5 SMLV,Administrativo,Si,Entre 1 a 5,Entre 1 y 3 años,Presencial,Menos de 1 hora,37.0,2.0,3.0,3.0,3.0,3.0,,2.0,3.0,4.0,3.0,4.0,4.0,3.0,3.0,4.0,4.0,4.0,4.0,4.0,5.0,5.0,1.0,3.0,2.0,4.0,4.0,4.0,4.0,2.0,2.0,3.0,,3.0,3.0,3.0,3.0,4.0,4.0,4.0,3.0,4.0,4.0,5.0,7.0,5.0,5.0,1.0,1.0,,,2.0,1.0,2.0,,1.0,,7.0,5.0,7.0,7.0,5.0,5.0,5.0,7.0,7.0,4.0,7.0,7.0,3.0,4.0,4.0,2.0,4.0,4.0,3.0,4.0,3.0,4.0,5.0,6.0,,6.0,6.0,2.0,2.0,3.0,,1.0,2.0,3.0,3.0,3.0,0,2.667,2.667,3.429,4.0,4.5,2.0,4.0,2.5,3.556,5.5,1.333,1.333,6.083,3.5,5.75,2.286
338,35,Mujer,Unión libre,1,Posgrado,Rural,4.0,Público,Entre 50 y 200 empleados,Si,Provisionalidad,46,Entre 1 y 3 SMLV,Administrativo,No,Entre 10 a 15,Entre 1 y 3 años,Presencial,Entre 1 y 2 horas,37.0,2.0,,2.0,4.0,4.0,4.0,3.0,3.0,4.0,3.0,3.0,3.0,3.0,4.0,3.0,2.0,3.0,5.0,5.0,5.0,4.0,3.0,3.0,3.0,3.0,4.0,4.0,3.0,3.0,3.0,3.0,3.0,3.0,,4.0,4.0,5.0,4.0,4.0,4.0,,4.0,5.0,6.0,4.0,5.0,3.0,3.0,2.0,2.0,2.0,4.0,4.0,3.0,3.0,4.0,4.0,2.0,5.0,,4.0,4.0,2.0,4.0,4.0,4.0,4.0,5.0,4.0,4.0,,5.0,,5.0,5.0,5.0,4.0,4.0,4.0,4.0,4.0,3.0,3.0,3.0,3.0,3.0,5.0,3.0,4.0,3.0,2.0,3.0,0,2.0,3.75,3.286,2.667,4.75,3.0,3.5,3.0,4.143,5.0,2.4,3.6,3.818,4.5,3.6,3.25
340,54,Hombre,Soltero,2,Posgrado,Urbana,5.0,Público,Entre 10 y 50 empleados,Si,Otro,58,Entre 1 y 3 SMLV,Administrativo,No,Entre 15 a 20,Entre 3 y 7 años,Presencial,Entre 1 y 2 horas,17.0,1.0,1.0,1.0,4.0,5.0,5.0,5.0,2.0,2.0,2.0,2.0,3.0,1.0,2.0,3.0,3.0,3.0,5.0,5.0,4.0,4.0,,2.0,3.0,1.0,2.0,3.0,3.0,2.0,1.0,2.0,2.0,2.0,4.0,5.0,4.0,5.0,,3.0,4.0,5.0,5.0,5.0,3.0,5.0,5.0,2.0,3.0,3.0,3.0,3.0,4.0,5.0,4.0,6.0,5.0,4.0,4.0,4.0,5.0,4.0,5.0,4.0,5.0,5.0,5.0,5.0,5.0,3.0,3.0,2.0,3.0,,4.0,3.0,3.0,3.0,4.0,4.0,6.0,6.0,6.0,6.0,5.0,6.0,5.0,5.0,5.0,5.0,6.0,5.0,3.0,0,1.0,4.75,2.0,3.0,4.5,2.5,2.25,1.8,4.375,4.5,2.8,4.8,4.583,3.111,5.6,5.25
342,37,Mujer,Casado,2,Profesional,Urbana,5.0,Público,Entre 200 y 500 empleados,No,Provisionalidad,48,Entre 1 y 3 SMLV,Administrativo,No,Entre 10 a 15,Entre 1 y 3 años,Presencial,Menos de 1 hora,6.0,3.0,3.0,,4.0,4.0,4.0,4.0,3.0,2.0,2.0,2.0,2.0,2.0,3.0,3.0,3.0,,5.0,4.0,5.0,5.0,,3.0,4.0,3.0,3.0,3.0,3.0,3.0,3.0,2.0,3.0,3.0,5.0,4.0,5.0,4.0,2.0,4.0,4.0,4.0,4.0,5.0,,4.0,,2.0,2.0,4.0,3.0,4.0,3.0,3.0,,4.0,3.0,,7.0,5.0,7.0,7.0,4.0,,7.0,7.0,7.0,5.0,7.0,4.0,4.0,4.0,4.0,4.0,5.0,4.0,3.0,3.0,5.0,6.0,4.0,4.0,5.0,6.0,,4.0,5.0,6.0,6.0,6.0,6.0,5.0,3.0,0,3.0,4.0,2.286,3.0,4.75,3.5,3.0,2.8,4.0,4.5,3.0,3.25,6.3,4.0,5.0,5.429
343,38,Mujer,Casado,1,Posgrado,Urbana,2.0,Mixto,Más de 500 empleados,No,Carrera,40,Menos de 1 SMLV,Administrativo,No,Entre 1 a 5,Entre 1 y 3 años,Presencial,Entre 1 y 2 horas,82.625,3.0,2.0,3.0,3.0,4.0,3.0,3.0,4.0,5.0,4.0,4.0,3.0,4.0,4.0,2.0,3.0,3.0,,,5.0,4.0,3.0,3.0,3.0,3.0,3.0,3.0,3.0,4.0,2.0,2.0,2.0,4.0,7.0,7.0,6.0,7.0,7.0,7.0,7.0,7.0,7.0,2.0,2.0,1.0,2.0,3.0,2.0,3.0,4.0,,3.0,,3.0,4.0,3.0,4.0,4.0,4.0,4.0,2.0,4.0,2.0,4.0,4.0,5.0,2.0,2.0,6.0,7.0,6.0,7.0,7.0,6.0,6.0,7.0,7.0,7.0,2.0,3.0,4.0,4.0,2.0,4.0,3.0,3.0,3.0,5.0,,3.0,2.0,6.0,1,2.667,3.25,4.0,2.667,4.5,3.0,3.0,2.8,6.889,1.75,3.0,3.25,3.417,6.6,3.0,3.286
344,55,Hombre,Unión libre,Sin hijos,Tecnológico,Urbana,4.0,Público,Más de 500 empleados,No,Presentación de servicios,42,Entre 1 y 3 SMLV,Operativo,No,Entre 1 a 5,Menos de 1 año,Presencial,Entre 1 y 2 horas,14.0,3.0,4.0,5.0,3.0,3.0,2.0,2.0,,4.0,5.0,3.0,3.0,3.0,4.0,4.0,4.0,4.0,5.0,5.0,5.0,,2.0,2.0,2.0,3.0,3.0,2.0,3.0,3.0,3.0,4.0,3.0,,7.0,6.0,6.0,6.0,7.0,6.0,7.0,6.0,7.0,2.0,2.0,2.0,2.0,3.0,3.0,4.0,4.0,3.0,3.0,3.0,4.0,2.0,3.0,1.0,1.0,1.0,1.0,1.0,1.0,1.0,1.0,1.0,1.0,1.0,1.0,6.0,7.0,7.0,6.0,,7.0,6.0,7.0,7.0,6.0,,2.0,3.0,2.0,2.0,2.0,3.0,5.0,2.0,3.0,3.0,3.0,4.0,6.0,0,4.0,2.5,3.667,4.0,5.0,2.0,2.75,3.25,6.444,2.0,3.4,3.0,1.0,6.556,2.25,3.125
345,48,Hombre,Soltero,2,Profesional,Urbana,4.0,Público,Entre 50 y 200 empleados,Si,Presentación de servicios,50,Entre 1 y 3 SMLV,Administrativo,No,Entre 10 a 15,Entre 3 y 7 años,Presencial,Menos de 1 hora,26.0,3.0,3.0,3.0,1.0,1.0,1.0,1.0,3.0,3.0,3.0,3.0,3.0,3.0,3.0,4.0,3.0,3.0,4.0,5.0,5.0,5.0,1.0,2.0,2.0,2.0,2.0,2.0,2.0,2.0,2.0,2.0,,1.0,6.0,5.0,5.0,5.0,7.0,5.0,6.0,,6.0,2.0,4.0,3.0,3.0,2.0,1.0,1.0,2.0,1.0,2.0,2.0,1.0,2.0,2.0,2.0,2.0,2.0,2.0,2.0,2.0,2.0,2.0,,2.0,2.0,4.0,7.0,6.0,5.0,,5.0,6.0,5.0,6.0,5.0,5.0,2.0,1.0,1.0,1.0,2.0,2.0,2.0,2.0,1.0,1.0,1.0,3.0,3.0,6.0,0,3.0,1.0,3.0,3.333,4.75,1.667,2.0,1.75,5.625,3.0,1.4,1.8,2.182,5.556,1.4,1.875
347,51,Hombre,Unión libre,2,Técnico,Urbana,3.0,Público,Entre 50 y 200 empleados,No,Presentación de servicios,42,Entre 1 y 3 SMLV,Operativo,No,Entre 5 a 10,Más de 10 años,Presencial,Menos de 1 hora,4.0,4.0,4.0,4.0,3.0,2.0,2.0,3.0,5.0,4.0,4.0,4.0,,5.0,5.0,2.0,1.0,2.0,4.0,5.0,4.0,5.0,2.0,2.0,2.0,3.0,4.0,5.0,4.0,,2.0,3.0,3.0,,,5.0,6.0,6.0,4.0,6.0,7.0,6.0,6.0,1.0,2.0,2.0,1.0,3.0,1.0,2.0,2.0,2.0,3.0,2.0,2.0,2.0,2.0,1.0,1.0,2.0,1.0,1.0,1.0,1.0,1.0,1.0,1.0,2.0,1.0,7.0,,7.0,7.0,7.0,7.0,6.0,7.0,6.0,6.0,4.0,2.0,3.0,2.0,,1.0,1.0,1.0,2.0,1.0,1.0,1.0,1.0,7.0,0,4.0,2.5,4.5,1.667,4.5,2.0,4.0,2.667,5.75,1.5,2.0,2.2,1.167,6.667,2.75,1.125
348,21,Mujer,Casado,2,Posgrado,Urbana,4.0,Público,Entre 200 y 500 empleados,No,Presentación de servicios,47,Entre 1 y 3 SMLV,Directivo,No,Entre 20 a 25,Entre 1 y 3 años,Presencial,Menos de 1 hora,44.0,3.0,3.0,4.0,2.0,3.0,3.0,3.0,4.0,3.0,3.0,4.0,3.0,4.0,4.0,3.0,4.0,3.0,5.0,4.0,5.0,5.0,3.0,2.0,3.0,3.0,3.0,2.0,3.0,4.0,4.0,4.0,4.0,4.0,5.0,4.0,6.0,5.0,5.0,5.0,5.0,4.0,5.0,4.0,3.0,3.0,2.0,4.0,4.0,3.0,3.0,3.0,,4.0,4.0,,5.0,1.0,2.0,1.0,1.0,2.0,1.0,1.0,1.0,4.0,1.0,,2.0,,5.0,5.0,6.0,5.0,5.0,5.0,5.0,5.0,6.0,1.0,1.0,1.0,1.0,1.0,4.0,3.0,4.0,,4.0,5.0,4.0,4.0,4.0,0,3.333,2.75,3.571,3.333,4.75,2.667,2.75,4.0,4.889,3.0,3.4,4.333,1.545,5.222,1.0,4.0
349,44,Mujer,Soltero,Sin hijos,Posgrado,Urbana,3.0,Público,Entre 200 y 500 empleados,No,Carrera,51,Entre 1 y 3 SMLV,Administrativo,No,Más de 25,Entre 3 y 7 años,Presencial,Entre 1 y 2 horas,27.0,3.0,3.0,1.0,3.0,2.0,2.0,3.0,1.0,2.0,1.0,1.0,2.0,1.0,2.0,4.0,4.0,5.0,5.0,5.0,5.0,5.0,2.0,3.0,2.0,2.0,2.0,2.0,2.0,1.0,1.0,1.0,1.0,1.0,4.0,4.0,4.0,4.0,4.0,4.0,4.0,4.0,5.0,4.0,7.0,6.0,,3.0,3.0,4.0,3.0,3.0,4.0,6.0,5.0,4.0,5.0,2.0,4.0,4.0,2.0,4.0,,4.0,4.0,4.0,5.0,4.0,5.0,5.0,5.0,5.0,6.0,5.0,6.0,5.0,4.0,5.0,4.0,3.0,3.0,3.0,3.0,3.0,3.0,3.0,4.0,3.0,2.0,3.0,4.0,3.0,4.0,0,2.333,2.5,1.429,4.333,5.0,2.333,2.0,1.0,4.111,5.667,3.2,4.8,3.818,5.0,3.0,3.125
350,55,Mujer,Separado,1,Posgrado,Urbana,5.0,Público,Entre 200 y 500 empleados,No,Carrera,51,Entre 1 y 3 SMLV,Administrativo,Si,Entre 5 a 10,Entre 1 y 3 años,Presencial,Entre 1 y 2 horas,7.0,2.0,1.0,1.0,3.0,3.0,,3.0,2.0,1.0,1.0,2.0,1.0,,1.0,3.0,4.0,4.0,5.0,5.0,5.0,5.0,3.0,2.0,3.0,2.0,2.0,3.0,,1.0,1.0,1.0,1.0,1.0,2.0,3.0,3.0,3.0,3.0,4.0,3.0,,3.0,6.0,7.0,7.0,7.0,3.0,2.0,4.0,3.0,2.0,4.0,5.0,4.0,4.0,5.0,7.0,5.0,5.0,7.0,5.0,5.0,5.0,7.0,5.0,7.0,7.0,5.0,6.0,5.0,4.0,4.0,4.0,5.0,4.0,3.0,3.0,4.0,5.0,4.0,4.0,3.0,4.0,5.0,6.0,5.0,6.0,6.0,6.0,6.0,5.0,2.0,0,1.333,3.0,1.333,3.667,5.0,2.667,2.333,1.0,3.0,6.75,2.8,4.4,5.833,4.2,4.0,5.625
351,45,Mujer,Soltero,1,Técnico,Urbana,3.0,Público,Entre 200 y 500 empleados,Si,Presentación de servicios,48,Entre 1 y 3 SMLV,Operativo,No,Entre 10 a 15,Más de 10 años,Presencial,Menos de 1 hora,18.0,3.0,2.0,2.0,2.0,2.0,3.0,4.0,2.0,1.0,2.0,1.0,1.0,2.0,1.0,4.0,3.0,4.0,4.0,4.0,4.0,4.0,2.0,2.0,3.0,2.0,1.0,1.0,2.0,1.0,1.0,1.0,1.0,1.0,3.0,4.0,5.0,3.0,3.0,4.0,4.0,3.0,,6.0,6.0,6.0,6.0,4.0,2.0,2.0,1.0,2.0,5.0,5.0,,5.0,5.0,2.0,2.0,2.0,1.0,2.0,2.0,2.0,2.0,2.0,1.0,1.0,2.0,6.0,4.0,4.0,5.0,5.0,5.0,5.0,4.0,4.0,4.0,4.0,5.0,4.0,3.0,4.0,4.0,3.0,4.0,3.0,2.0,4.0,3.0,4.0,2.0,0,2.333,2.75,1.429,3.667,4.0,2.333,1.5,1.0,3.625,6.0,2.2,5.0,1.75,4.6,4.0,3.375
352,33,Mujer,Casado,2,Técnico,Rural,3.0,Público,Más de 500 empleados,No,Presentación de servicios,36,Entre 3 y 5 SMLV,Administrativo,No,Entre 20 a 25,Menos de 1 año,Presencial,Menos de 1 hora,2.0,2.0,1.0,1.0,4.0,4.0,3.0,,,2.0,2.0,2.0,1.0,,2.0,4.0,3.0,4.0,4.0,5.0,4.0,5.0,2.0,3.0,3.0,2.0,1.0,3.0,2.0,2.0,3.0,2.0,,2.0,,4.0,,,4.0,4.0,4.0,4.0,4.0,2.0,4.0,4.0,3.0,3.0,4.0,5.0,4.0,4.0,5.0,,4.0,3.0,4.0,,4.0,2.0,2.0,4.0,2.0,2.0,2.0,2.0,,,,5.0,5.0,4.0,5.0,5.0,5.0,6.0,6.0,5.0,5.0,4.0,3.0,2.0,3.0,4.0,2.0,2.0,2.0,3.0,3.0,3.0,4.0,,6.0,0,1.333,3.667,1.8,3.667,4.5,2.667,2.0,2.25,4.0,3.25,4.0,4.0,2.5,5.1,3.2,2.714
353,41,Mujer,Casado,1,Profesional,Urbana,4.0,Público,Entre 200 y 500 empleados,No,Carrera,51,Entre 1 y 3 SMLV,Directivo,Si,Entre 1 a 5,Entre 1 y 3 años,Presencial,Entre 1 y 2 horas,2.0,3.0,4.0,4.0,3.0,2.0,2.0,3.0,3.0,3.0,4.0,3.0,3.0,3.0,4.0,,4.0,,4.0,5.0,5.0,5.0,2.0,,1.0,3.0,2.0,3.0,3.0,3.0,3.0,3.0,2.0,2.0,5.0,6.0,5.0,6.0,,6.0,5.0,5.0,6.0,4.0,3.0,3.0,3.0,2.0,3.0,2.0,2.0,1.0,,3.0,3.0,4.0,4.0,1.0,1.0,2.0,2.0,1.0,2.0,1.0,1.0,1.0,1.0,1.0,2.0,5.0,7.0,6.0,6.0,6.0,6.0,6.0,5.0,5.0,6.0,2.0,1.0,,1.0,2.0,3.0,3.0,3.0,3.0,2.0,4.0,3.0,4.0,4.0,0,3.667,2.5,3.286,4.0,4.75,1.5,2.75,2.6,5.5,3.25,2.0,3.5,1.333,5.8,1.5,3.125
355,37,Mujer,Soltero,2,Técnico,Urbana,4.0,Mixto,Entre 50 y 200 empleados,No,Provisionalidad,44,Entre 1 y 3 SMLV,Directivo,No,Entre 1 a 5,Entre 1 y 3 años,Presencial,Entre 2 y 3 horas,24.0,1.0,1.0,2.0,3.0,4.0,4.0,4.0,2.0,3.0,2.0,2.0,2.0,3.0,4.0,3.0,3.0,5.0,5.0,4.0,5.0,5.0,3.0,4.0,,3.0,,3.0,3.0,,1.0,,1.0,1.0,3.0,3.0,3.0,3.0,3.0,3.0,3.0,3.0,4.0,7.0,7.0,7.0,7.0,3.0,3.0,2.0,2.0,2.0,5.0,5.0,5.0,5.0,5.0,4.0,4.0,5.0,5.0,4.0,5.0,4.0,4.0,5.0,4.0,4.0,4.0,3.0,3.0,2.0,4.0,3.0,3.0,4.0,2.0,3.0,2.0,6.0,6.0,5.0,5.0,6.0,6.0,5.0,6.0,5.0,6.0,5.0,6.0,5.0,1.0,0,1.333,3.75,2.571,3.667,4.75,3.5,3.0,1.0,3.111,7.0,2.4,5.0,4.333,2.9,5.6,5.5
356,39,Mujer,Unión libre,1,Técnico,Urbana,4.0,Público,Entre 200 y 500 empleados,No,Libre nombramiento y remocion,47,Entre 1 y 3 SMLV,Administrativo,No,Entre 1 a 5,Entre 1 y 3 años,Presencial,Menos de 1 hora,10.0,3.0,3.0,3.0,2.0,1.0,1.0,3.0,4.0,4.0,4.0,4.0,2.0,4.0,4.0,2.0,,3.0,4.0,4.0,4.0,4.0,2.0,2.0,2.0,4.0,4.0,4.0,4.0,4.0,4.0,4.0,3.0,4.0,5.0,5.0,,5.0,,5.0,6.0,5.0,6.0,3.0,2.0,4.0,3.0,2.0,2.0,,2.0,3.0,3.0,2.0,2.0,2.0,3.0,,1.0,2.0,2.0,4.0,1.0,2.0,2.0,4.0,2.0,2.0,2.0,5.0,5.0,6.0,6.0,5.0,5.0,6.0,5.0,5.0,6.0,3.0,2.0,2.0,3.0,2.0,1.0,3.0,3.0,,4.0,2.0,3.0,3.0,5.0,0,3.0,1.75,3.714,2.5,4.0,2.0,4.0,3.8,5.286,3.0,2.25,2.4,2.182,5.4,2.4,2.714
357,50,Hombre,Casado,5,Técnico,Urbana,5.0,Público,Entre 200 y 500 empleados,No,Otro,50,Entre 1 y 3 SMLV,Operativo,No,Entre 15 a 20,Entre 1 y 3 años,Presencial,Menos de 1 hora,14.0,2.0,2.0,2.0,3.0,4.0,4.0,3.0,3.0,,3.0,4.0,3.0,3.0,2.0,,4.0,4.0,5.0,5.0,4.0,5.0,4.0,4.0,3.0,2.0,2.0,3.0,3.0,1.0,2.0,2.0,,2.0,3.0,3.0,4.0,4.0,4.0,4.0,,4.0,4.0,4.0,5.0,4.0,6.0,,2.0,1.0,,2.0,3.0,,4.0,4.0,4.0,1.0,2.0,2.0,1.0,2.0,2.0,2.0,1.0,2.0,2.0,1.0,2.0,5.0,,5.0,5.0,4.0,4.0,3.0,4.0,4.0,4.0,6.0,7.0,6.0,6.0,7.0,3.0,4.0,,4.0,4.0,5.0,4.0,4.0,4.0,0,2.0,3.5,3.0,4.0,4.75,3.667,2.5,1.75,3.75,4.75,1.667,3.75,1.667,4.222,6.4,4.0
358,46,Hombre,Soltero,2,Técnico,Urbana,3.0,Público,Entre 200 y 500 empleados,Si,Presentación de servicios,45,Entre 1 y 3 SMLV,Administrativo,No,Entre 10 a 15,Entre 1 y 3 años,Presencial,Entre 1 y 2 horas,57.0,3.0,4.0,4.0,2.0,2.0,2.0,1.0,2.0,4.0,3.0,3.0,3.0,3.0,3.0,3.0,,4.0,5.0,4.0,4.0,4.0,2.0,2.0,3.0,3.0,2.0,2.0,3.0,4.0,5.0,4.0,5.0,4.0,5.0,4.0,5.0,6.0,5.0,6.0,4.0,5.0,5.0,3.0,2.0,3.0,3.0,2.0,1.0,1.0,1.0,1.0,1.0,2.0,1.0,1.0,1.0,1.0,1.0,1.0,1.0,,1.0,1.0,,1.0,1.0,1.0,1.0,6.0,6.0,6.0,7.0,7.0,5.0,6.0,6.0,6.0,6.0,3.0,3.0,4.0,,,1.0,2.0,2.0,1.0,1.0,2.0,1.0,1.0,5.0,0,3.667,1.75,3.0,3.5,4.25,2.333,2.5,4.4,5.0,2.75,1.2,1.2,1.0,6.1,3.333,1.375
359,37,Mujer,Soltero,1,Tecnológico,Urbana,4.0,Público,Más de 500 empleados,No,Carrera,52,Entre 1 y 3 SMLV,Operativo,No,Entre 1 a 5,Entre 3 y 7 años,Híbrido,Más de 3 horas,43.0,2.0,,2.0,5.0,4.0,4.0,5.0,2.0,3.0,2.0,2.0,1.0,2.0,3.0,5.0,4.0,5.0,4.0,4.0,4.0,4.0,4.0,4.0,4.0,1.0,1.0,2.0,1.0,1.0,1.0,1.0,1.0,1.0,3.0,4.0,4.0,4.0,5.0,,4.0,4.0,5.0,5.0,4.0,5.0,5.0,3.0,2.0,,3.0,3.0,4.0,5.0,5.0,4.0,4.0,7.0,7.0,5.0,5.0,7.0,5.0,5.0,7.0,7.0,7.0,7.0,,,3.0,3.0,3.0,3.0,2.0,3.0,4.0,2.0,2.0,6.0,7.0,7.0,6.0,6.0,4.0,3.0,3.0,4.0,4.0,3.0,2.0,4.0,3.0,0,2.0,4.5,2.143,4.667,4.0,4.0,1.25,1.0,4.125,4.75,2.75,4.4,6.273,2.778,6.4,3.375
360,41,Hombre,Separado,1,Posgrado,Urbana,3.0,Mixto,Entre 200 y 500 empleados,No,Libre nombramiento y remocion,47,Entre 1 y 3 SMLV,Administrativo,No,Entre 10 a 15,Entre 3 y 7 años,Presencial,Menos de 1 hora,14.0,3.0,3.0,2.0,3.0,2.0,3.0,2.0,3.0,3.0,3.0,3.0,4.0,4.0,,4.0,5.0,4.0,4.0,5.0,3.0,,3.0,2.0,2.0,3.0,3.0,2.0,3.0,2.0,2.0,3.0,3.0,,5.0,5.0,5.0,5.0,6.0,6.0,5.0,5.0,6.0,,2.0,2.0,3.0,2.0,2.0,3.0,,1.0,2.0,1.0,,2.0,1.0,4.0,,1.0,2.0,4.0,4.0,2.0,2.0,4.0,2.0,4.0,4.0,3.0,4.0,3.0,3.0,4.0,4.0,4.0,4.0,4.0,4.0,4.0,3.0,3.0,4.0,3.0,1.0,2.0,2.0,3.0,1.0,3.0,3.0,2.0,,0,2.667,2.5,3.333,4.333,4.0,2.333,2.75,2.5,5.333,2.333,2.0,1.5,3.0,3.7,3.4,2.125
362,44,Mujer,Soltero,Sin hijos,Posgrado,Urbana,3.0,Mixto,Entre 50 y 200 empleados,No,Otro,50,Entre 1 y 3 SMLV,Administrativo,No,Entre 5 a 10,Entre 1 y 3 años,Presencial,Entre 1 y 2 horas,32.0,2.0,2.0,2.0,5.0,4.0,,5.0,,3.0,3.0,2.0,3.0,2.0,3.0,4.0,4.0,4.0,5.0,5.0,5.0,5.0,3.0,4.0,3.0,2.0,2.0,1.0,2.0,2.0,2.0,2.0,2.0,2.0,5.0,4.0,,,4.0,4.0,6.0,5.0,,4.0,4.0,3.0,5.0,3.0,3.0,3.0,4.0,3.0,3.0,4.0,,2.0,2.0,2.0,2.0,2.0,,2.0,2.0,4.0,4.0,4.0,2.0,,2.0,,5.0,6.0,5.0,4.0,6.0,6.0,5.0,5.0,5.0,4.0,5.0,3.0,4.0,3.0,3.0,3.0,3.0,3.0,4.0,3.0,2.0,3.0,4.0,0,2.0,4.667,2.667,4.0,5.0,3.333,1.75,2.0,4.667,4.0,3.2,2.75,2.6,5.222,3.8,3.0
364,44,Mujer,Unión libre,2,Técnico,Urbana,4.0,Mixto,Más de 500 empleados,No,Presentación de servicios,48,Entre 1 y 3 SMLV,Administrativo,No,Entre 1 a 5,Menos de 1 año,Presencial,Menos de 1 hora,2.0,2.0,3.0,,3.0,3.0,4.0,3.0,4.0,3.0,3.0,3.0,4.0,3.0,3.0,2.0,1.0,1.0,5.0,5.0,5.0,5.0,,2.0,3.0,,3.0,3.0,3.0,2.0,1.0,2.0,1.0,1.0,3.0,4.0,5.0,4.0,4.0,6.0,4.0,4.0,4.0,3.0,3.0,5.0,4.0,2.0,1.0,3.0,2.0,2.0,2.0,4.0,3.0,2.0,3.0,5.0,4.0,4.0,5.0,5.0,4.0,5.0,4.0,5.0,5.0,5.0,4.0,6.0,,5.0,4.0,5.0,6.0,5.0,5.0,5.0,6.0,4.0,5.0,3.0,5.0,5.0,4.0,3.0,4.0,4.0,5.0,4.0,3.0,,5.0,0,2.5,3.25,3.286,1.333,5.0,2.5,3.0,1.4,4.222,3.75,2.0,2.8,4.583,5.222,4.4,3.857
365,42,Mujer,Unión libre,2,Posgrado,Rural,4.0,Mixto,Más de 500 empleados,No,Otro,54,Entre 1 y 3 SMLV,Administrativo,Si,Menos de 1 año,Entre 1 y 3 años,Presencial,Menos de 1 hora,36.0,2.0,3.0,3.0,4.0,3.0,4.0,4.0,2.0,3.0,,2.0,2.0,2.0,2.0,5.0,4.0,3.0,5.0,5.0,5.0,4.0,2.0,,3.0,1.0,,2.0,2.0,2.0,2.0,2.0,,2.0,4.0,3.0,4.0,3.0,3.0,2.0,3.0,3.0,2.0,6.0,6.0,,,3.0,3.0,4.0,3.0,3.0,6.0,5.0,6.0,4.0,6.0,4.0,4.0,4.0,4.0,2.0,2.0,4.0,2.0,2.0,4.0,4.0,4.0,3.0,,4.0,3.0,3.0,3.0,3.0,3.0,3.0,3.0,4.0,5.0,4.0,4.0,4.0,5.0,5.0,5.0,4.0,,5.0,4.0,4.0,2.0,0,2.667,3.75,2.167,4.0,4.75,2.5,1.667,2.0,3.0,6.0,3.2,5.4,3.333,3.111,4.2,4.571
366,37,Mujer,Casado,Sin hijos,Posgrado,Urbana,3.0,Público,Más de 500 empleados,No,Libre nombramiento y remocion,34,Entre 1 y 3 SMLV,Administrativo,No,Entre 10 a 15,Entre 1 y 3 años,Presencial,Menos de 1 hora,17.0,2.0,,2.0,5.0,4.0,5.0,4.0,1.0,2.0,2.0,3.0,2.0,2.0,,4.0,3.0,4.0,4.0,5.0,5.0,5.0,3.0,3.0,2.0,2.0,,2.0,1.0,3.0,4.0,4.0,3.0,4.0,5.0,4.0,4.0,5.0,,5.0,5.0,5.0,4.0,6.0,6.0,6.0,7.0,4.0,4.0,3.0,4.0,4.0,5.0,5.0,5.0,5.0,,5.0,4.0,4.0,5.0,2.0,4.0,5.0,5.0,4.0,5.0,5.0,5.0,4.0,4.0,4.0,4.0,3.0,5.0,5.0,3.0,4.0,5.0,4.0,4.0,2.0,4.0,3.0,4.0,3.0,3.0,3.0,3.0,3.0,3.0,3.0,2.0,0,2.0,4.5,2.0,3.667,4.75,2.667,1.667,3.6,4.625,6.25,3.8,5.0,4.417,4.1,3.4,3.125
367,47,Hombre,Casado,1,Posgrado,Urbana,2.0,Mixto,Entre 50 y 200 empleados,No,Libre nombramiento y remocion,43,Entre 1 y 3 SMLV,Operativo,No,Entre 20 a 25,Entre 3 y 7 años,Presencial,Entre 1 y 2 horas,17.0,4.0,3.0,4.0,5.0,3.0,3.0,4.0,2.0,2.0,1.0,2.0,2.0,,1.0,4.0,4.0,4.0,4.0,4.0,4.0,,2.0,,2.0,2.0,2.0,2.0,,3.0,,3.0,2.0,2.0,5.0,4.0,6.0,5.0,4.0,3.0,4.0,5.0,4.0,7.0,6.0,6.0,6.0,2.0,2.0,,2.0,3.0,6.0,6.0,,7.0,6.0,5.0,5.0,5.0,4.0,7.0,4.0,4.0,5.0,4.0,7.0,,5.0,2.0,2.0,2.0,2.0,2.0,2.0,2.0,2.0,2.0,2.0,5.0,5.0,5.0,5.0,,6.0,3.0,5.0,3.0,4.0,4.0,5.0,,1.0,0,3.667,3.75,1.667,4.0,4.0,2.0,2.0,2.5,4.444,6.25,2.25,6.25,5.0,2.0,5.0,4.286
368,41,Hombre,Soltero,6,Posgrado,Urbana,3.0,Público,Más de 500 empleados,No,Presentación de servicios,32,Entre 3 y 5 SMLV,Administrativo,No,Entre 10 a 15,Entre 1 y 3 años,Presencial,Menos de 1 hora,53.0,,1.0,1.0,,3.0,4.0,5.0,3.0,2.0,2.0,2.0,2.0,3.0,3.0,4.0,5.0,5.0,4.0,5.0,4.0,5.0,4.0,4.0,3.0,4.0,3.0,3.0,3.0,4.0,,3.0,3.0,3.0,3.0,4.0,3.0,2.0,,4.0,3.0,5.0,4.0,6.0,5.0,6.0,5.0,,3.0,4.0,4.0,3.0,5.0,6.0,7.0,7.0,6.0,5.0,5.0,5.0,4.0,,5.0,4.0,4.0,4.0,4.0,4.0,5.0,3.0,2.0,3.0,3.0,3.0,3.0,2.0,3.0,2.0,3.0,3.0,2.0,3.0,3.0,2.0,4.0,5.0,5.0,5.0,5.0,5.0,4.0,6.0,2.0,0,1.0,4.0,2.429,4.667,4.5,3.667,3.25,3.25,3.5,5.5,3.5,6.2,4.455,2.7,2.6,4.875
369,43,Mujer,Casado,1,Posgrado,Urbana,2.0,Mixto,Entre 200 y 500 empleados,No,Libre nombramiento y remocion,48,Entre 1 y 3 SMLV,Operativo,Si,Entre 1 a 5,Entre 3 y 7 años,Presencial,Menos de 1 hora,40.0,4.0,4.0,5.0,2.0,2.0,3.0,2.0,,2.0,2.0,2.0,2.0,2.0,2.0,4.0,5.0,3.0,4.0,4.0,4.0,5.0,2.0,3.0,3.0,1.0,2.0,1.0,1.0,3.0,3.0,3.0,3.0,2.0,,5.0,5.0,4.0,6.0,4.0,4.0,4.0,4.0,4.0,4.0,4.0,4.0,,,1.0,,1.0,4.0,3.0,3.0,4.0,5.0,2.0,4.0,2.0,2.0,2.0,2.0,4.0,2.0,4.0,2.0,2.0,1.0,4.0,4.0,4.0,5.0,4.0,3.0,3.0,4.0,4.0,4.0,4.0,,5.0,5.0,4.0,5.0,3.0,4.0,4.0,4.0,5.0,4.0,,4.0,0,4.333,2.25,2.0,4.0,4.25,2.667,1.25,2.8,4.5,4.0,1.0,3.8,2.417,3.9,4.5,4.143
370,44,Hombre,Unión libre,1,Tecnológico,Urbana,4.0,Público,Entre 50 y 200 empleados,No,Presentación de servicios,40,Menos de 1 SMLV,Operativo,No,Entre 15 a 20,Entre 1 y 3 años,Presencial,Entre 2 y 3 horas,12.0,1.0,,,5.0,,3.0,,3.0,3.0,3.0,3.0,3.0,4.0,3.0,3.0,4.0,3.0,5.0,4.0,4.0,4.0,3.0,4.0,3.0,3.0,2.0,3.0,3.0,3.0,3.0,2.0,3.0,3.0,5.0,4.0,4.0,4.0,4.0,4.0,4.0,,5.0,5.0,5.0,5.0,4.0,3.0,3.0,3.0,3.0,3.0,,4.0,3.0,4.0,3.0,5.0,5.0,4.0,5.0,4.0,5.0,5.0,5.0,4.0,,,2.0,6.0,5.0,6.0,5.0,5.0,6.0,5.0,5.0,5.0,5.0,3.0,5.0,6.0,5.0,5.0,6.0,7.0,6.0,6.0,5.0,5.0,5.0,5.0,3.0,0,1.0,4.0,3.143,3.333,4.25,3.333,2.75,2.8,4.25,4.75,3.0,3.5,4.4,5.3,4.8,5.625
371,43,Mujer,Casado,3,Posgrado,Urbana,3.0,Público,Más de 500 empleados,No,Carrera,36,Entre 1 y 3 SMLV,Administrativo,No,Entre 1 a 5,Entre 1 y 3 años,Presencial,Menos de 1 hora,28.0,5.0,,5.0,2.0,1.0,2.0,2.0,2.0,3.0,3.0,3.0,3.0,4.0,3.0,4.0,5.0,4.0,5.0,4.0,4.0,4.0,2.0,2.0,3.0,3.0,4.0,3.0,3.0,4.0,3.0,3.0,4.0,4.0,4.0,5.0,6.0,5.0,5.0,,5.0,5.0,5.0,4.0,2.0,3.0,4.0,,2.0,2.0,1.0,2.0,3.0,2.0,2.0,2.0,2.0,2.0,4.0,2.0,1.0,2.0,2.0,1.0,2.0,4.0,4.0,1.0,1.0,5.0,5.0,5.0,5.0,5.0,4.0,4.0,5.0,4.0,4.0,4.0,4.0,5.0,4.0,3.0,3.0,2.0,2.0,,3.0,2.0,2.0,3.0,4.0,0,5.0,1.75,3.0,4.333,4.25,2.333,3.25,3.6,5.0,3.25,1.75,2.2,2.167,4.6,4.0,2.429
372,44,Hombre,Soltero,3,Posgrado,Urbana,3.0,Público,Entre 50 y 200 empleados,Si,Carrera,39,Entre 1 y 3 SMLV,Administrativo,No,Entre 5 a 10,Menos de 1 año,Presencial,Menos de 1 hora,7.0,4.0,3.0,4.0,3.0,3.0,3.0,2.0,3.0,2.0,,,3.0,3.0,2.0,5.0,4.0,5.0,4.0,5.0,,4.0,3.0,,2.0,3.0,3.0,3.0,4.0,3.0,3.0,2.0,2.0,2.0,5.0,,6.0,5.0,5.0,5.0,4.0,5.0,5.0,2.0,,3.0,3.0,3.0,2.0,2.0,2.0,3.0,,3.0,2.0,3.0,2.0,4.0,2.0,2.0,4.0,2.0,,2.0,2.0,4.0,2.0,2.0,2.0,4.0,4.0,3.0,5.0,4.0,4.0,4.0,4.0,5.0,4.0,4.0,6.0,,5.0,5.0,2.0,2.0,3.0,3.0,2.0,3.0,3.0,2.0,6.0,0,3.667,2.75,2.6,4.667,4.333,2.5,3.25,2.4,5.0,2.667,2.4,2.5,2.545,4.1,5.0,2.5
373,53,Hombre,Separado,Sin hijos,Técnico,Urbana,3.0,Público,Entre 50 y 200 empleados,Si,Otro,37,Entre 1 y 3 SMLV,Directivo,No,Entre 5 a 10,Entre 3 y 7 años,Presencial,Entre 1 y 2 horas,7.0,3.0,3.0,3.0,3.0,3.0,3.0,3.0,3.0,3.0,2.0,3.0,2.0,2.0,2.0,4.0,,4.0,5.0,,5.0,,3.0,2.0,3.0,4.0,2.0,2.0,,3.0,3.0,2.0,3.0,3.0,5.0,4.0,4.0,4.0,5.0,5.0,6.0,4.0,5.0,,3.0,4.0,5.0,3.0,,2.0,1.0,1.0,1.0,2.0,2.0,3.0,1.0,,2.0,2.0,2.0,5.0,2.0,4.0,4.0,2.0,4.0,2.0,4.0,5.0,6.0,5.0,5.0,5.0,6.0,6.0,6.0,6.0,6.0,5.0,4.0,3.0,5.0,,2.0,2.0,2.0,3.0,3.0,2.0,2.0,2.0,,0,3.0,3.0,2.429,4.0,5.0,2.667,2.667,2.8,4.667,4.0,1.75,1.8,3.0,5.6,4.25,2.25
375,36,Mujer,Unión libre,1,Tecnológico,Urbana,3.0,Público,Más de 500 empleados,No,Otro,52,Entre 3 y 5 SMLV,Administrativo,No,Entre 10 a 15,Entre 1 y 3 años,Presencial,Menos de 1 hora,8.0,4.0,,5.0,2.0,1.0,2.0,2.0,2.0,4.0,3.0,3.0,3.0,2.0,3.0,4.0,4.0,4.0,4.0,3.0,4.0,5.0,2.0,1.0,1.0,4.0,4.0,4.0,4.0,3.0,3.0,2.0,2.0,2.0,,7.0,5.0,6.0,5.0,5.0,6.0,6.0,6.0,1.0,2.0,1.0,2.0,2.0,2.0,1.0,1.0,1.0,2.0,3.0,3.0,4.0,4.0,1.0,1.0,1.0,1.0,1.0,1.0,,1.0,1.0,1.0,2.0,,6.0,5.0,5.0,5.0,6.0,6.0,5.0,6.0,6.0,5.0,2.0,1.0,,2.0,3.0,3.0,,3.0,2.0,3.0,3.0,4.0,3.0,7.0,0,4.5,1.75,2.857,4.0,4.0,1.333,4.0,2.4,5.75,1.5,1.4,3.2,1.1,5.5,2.0,3.0
376,37,Mujer,Casado,Sin hijos,Posgrado,Urbana,2.0,Público,Entre 200 y 500 empleados,No,Carrera,42,Entre 1 y 3 SMLV,Administrativo,Si,Entre 1 a 5,Entre 1 y 3 años,Presencial,Entre 1 y 2 horas,15.0,1.0,1.0,1.0,4.0,4.0,5.0,4.0,3.0,3.0,2.0,3.0,2.0,3.0,3.0,3.0,3.0,3.0,5.0,5.0,5.0,5.0,3.0,2.0,3.0,2.0,2.0,3.0,3.0,1.0,1.0,1.0,1.0,1.0,1.0,2.0,1.0,2.0,1.0,1.0,2.0,2.0,1.0,7.0,7.0,7.0,7.0,2.0,2.0,3.0,3.0,3.0,2.0,3.0,4.0,3.0,4.0,4.0,4.0,5.0,4.0,4.0,5.0,4.0,4.0,4.0,4.0,5.0,4.0,4.0,2.0,4.0,4.0,4.0,3.0,3.0,4.0,4.0,4.0,,6.0,5.0,5.0,5.0,5.0,6.0,,4.0,4.0,6.0,5.0,4.0,1.0,0,1.0,4.25,2.714,3.0,5.0,2.667,2.5,1.0,1.444,7.0,2.6,3.2,4.25,3.6,5.25,4.857
377,42,Mujer,Casado,2,Técnico,Urbana,4.0,Público,Más de 500 empleados,Si,Otro,39,Entre 1 y 3 SMLV,Administrativo,Si,Entre 20 a 25,Entre 3 y 7 años,Presencial,Entre 1 y 2 horas,35.0,1.0,1.0,1.0,3.0,4.0,2.0,3.0,5.0,5.0,4.0,5.0,4.0,5.0,4.0,4.0,3.0,4.0,5.0,5.0,4.0,5.0,3.0,,3.0,3.0,3.0,3.0,,,3.0,3.0,3.0,3.0,6.0,,7.0,7.0,6.0,,6.0,6.0,6.0,3.0,2.0,2.0,3.0,2.0,1.0,2.0,1.0,1.0,5.0,4.0,5.0,4.0,5.0,2.0,2.0,2.0,2.0,2.0,1.0,1.0,1.0,1.0,2.0,1.0,1.0,6.0,7.0,7.0,7.0,7.0,6.0,6.0,7.0,7.0,6.0,2.0,2.0,2.0,,1.0,2.0,2.0,2.0,1.0,2.0,2.0,2.0,1.0,5.0,0,1.0,3.0,4.571,3.667,4.75,3.0,3.0,3.0,6.286,2.5,1.4,4.6,1.5,6.6,1.75,1.75
378,42,Mujer,Soltero,Sin hijos,Tecnológico,Urbana,4.0,Público,Entre 50 y 200 empleados,No,Carrera,50,Entre 1 y 3 SMLV,Operativo,No,Entre 1 a 5,Entre 1 y 3 años,Presencial,Menos de 1 hora,33.0,2.0,2.0,2.0,4.0,4.0,,4.0,4.0,3.0,3.0,3.0,4.0,4.0,,2.0,3.0,3.0,5.0,4.0,4.0,4.0,,3.0,2.0,3.0,,,3.0,2.0,2.0,2.0,,3.0,,4.0,5.0,6.0,6.0,6.0,5.0,6.0,5.0,2.0,1.0,3.0,2.0,1.0,2.0,1.0,1.0,2.0,3.0,3.0,3.0,3.0,4.0,1.0,2.0,1.0,1.0,1.0,1.0,2.0,1.0,2.0,1.0,1.0,1.0,6.0,7.0,7.0,7.0,6.0,6.0,7.0,7.0,7.0,7.0,3.0,,1.0,2.0,2.0,2.0,2.0,1.0,2.0,2.0,1.0,2.0,3.0,6.0,0,2.0,4.0,3.5,2.667,4.25,2.5,3.0,2.25,5.375,2.0,1.4,3.2,1.25,6.7,2.0,1.875
380,40,Mujer,Casado,Sin hijos,Posgrado,Rural,2.0,Público,Entre 50 y 200 empleados,No,Presentación de servicios,53,Entre 1 y 3 SMLV,Administrativo,No,Entre 1 a 5,Entre 1 y 3 años,Presencial,Entre 2 y 3 horas,3.0,2.0,1.0,1.0,4.0,5.0,4.0,4.0,1.0,1.0,1.0,,1.0,2.0,1.0,4.0,,5.0,5.0,4.0,4.0,,2.0,2.0,,2.0,2.0,2.0,2.0,3.0,1.0,3.0,2.0,2.0,5.0,5.0,5.0,5.0,5.0,5.0,5.0,5.0,5.0,4.0,3.0,3.0,4.0,4.0,5.0,3.0,5.0,4.0,5.0,4.0,5.0,,5.0,1.0,1.0,2.0,1.0,1.0,1.0,1.0,1.0,2.0,1.0,1.0,2.0,4.0,4.0,4.0,4.0,4.0,4.0,4.0,5.0,5.0,5.0,5.0,4.0,4.0,3.0,3.0,4.0,,5.0,4.0,3.0,2.0,3.0,4.0,4.0,0,1.333,4.25,1.167,4.5,4.333,2.0,2.0,2.2,5.0,3.5,4.2,4.75,1.25,4.3,3.8,3.571
381,38,Hombre,Soltero,Sin hijos,Tecnológico,Urbana,3.0,Público,Más de 500 empleados,No,Presentación de servicios,46,Entre 1 y 3 SMLV,Administrativo,No,Entre 5 a 10,Entre 1 y 3 años,Presencial,Menos de 1 hora,21.0,3.0,1.0,3.0,5.0,5.0,5.0,5.0,2.0,3.0,3.0,3.0,3.0,3.0,3.0,4.0,4.0,3.0,4.0,4.0,4.0,4.0,4.0,5.0,4.0,2.0,2.0,1.0,2.0,3.0,,4.0,3.0,4.0,,2.0,4.0,2.0,2.0,2.0,1.0,,3.0,6.0,6.0,5.0,6.0,1.0,2.0,1.0,,1.0,,4.0,3.0,4.0,4.0,5.0,5.0,5.0,5.0,5.0,5.0,,5.0,,5.0,4.0,7.0,3.0,3.0,4.0,3.0,,3.0,3.0,2.0,3.0,2.0,5.0,5.0,5.0,4.0,4.0,4.0,5.0,5.0,,4.0,4.0,4.0,,2.0,0,2.333,5.0,2.857,3.667,4.0,4.333,1.75,3.5,2.286,5.75,1.25,3.75,5.1,2.889,4.6,4.333
382,26,Hombre,Casado,Sin hijos,Tecnológico,Urbana,4.0,Público,Entre 50 y 200 empleados,No,Otro,50,Entre 1 y 3 SMLV,Administrativo,No,Entre 5 a 10,Entre 1 y 3 años,Presencial,Más de 3 horas,4.0,1.0,1.0,1.0,4.0,4.0,5.0,5.0,3.0,3.0,,3.0,2.0,3.0,3.0,3.0,2.0,3.0,5.0,5.0,5.0,4.0,3.0,3.0,3.0,3.0,4.0,3.0,3.0,1.0,2.0,2.0,3.0,2.0,5.0,5.0,4.0,6.0,6.0,4.0,5.0,6.0,6.0,4.0,4.0,3.0,5.0,3.0,3.0,2.0,,3.0,6.0,5.0,4.0,5.0,6.0,2.0,,4.0,4.0,2.0,4.0,4.0,2.0,4.0,4.0,2.0,4.0,4.0,5.0,,4.0,4.0,4.0,5.0,4.0,4.0,5.0,4.0,6.0,4.0,5.0,4.0,3.0,4.0,4.0,3.0,4.0,4.0,4.0,5.0,4.0,0,1.0,4.5,2.833,2.667,4.75,3.0,3.25,2.0,5.222,4.0,2.75,5.2,3.273,4.333,4.6,3.875
383,46,Hombre,Unión libre,2,Técnico,Urbana,4.0,Público,Entre 200 y 500 empleados,No,Provisionalidad,42,Entre 1 y 3 SMLV,Operativo,No,Entre 20 a 25,Menos de 1 año,Presencial,Menos de 1 hora,16.0,3.0,3.0,3.0,1.0,2.0,,2.0,3.0,3.0,2.0,2.0,3.0,1.0,3.0,3.0,3.0,2.0,4.0,4.0,4.0,3.0,,1.0,1.0,2.0,2.0,1.0,2.0,2.0,1.0,2.0,,,6.0,7.0,,7.0,5.0,7.0,7.0,6.0,7.0,1.0,1.0,2.0,1.0,1.0,1.0,1.0,2.0,1.0,1.0,1.0,1.0,1.0,2.0,,1.0,1.0,1.0,2.0,1.0,2.0,2.0,2.0,1.0,2.0,1.0,,7.0,7.0,6.0,7.0,6.0,6.0,7.0,6.0,7.0,2.0,3.0,3.0,2.0,2.0,1.0,2.0,2.0,1.0,1.0,1.0,1.0,2.0,7.0,0,3.0,1.667,2.429,2.667,3.75,1.0,1.75,1.667,6.5,1.25,1.2,1.2,1.455,6.556,2.4,1.375
384,33,Mujer,Soltero,Sin hijos,Bachiller,Rural,3.0,Mixto,Más de 500 empleados,No,Provisionalidad,45,Entre 1 y 3 SMLV,Administrativo,Si,Entre 1 a 5,Entre 1 y 3 años,Presencial,Entre 2 y 3 horas,27.0,3.0,3.0,3.0,2.0,2.0,2.0,3.0,4.0,4.0,3.0,4.0,4.0,3.0,3.0,4.0,4.0,4.0,5.0,4.0,3.0,3.0,2.0,3.0,3.0,3.0,4.0,2.0,3.0,3.0,4.0,3.0,,3.0,6.0,5.0,5.0,4.0,4.0,4.0,5.0,5.0,6.0,4.0,3.0,,3.0,1.0,1.0,2.0,2.0,2.0,2.0,2.0,,1.0,2.0,2.0,1.0,1.0,2.0,1.0,2.0,2.0,1.0,1.0,2.0,1.0,1.0,6.0,7.0,7.0,6.0,7.0,6.0,7.0,7.0,7.0,6.0,3.0,3.0,2.0,3.0,3.0,3.0,3.0,2.0,3.0,2.0,2.0,1.0,2.0,4.0,0,3.0,2.25,3.571,4.0,3.75,2.667,3.0,3.25,4.889,3.333,1.6,1.75,1.417,6.6,2.8,2.25
385,32,Hombre,Casado,Sin hijos,Técnico,Urbana,1.5,Mixto,Entre 200 y 500 empleados,No,Carrera,37,Entre 1 y 3 SMLV,Administrativo,No,Entre 1 a 5,Más de 10 años,Presencial,Entre 1 y 2 horas,19.0,1.0,1.0,1.0,,4.0,4.0,,4.0,4.0,3.0,4.0,4.0,3.0,3.0,3.0,4.0,3.0,4.0,4.0,4.0,4.0,2.0,3.0,3.0,3.0,2.0,2.0,2.0,1.0,1.0,2.0,,1.0,5.0,5.0,5.0,6.0,5.0,5.0,5.0,6.0,6.0,4.0,3.0,4.0,4.0,2.0,1.0,1.0,1.0,2.0,2.0,2.0,3.0,2.0,2.0,4.0,2.0,1.0,1.0,2.0,2.0,2.0,1.0,2.0,2.0,2.0,,5.0,,5.0,5.0,5.0,6.0,5.0,6.0,5.0,5.0,2.0,2.0,2.0,2.0,2.0,3.0,4.0,2.0,2.0,2.0,3.0,4.0,2.0,4.0,1,1.0,4.0,3.571,3.333,4.0,2.667,2.25,1.25,5.333,3.75,1.4,2.2,1.909,5.222,2.0,2.75
386,46,Hombre,Separado,1,Técnico,Urbana,3.0,Público,Entre 200 y 500 empleados,No,Carrera,39,Entre 1 y 3 SMLV,Administrativo,Si,Entre 10 a 15,Menos de 1 año,Presencial,Entre 1 y 2 horas,58.0,3.0,4.0,5.0,3.0,2.0,2.0,,3.0,2.0,2.0,2.0,3.0,3.0,2.0,4.0,3.0,,4.0,4.0,4.0,5.0,2.0,3.0,2.0,2.0,2.0,3.0,2.0,4.0,4.0,4.0,4.0,4.0,5.0,5.0,,5.0,5.0,,5.0,4.0,5.0,5.0,5.0,5.0,5.0,3.0,2.0,1.0,1.0,2.0,2.0,3.0,2.0,2.0,2.0,4.0,4.0,4.0,5.0,4.0,,4.0,4.0,4.0,,4.0,,7.0,,6.0,7.0,7.0,7.0,6.0,7.0,7.0,6.0,4.0,5.0,4.0,5.0,4.0,3.0,,,2.0,4.0,2.0,3.0,4.0,3.0,0,4.0,2.333,2.429,3.5,4.25,2.333,2.25,4.0,4.857,5.0,1.8,2.2,4.111,6.667,4.4,3.0
387,54,Mujer,Soltero,2,Tecnológico,Urbana,3.0,Público,Entre 200 y 500 empleados,No,Presentación de servicios,43,Entre 1 y 3 SMLV,Administrativo,No,Entre 5 a 10,Menos de 1 año,Presencial,Menos de 1 hora,1.0,2.0,3.0,4.0,4.0,3.0,4.0,2.0,3.0,2.0,3.0,2.0,3.0,3.0,,4.0,5.0,5.0,4.0,4.0,4.0,3.0,3.0,2.0,2.0,1.0,2.0,1.0,2.0,1.0,1.0,2.0,1.0,2.0,5.0,5.0,5.0,4.0,5.0,,5.0,4.0,,5.0,5.0,4.0,4.0,1.0,2.0,2.0,1.0,1.0,5.0,5.0,3.0,5.0,3.0,4.0,4.0,5.0,4.0,5.0,2.0,5.0,5.0,,5.0,5.0,5.0,4.0,4.0,4.0,3.0,4.0,4.0,3.0,4.0,3.0,4.0,,3.0,4.0,4.0,4.0,3.0,1.0,2.0,2.0,2.0,4.0,3.0,1.0,3.0,0,3.0,3.25,2.667,4.667,3.75,2.333,1.5,1.4,4.714,4.5,1.4,4.2,4.455,3.7,3.75,2.25
388,35,Mujer,Separado,1,Posgrado,Urbana,3.0,Público,Más de 500 empleados,No,Otro,43,Entre 1 y 3 SMLV,Administrativo,No,Entre 15 a 20,Entre 1 y 3 años,Presencial,Menos de 1 hora,75.0,3.0,4.0,3.0,1.0,2.0,2.0,1.0,3.0,3.0,3.0,4.0,5.0,,4.0,3.0,3.0,4.0,,3.0,4.0,4.0,1.0,1.0,1.0,3.0,,3.0,3.0,3.0,2.0,2.0,1.0,2.0,7.0,7.0,6.0,6.0,5.0,,7.0,6.0,7.0,1.0,1.0,1.0,2.0,2.0,2.0,2.0,2.0,2.0,3.0,3.0,2.0,4.0,3.0,1.0,1.0,2.0,,1.0,1.0,1.0,1.0,1.0,1.0,1.0,1.0,6.0,5.0,5.0,6.0,6.0,5.0,5.0,6.0,6.0,5.0,1.0,2.0,2.0,2.0,1.0,2.0,3.0,2.0,3.0,3.0,3.0,2.0,2.0,7.0,0,3.333,1.5,3.667,3.333,3.667,1.0,3.0,2.0,6.375,1.25,2.0,3.0,1.091,5.5,1.6,2.5
389,40,Mujer,Unión libre,Sin hijos,Bachiller,Urbana,4.0,Mixto,Entre 10 y 50 empleados,Si,Otro,40,Entre 1 y 3 SMLV,Administrativo,No,Más de 25,Entre 7 y 10 años,Presencial,Entre 1 y 2 horas,42.0,4.0,3.0,3.0,2.0,2.0,3.0,2.0,5.0,4.0,4.0,5.0,5.0,5.0,5.0,3.0,3.0,3.0,5.0,4.0,5.0,4.0,3.0,2.0,3.0,5.0,4.0,4.0,4.0,3.0,4.0,4.0,4.0,5.0,6.0,6.0,7.0,6.0,7.0,7.0,7.0,7.0,7.0,1.0,2.0,1.0,2.0,1.0,1.0,1.0,1.0,2.0,1.0,1.0,1.0,1.0,,1.0,1.0,1.0,2.0,2.0,1.0,1.0,1.0,1.0,1.0,1.0,1.0,5.0,7.0,5.0,6.0,5.0,6.0,5.0,5.0,6.0,6.0,2.0,1.0,1.0,2.0,,1.0,1.0,2.0,1.0,1.0,1.0,2.0,1.0,7.0,0,3.333,2.25,4.714,3.0,4.5,2.667,4.25,4.0,6.667,1.5,1.2,1.0,1.167,5.6,1.5,1.25
390,33,Mujer,Casado,4,Posgrado,Rural,2.0,Público,Más de 500 empleados,No,Carrera,47,Entre 1 y 3 SMLV,Administrativo,Si,Entre 1 a 5,Entre 1 y 3 años,Híbrido,Más de 3 horas,82.625,3.0,3.0,3.0,4.0,4.0,4.0,4.0,4.0,3.0,,3.0,,,4.0,5.0,4.0,4.0,5.0,5.0,5.0,5.0,4.0,3.0,3.0,3.0,3.0,3.0,3.0,3.0,3.0,3.0,3.0,4.0,4.0,3.0,5.0,3.0,4.0,4.0,6.0,4.0,4.0,5.0,3.0,4.0,4.0,1.0,2.0,1.0,2.0,2.0,4.0,5.0,,,6.0,5.0,7.0,5.0,5.0,5.0,5.0,7.0,7.0,7.0,4.0,5.0,4.0,4.0,3.0,4.0,3.0,3.0,4.0,3.0,4.0,3.0,4.0,,2.0,1.0,1.0,2.0,3.0,3.0,4.0,5.0,3.0,4.0,3.0,5.0,3.0,1,3.0,4.0,3.5,4.333,5.0,3.333,3.0,3.2,4.111,4.0,1.6,5.0,5.5,3.5,1.5,3.75
391,42,Mujer,Soltero,Sin hijos,Tecnológico,Urbana,4.0,Mixto,Entre 50 y 200 empleados,No,Presentación de servicios,37,Entre 1 y 3 SMLV,Administrativo,No,Entre 1 a 5,Entre 1 y 3 años,Presencial,Menos de 1 hora,4.0,3.0,2.0,2.0,,5.0,5.0,4.0,4.0,3.0,2.0,2.0,2.0,3.0,,5.0,4.0,,4.0,4.0,5.0,5.0,4.0,3.0,3.0,2.0,3.0,2.0,3.0,5.0,4.0,3.0,4.0,4.0,,5.0,5.0,4.0,6.0,5.0,4.0,6.0,5.0,4.0,3.0,3.0,4.0,3.0,2.0,4.0,3.0,4.0,6.0,7.0,7.0,7.0,7.0,2.0,1.0,,4.0,2.0,4.0,,2.0,2.0,2.0,1.0,4.0,5.0,6.0,5.0,5.0,6.0,5.0,4.0,4.0,5.0,6.0,4.0,5.0,5.0,4.0,3.0,,5.0,4.0,4.0,4.0,4.0,4.0,4.0,4.0,0,2.333,4.667,2.667,4.5,4.5,3.333,2.5,4.0,5.0,3.5,3.2,6.8,2.4,5.1,4.2,4.143
392,26,Mujer,Unión libre,1,Posgrado,Urbana,3.0,Público,Entre 50 y 200 empleados,No,Carrera,44,Entre 3 y 5 SMLV,Directivo,No,Entre 5 a 10,Entre 1 y 3 años,Presencial,Menos de 1 hora,50.0,2.0,2.0,,4.0,3.0,4.0,4.0,2.0,2.0,2.0,1.0,2.0,2.0,2.0,4.0,5.0,4.0,,4.0,4.0,4.0,2.0,4.0,3.0,2.0,2.0,3.0,2.0,3.0,4.0,4.0,4.0,4.0,2.0,2.0,1.0,2.0,2.0,3.0,1.0,1.0,2.0,7.0,7.0,7.0,7.0,4.0,4.0,6.0,3.0,4.0,4.0,5.0,4.0,6.0,,4.0,2.0,4.0,4.0,5.0,4.0,5.0,5.0,2.0,4.0,4.0,5.0,3.0,4.0,4.0,4.0,3.0,4.0,4.0,4.0,2.0,3.0,6.0,6.0,6.0,7.0,6.0,6.0,5.0,6.0,6.0,7.0,6.0,7.0,,1.0,0,2.0,3.75,1.857,4.333,4.0,3.0,2.25,3.8,1.778,7.0,4.2,4.75,4.0,3.5,6.2,6.143
393,49,Mujer,Soltero,1,Técnico,Urbana,3.0,Mixto,Entre 50 y 200 empleados,No,Carrera,57,Entre 1 y 3 SMLV,Administrativo,No,Entre 5 a 10,Entre 3 y 7 años,Presencial,Menos de 1 hora,0.0,3.0,2.0,2.0,4.0,4.0,4.0,4.0,3.0,3.0,2.0,3.0,3.0,3.0,4.0,4.0,3.0,3.0,4.0,3.0,4.0,4.0,4.0,3.0,3.0,1.0,2.0,2.0,2.0,3.0,4.0,4.0,3.0,3.0,5.0,3.0,5.0,4.0,5.0,5.0,4.0,5.0,5.0,3.0,3.0,4.0,2.0,3.0,3.0,3.0,3.0,4.0,5.0,4.0,6.0,5.0,5.0,2.0,2.0,2.0,2.0,2.0,1.0,4.0,1.0,2.0,2.0,4.0,2.0,5.0,6.0,5.0,6.0,,6.0,5.0,6.0,6.0,5.0,2.0,3.0,2.0,3.0,3.0,3.0,3.0,4.0,4.0,4.0,4.0,2.0,4.0,5.0,0,2.333,4.0,3.0,3.333,3.75,3.333,1.75,3.4,4.556,3.0,3.2,5.0,2.167,5.556,2.6,3.5
394,44,Mujer,Soltero,1,Profesional,Urbana,3.0,Público,Entre 200 y 500 empleados,Si,Provisionalidad,47,Entre 5 y 10 SMLV,Administrativo,No,Más de 25,Entre 3 y 7 años,Presencial,Más de 3 horas,6.0,1.0,,1.0,5.0,5.0,5.0,4.0,4.0,3.0,3.0,3.0,3.0,3.0,3.0,4.0,2.0,4.0,4.0,4.0,4.0,4.0,3.0,,4.0,3.0,3.0,3.0,4.0,2.0,2.0,2.0,3.0,3.0,5.0,5.0,5.0,,4.0,6.0,6.0,4.0,6.0,3.0,3.0,3.0,4.0,5.0,4.0,4.0,4.0,4.0,6.0,5.0,4.0,4.0,5.0,2.0,2.0,2.0,2.0,1.0,2.0,2.0,2.0,2.0,2.0,2.0,2.0,,4.0,5.0,,,5.0,5.0,5.0,5.0,6.0,5.0,5.0,5.0,4.0,4.0,6.0,4.0,5.0,5.0,6.0,4.0,5.0,5.0,5.0,0,1.0,4.75,3.143,3.333,4.0,3.5,3.25,2.4,5.125,3.25,4.2,4.8,1.917,5.0,4.6,5.0
395,44,Mujer,Unión libre,1,Bachiller,Urbana,2.0,Mixto,Entre 10 y 50 empleados,No,Libre nombramiento y remocion,46,Entre 3 y 5 SMLV,Operativo,Si,Entre 10 a 15,Entre 1 y 3 años,Presencial,Entre 2 y 3 horas,28.0,4.0,4.0,4.0,,,3.0,2.0,5.0,5.0,4.0,5.0,5.0,4.0,4.0,5.0,4.0,5.0,5.0,5.0,4.0,5.0,2.0,2.0,3.0,4.0,,4.0,4.0,4.0,5.0,5.0,4.0,,5.0,5.0,5.0,4.0,4.0,,5.0,5.0,4.0,4.0,5.0,5.0,5.0,2.0,2.0,,1.0,2.0,4.0,4.0,3.0,3.0,3.0,,1.0,1.0,1.0,2.0,1.0,1.0,,2.0,2.0,2.0,2.0,6.0,6.0,6.0,6.0,6.0,6.0,6.0,6.0,5.0,6.0,4.0,3.0,3.0,3.0,3.0,1.0,1.0,1.0,2.0,2.0,2.0,2.0,1.0,4.0,0,4.0,2.5,4.571,4.667,4.75,2.333,4.0,4.5,4.625,4.75,1.75,3.4,1.5,5.9,3.2,1.5
396,30,Mujer,Casado,1,Posgrado,Urbana,3.0,Público,Entre 50 y 200 empleados,No,Provisionalidad,49,Entre 3 y 5 SMLV,Administrativo,Si,Entre 1 a 5,Entre 3 y 7 años,Presencial,Menos de 1 hora,5.0,4.0,4.0,4.0,1.0,,1.0,,3.0,3.0,4.0,3.0,3.0,4.0,2.0,3.0,4.0,4.0,4.0,4.0,5.0,5.0,1.0,2.0,1.0,4.0,3.0,3.0,4.0,3.0,3.0,3.0,3.0,3.0,,6.0,6.0,6.0,6.0,6.0,,5.0,7.0,2.0,2.0,2.0,2.0,1.0,,2.0,,1.0,1.0,3.0,2.0,,2.0,1.0,1.0,2.0,2.0,1.0,1.0,,1.0,1.0,1.0,1.0,1.0,6.0,6.0,6.0,6.0,6.0,7.0,7.0,7.0,6.0,6.0,2.0,3.0,2.0,3.0,2.0,,2.0,2.0,1.0,1.0,,3.0,2.0,6.0,0,4.0,1.0,3.143,3.667,4.5,1.333,3.5,3.0,6.0,2.0,1.333,2.0,1.182,6.3,2.4,1.833
397,51,Hombre,Unión libre,2,Profesional,Urbana,4.0,Público,Entre 50 y 200 empleados,No,Carrera,37,Entre 3 y 5 SMLV,Operativo,Si,Entre 1 a 5,Menos de 1 año,Presencial,Entre 1 y 2 horas,6.0,1.0,3.0,3.0,4.0,5.0,5.0,5.0,2.0,2.0,3.0,3.0,3.0,2.0,3.0,3.0,3.0,2.0,5.0,5.0,5.0,5.0,4.0,3.0,2.0,4.0,2.0,,3.0,1.0,2.0,2.0,2.0,1.0,4.0,4.0,4.0,4.0,3.0,3.0,,4.0,4.0,5.0,6.0,7.0,5.0,2.0,2.0,1.0,1.0,,4.0,4.0,,4.0,4.0,4.0,2.0,4.0,5.0,4.0,4.0,5.0,5.0,4.0,4.0,5.0,5.0,2.0,1.0,2.0,2.0,3.0,3.0,2.0,2.0,2.0,3.0,5.0,5.0,4.0,4.0,5.0,6.0,5.0,5.0,6.0,6.0,5.0,6.0,5.0,3.0,0,2.333,4.75,2.571,2.667,5.0,3.0,3.0,1.6,3.75,5.75,1.5,4.0,4.25,2.2,4.6,5.5
398,42,Hombre,Soltero,2,Profesional,Rural,3.0,Público,Entre 200 y 500 empleados,No,Otro,45,Entre 1 y 3 SMLV,Administrativo,No,Entre 5 a 10,Entre 1 y 3 años,Presencial,Entre 2 y 3 horas,0.0,5.0,5.0,5.0,1.0,1.0,2.0,1.0,5.0,4.0,4.0,4.0,4.0,5.0,4.0,4.0,4.0,4.0,5.0,4.0,5.0,4.0,1.0,1.0,1.0,4.0,4.0,4.0,3.0,3.0,3.0,,3.0,3.0,7.0,5.0,6.0,6.0,7.0,7.0,7.0,7.0,6.0,4.0,4.0,3.0,3.0,1.0,2.0,1.0,1.0,1.0,2.0,2.0,1.0,1.0,1.0,4.0,4.0,,2.0,4.0,4.0,4.0,2.0,4.0,4.0,,4.0,7.0,6.0,6.0,,6.0,5.0,6.0,6.0,6.0,6.0,3.0,3.0,2.0,3.0,2.0,2.0,1.0,1.0,1.0,2.0,1.0,1.0,2.0,4.0,0,5.0,1.25,4.286,4.0,4.5,1.0,3.75,3.0,6.444,3.5,1.2,1.4,3.6,6.0,2.6,1.375
399,52,Mujer,Soltero,2,Posgrado,Urbana,2.0,Público,Entre 50 y 200 empleados,No,Presentación de servicios,49,Entre 1 y 3 SMLV,Administrativo,No,Entre 1 a 5,Entre 1 y 3 años,Presencial,Menos de 1 hora,33.0,4.0,5.0,4.0,3.0,2.0,3.0,3.0,5.0,5.0,5.0,5.0,5.0,,5.0,3.0,3.0,3.0,2.0,3.0,,3.0,2.0,3.0,2.0,5.0,4.0,5.0,5.0,4.0,5.0,4.0,5.0,4.0,6.0,5.0,5.0,6.0,6.0,6.0,6.0,5.0,6.0,3.0,2.0,3.0,2.0,2.0,1.0,1.0,1.0,2.0,1.0,,,,2.0,1.0,1.0,1.0,2.0,1.0,2.0,1.0,1.0,1.0,1.0,1.0,1.0,6.0,7.0,7.0,6.0,7.0,7.0,7.0,7.0,7.0,6.0,1.0,1.0,2.0,1.0,1.0,2.0,2.0,2.0,,2.0,3.0,2.0,3.0,5.0,0,4.333,2.75,5.0,3.0,2.667,2.333,4.75,4.4,5.667,2.5,1.4,1.5,1.167,6.7,1.2,2.286
400,56,Mujer,Unión libre,Sin hijos,Posgrado,Urbana,4.0,Público,Más de 500 empleados,Si,Libre nombramiento y remocion,54,Entre 1 y 3 SMLV,Administrativo,No,Entre 1 a 5,Menos de 1 año,Presencial,Menos de 1 hora,59.0,,3.0,3.0,3.0,3.0,,3.0,4.0,,,4.0,3.0,3.0,4.0,2.0,3.0,3.0,5.0,5.0,4.0,5.0,2.0,1.0,2.0,4.0,3.0,3.0,4.0,4.0,4.0,4.0,4.0,5.0,5.0,5.0,5.0,5.0,5.0,5.0,6.0,5.0,5.0,2.0,2.0,2.0,2.0,3.0,3.0,,3.0,3.0,3.0,3.0,4.0,4.0,4.0,2.0,2.0,2.0,2.0,1.0,,2.0,2.0,2.0,2.0,2.0,1.0,7.0,6.0,6.0,7.0,7.0,7.0,7.0,7.0,7.0,7.0,4.0,2.0,4.0,3.0,2.0,3.0,2.0,1.0,2.0,1.0,2.0,3.0,2.0,6.0,0,3.0,3.0,3.6,2.667,4.75,1.667,3.5,4.2,5.111,2.0,3.0,3.6,1.818,6.8,3.0,2.0
403,29,Mujer,Casado,1,Tecnológico,Urbana,4.0,Público,Entre 200 y 500 empleados,No,Presentación de servicios,37,Entre 3 y 5 SMLV,Directivo,No,Entre 1 a 5,Entre 3 y 7 años,Presencial,Entre 2 y 3 horas,13.0,4.0,3.0,,4.0,3.0,3.0,3.0,3.0,2.0,4.0,3.0,4.0,3.0,4.0,5.0,5.0,5.0,4.0,4.0,4.0,4.0,3.0,4.0,2.0,3.0,3.0,4.0,3.0,2.0,2.0,2.0,3.0,3.0,6.0,5.0,5.0,6.0,,5.0,5.0,5.0,6.0,4.0,4.0,4.0,4.0,3.0,3.0,2.0,,2.0,3.0,,3.0,3.0,3.0,4.0,4.0,,5.0,4.0,5.0,4.0,5.0,4.0,5.0,4.0,4.0,7.0,7.0,7.0,7.0,7.0,7.0,7.0,7.0,7.0,6.0,3.0,4.0,,4.0,5.0,3.0,3.0,2.0,2.0,4.0,,3.0,3.0,4.0,0,3.5,3.25,3.286,5.0,4.0,3.0,3.25,2.4,5.375,4.0,2.5,3.0,4.364,6.9,4.0,2.857
401,33,Hombre,Separado,1,Tecnológico,Urbana,4.0,Público,Entre 200 y 500 empleados,Si,Otro,46,Entre 1 y 3 SMLV,Administrativo,No,Entre 10 a 15,Entre 3 y 7 años,Presencial,Entre 2 y 3 horas,10.0,4.0,4.0,4.0,2.0,2.0,2.0,2.0,3.0,4.0,3.0,4.0,3.0,3.0,3.0,3.0,4.0,4.0,5.0,5.0,4.0,5.0,2.0,2.0,,4.0,3.0,3.0,4.0,2.0,1.0,2.0,3.0,1.0,6.0,6.0,6.0,5.0,,6.0,6.0,7.0,7.0,2.0,2.0,3.0,1.0,2.0,2.0,2.0,1.0,2.0,3.0,3.0,2.0,2.0,,1.0,1.0,1.0,1.0,1.0,1.0,1.0,1.0,2.0,1.0,1.0,1.0,6.0,6.0,6.0,6.0,6.0,5.0,7.0,6.0,6.0,6.0,1.0,1.0,1.0,,2.0,1.0,,1.0,1.0,2.0,2.0,1.0,1.0,6.0,0,4.0,2.0,3.286,3.667,4.75,2.0,3.5,1.8,6.125,2.0,1.8,2.5,1.083,6.0,1.25,1.286
405,34,Mujer,Separado,3,Técnico,Urbana,3.0,Público,Entre 200 y 500 empleados,No,Provisionalidad,38,Entre 1 y 3 SMLV,Operativo,Si,Entre 10 a 15,Menos de 1 año,Presencial,Menos de 1 hora,16.0,3.0,3.0,1.0,2.0,2.0,2.0,3.0,2.0,,1.0,2.0,2.0,1.0,1.0,3.0,3.0,4.0,3.0,3.0,3.0,4.0,1.0,2.0,1.0,2.0,2.0,3.0,3.0,2.0,2.0,3.0,2.0,1.0,4.0,5.0,4.0,5.0,,5.0,5.0,5.0,6.0,4.0,4.0,,5.0,3.0,3.0,3.0,3.0,3.0,3.0,2.0,,2.0,,1.0,1.0,1.0,1.0,2.0,2.0,2.0,1.0,1.0,2.0,4.0,2.0,7.0,6.0,7.0,,6.0,6.0,7.0,6.0,5.0,6.0,5.0,3.0,3.0,4.0,4.0,,1.0,,3.0,1.0,3.0,1.0,3.0,4.0,0,2.333,2.25,1.5,3.333,3.25,1.333,2.5,2.0,4.875,4.333,3.0,2.333,1.667,6.222,3.8,2.0
404,42,Hombre,Unión libre,Sin hijos,Tecnológico,Urbana,2.0,Público,Entre 50 y 200 empleados,No,Otro,59,Entre 1 y 3 SMLV,Operativo,No,Entre 1 a 5,Entre 1 y 3 años,Presencial,Menos de 1 hora,31.0,4.0,4.0,5.0,2.0,3.0,2.0,2.0,4.0,5.0,4.0,4.0,3.0,3.0,4.0,,5.0,,,,4.0,,1.0,1.0,2.0,2.0,3.0,2.0,4.0,2.0,3.0,3.0,3.0,3.0,5.0,6.0,6.0,6.0,7.0,7.0,6.0,7.0,6.0,1.0,3.0,2.0,4.0,3.0,4.0,3.0,,4.0,2.0,2.0,2.0,2.0,2.0,1.0,1.0,2.0,1.0,2.0,1.0,1.0,4.0,1.0,1.0,1.0,2.0,5.0,5.0,4.0,5.0,5.0,5.0,4.0,5.0,4.0,5.0,1.0,3.0,2.0,,3.0,,1.0,2.0,1.0,1.0,2.0,1.0,2.0,7.0,1,4.333,2.25,3.857,5.0,4.0,1.333,2.75,2.8,6.222,2.5,3.5,2.0,1.5,4.7,2.25,1.429
409,45,Hombre,Casado,2,Posgrado,Urbana,3.0,Público,Entre 200 y 500 empleados,No,Provisionalidad,43,Entre 5 y 10 SMLV,Administrativo,Si,Entre 1 a 5,Entre 1 y 3 años,Presencial,Menos de 1 hora,20.0,,4.0,4.0,1.0,2.0,2.0,1.0,4.0,5.0,3.0,5.0,5.0,4.0,4.0,2.0,3.0,3.0,4.0,4.0,4.0,5.0,1.0,1.0,1.0,3.0,3.0,3.0,3.0,,2.0,2.0,2.0,1.0,6.0,5.0,,6.0,,5.0,6.0,6.0,5.0,3.0,1.0,2.0,3.0,2.0,2.0,1.0,,1.0,1.0,2.0,2.0,2.0,3.0,1.0,1.0,1.0,1.0,2.0,1.0,1.0,2.0,1.0,1.0,1.0,1.0,6.0,6.0,6.0,7.0,6.0,5.0,6.0,6.0,7.0,6.0,2.0,2.0,1.0,1.0,2.0,2.0,1.0,2.0,1.0,1.0,2.0,2.0,2.0,5.0,0,4.0,1.5,4.286,2.667,4.25,1.0,3.0,1.75,5.571,2.25,1.5,2.0,1.167,6.1,1.6,1.625
402,45,Mujer,Casado,Sin hijos,Técnico,Urbana,3.0,Público,Más de 500 empleados,No,Otro,37,Entre 1 y 3 SMLV,Administrativo,No,Entre 10 a 15,Menos de 1 año,Presencial,Entre 1 y 2 horas,13.0,2.0,2.0,1.0,,5.0,4.0,5.0,2.0,2.0,2.0,2.0,2.0,2.0,2.0,1.0,2.0,2.0,5.0,4.0,5.0,5.0,4.0,,4.0,1.0,2.0,2.0,2.0,2.0,1.0,1.0,1.0,1.0,4.0,5.0,4.0,4.0,4.0,,5.0,6.0,3.0,5.0,5.0,4.0,4.0,3.0,,3.0,3.0,2.0,5.0,5.0,6.0,6.0,6.0,7.0,4.0,5.0,5.0,4.0,5.0,7.0,4.0,5.0,,4.0,4.0,,3.0,3.0,3.0,2.0,3.0,2.0,2.0,2.0,3.0,6.0,5.0,7.0,6.0,,5.0,6.0,7.0,7.0,5.0,6.0,7.0,5.0,3.0,0,1.667,4.667,2.0,1.667,4.75,4.0,1.75,1.2,4.375,4.5,2.75,5.6,4.909,2.556,6.0,6.0
407,47,Hombre,Soltero,1,Profesional,Urbana,2.0,Público,Entre 200 y 500 empleados,No,Otro,49,Entre 1 y 3 SMLV,Administrativo,No,Entre 10 a 15,Entre 1 y 3 años,Presencial,Entre 1 y 2 horas,4.0,5.0,4.0,,1.0,1.0,1.0,2.0,4.0,3.0,4.0,4.0,4.0,4.0,4.0,4.0,5.0,4.0,4.0,4.0,5.0,4.0,2.0,2.0,2.0,4.0,3.0,3.0,,,3.0,3.0,2.0,,6.0,6.0,4.0,6.0,5.0,6.0,5.0,5.0,6.0,2.0,2.0,,3.0,2.0,,1.0,1.0,2.0,2.0,1.0,2.0,1.0,1.0,1.0,,,1.0,1.0,1.0,1.0,1.0,1.0,1.0,1.0,1.0,6.0,6.0,6.0,6.0,6.0,6.0,6.0,6.0,7.0,6.0,,2.0,3.0,3.0,3.0,1.0,1.0,2.0,1.0,1.0,3.0,1.0,2.0,6.0,0,4.5,1.25,3.857,4.333,4.25,2.0,3.333,2.667,5.444,2.333,1.5,1.4,1.0,6.1,2.75,1.5
412,50,Mujer,Soltero,3,Tecnológico,Urbana,3.0,Mixto,Entre 50 y 200 empleados,No,Provisionalidad,51,Entre 1 y 3 SMLV,Administrativo,No,Entre 20 a 25,Entre 3 y 7 años,Presencial,Entre 2 y 3 horas,44.0,,4.0,3.0,2.0,2.0,2.0,1.0,,3.0,4.0,4.0,4.0,5.0,,5.0,4.0,4.0,,5.0,5.0,4.0,1.0,3.0,2.0,4.0,,3.0,3.0,3.0,2.0,3.0,3.0,2.0,7.0,7.0,7.0,7.0,7.0,7.0,7.0,7.0,6.0,1.0,1.0,1.0,1.0,2.0,1.0,2.0,2.0,3.0,3.0,5.0,4.0,4.0,3.0,1.0,1.0,1.0,1.0,2.0,1.0,1.0,1.0,1.0,1.0,1.0,1.0,5.0,6.0,6.0,6.0,6.0,6.0,5.0,6.0,6.0,7.0,2.0,2.0,1.0,1.0,1.0,4.0,3.0,3.0,3.0,2.0,3.0,3.0,3.0,7.0,0,3.5,1.75,4.0,4.333,4.667,2.0,3.333,2.6,6.889,1.0,2.0,3.8,1.083,5.9,1.4,3.0
406,52,Hombre,Soltero,Sin hijos,Profesional,Urbana,2.0,Mixto,Más de 500 empleados,No,Libre nombramiento y remocion,47,Entre 1 y 3 SMLV,Administrativo,No,Entre 10 a 15,Más de 10 años,Presencial,Entre 1 y 2 horas,17.0,4.0,4.0,4.0,2.0,2.0,2.0,,3.0,2.0,3.0,3.0,3.0,4.0,2.0,3.0,4.0,4.0,4.0,3.0,5.0,4.0,2.0,3.0,2.0,3.0,3.0,3.0,,3.0,2.0,2.0,2.0,2.0,3.0,5.0,5.0,5.0,5.0,6.0,6.0,6.0,5.0,4.0,4.0,3.0,4.0,1.0,2.0,2.0,1.0,1.0,4.0,3.0,4.0,,4.0,4.0,4.0,2.0,4.0,,4.0,4.0,4.0,4.0,2.0,4.0,2.0,5.0,6.0,5.0,6.0,5.0,6.0,5.0,6.0,6.0,5.0,1.0,2.0,1.0,1.0,2.0,2.0,3.0,2.0,3.0,4.0,1.0,3.0,3.0,4.0,0,4.0,2.0,2.857,3.667,4.0,2.333,3.0,2.2,5.111,3.75,1.4,3.75,3.455,5.5,1.4,2.625
410,40,Mujer,Soltero,2,Profesional,Urbana,3.0,Mixto,Entre 200 y 500 empleados,No,Libre nombramiento y remocion,40,Entre 1 y 3 SMLV,Administrativo,No,Entre 20 a 25,Entre 1 y 3 años,Presencial,Más de 3 horas,38.0,,2.0,3.0,4.0,3.0,,4.0,2.0,2.0,,2.0,3.0,,1.0,4.0,3.0,3.0,5.0,5.0,5.0,4.0,4.0,3.0,4.0,2.0,2.0,2.0,2.0,2.0,4.0,3.0,3.0,3.0,4.0,5.0,3.0,4.0,5.0,4.0,4.0,4.0,4.0,3.0,,4.0,4.0,3.0,3.0,3.0,4.0,3.0,,,4.0,6.0,5.0,4.0,4.0,2.0,4.0,2.0,4.0,,2.0,2.0,4.0,4.0,4.0,3.0,3.0,3.0,3.0,4.0,3.0,4.0,4.0,4.0,4.0,1.0,4.0,2.0,3.0,3.0,2.0,4.0,4.0,4.0,2.0,3.0,3.0,4.0,5.0,0,2.5,3.667,2.0,3.333,4.75,3.667,2.0,3.0,4.111,3.667,3.2,5.0,3.273,3.5,2.6,3.25
363,37,Mujer,Soltero,3,Posgrado,Urbana,3.0,Mixto,Entre 200 y 500 empleados,No,Provisionalidad,42,Menos de 1 SMLV,Operativo,No,Entre 10 a 15,Entre 3 y 7 años,Presencial,Entre 1 y 2 horas,19.0,5.0,4.0,4.0,2.0,1.0,2.0,1.0,3.0,3.0,3.0,3.0,4.0,3.0,3.0,5.0,5.0,4.0,5.0,5.0,5.0,4.0,2.0,2.0,2.0,3.0,4.0,4.0,4.0,5.0,4.0,4.0,4.0,4.0,3.0,4.0,5.0,4.0,5.0,4.0,,4.0,,4.0,3.0,3.0,5.0,3.0,3.0,,2.0,2.0,2.0,,1.0,2.0,1.0,,4.0,2.0,2.0,4.0,4.0,2.0,1.0,2.0,1.0,2.0,1.0,5.0,6.0,5.0,5.0,6.0,5.0,6.0,6.0,6.0,7.0,5.0,5.0,3.0,4.0,4.0,2.0,2.0,2.0,,2.0,3.0,2.0,2.0,4.0,0,4.333,1.5,3.143,4.667,4.75,2.0,3.75,4.2,4.143,3.75,2.5,1.5,2.273,5.7,4.2,2.143
411,41,Mujer,Soltero,Sin hijos,Posgrado,Urbana,4.0,Público,Entre 50 y 200 empleados,No,Libre nombramiento y remocion,58,Entre 1 y 3 SMLV,Administrativo,Si,Entre 5 a 10,Entre 3 y 7 años,Presencial,Menos de 1 hora,37.0,4.0,,4.0,3.0,2.0,3.0,3.0,3.0,3.0,2.0,3.0,4.0,3.0,3.0,5.0,4.0,4.0,5.0,4.0,5.0,,3.0,2.0,2.0,,3.0,4.0,3.0,5.0,4.0,4.0,3.0,4.0,4.0,4.0,4.0,4.0,4.0,4.0,3.0,,3.0,5.0,6.0,6.0,6.0,1.0,2.0,2.0,1.0,1.0,4.0,4.0,2.0,2.0,3.0,2.0,4.0,4.0,2.0,,2.0,5.0,2.0,4.0,2.0,,4.0,5.0,5.0,5.0,5.0,5.0,6.0,5.0,6.0,5.0,5.0,,4.0,5.0,4.0,4.0,3.0,2.0,1.0,1.0,3.0,,3.0,2.0,3.0,0,4.0,2.75,3.0,4.333,4.667,2.333,3.333,4.0,3.75,5.75,1.4,3.0,3.1,5.2,4.25,2.143
379,51,Hombre,Soltero,3,Tecnológico,Urbana,3.0,Público,Entre 10 y 50 empleados,No,Carrera,37,Entre 1 y 3 SMLV,Administrativo,No,Más de 25,Entre 1 y 3 años,Presencial,Menos de 1 hora,25.0,1.0,2.0,1.0,4.0,4.0,3.0,4.0,2.0,3.0,2.0,2.0,3.0,2.0,2.0,,3.0,3.0,5.0,5.0,4.0,4.0,3.0,4.0,3.0,1.0,1.0,3.0,3.0,2.0,3.0,3.0,3.0,3.0,3.0,4.0,4.0,3.0,4.0,3.0,3.0,4.0,4.0,4.0,6.0,4.0,4.0,1.0,1.0,1.0,1.0,1.0,,3.0,3.0,3.0,3.0,2.0,4.0,2.0,4.0,4.0,4.0,4.0,4.0,4.0,2.0,4.0,5.0,5.0,5.0,4.0,5.0,4.0,5.0,5.0,4.0,5.0,5.0,2.0,3.0,4.0,2.0,2.0,4.0,5.0,4.0,3.0,3.0,3.0,3.0,5.0,4.0,0,1.333,3.75,2.286,3.0,4.5,3.333,2.0,2.8,3.556,4.5,1.0,3.0,3.583,4.7,2.6,3.75
124,56,Mujer,Unión libre,Sin hijos,Tecnológico,Urbana,4.0,Público,Entre 200 y 500 empleados,No,Carrera,39,Entre 3 y 5 SMLV,Administrativo,No,Entre 10 a 15,Entre 1 y 3 años,Presencial,Menos de 1 hora,55.0,3.0,2.0,5.0,3.0,3.0,2.0,3.0,4.0,3.0,4.0,5.0,5.0,4.0,5.0,3.0,3.0,3.0,5.0,5.0,4.0,4.0,3.0,3.0,3.0,5.0,5.0,5.0,4.0,3.0,4.0,5.0,4.0,4.0,7.0,6.0,6.0,6.0,5.0,6.0,6.0,7.0,6.0,,3.0,4.0,5.0,3.0,3.0,2.0,2.0,4.0,4.0,3.0,4.0,4.0,3.0,2.0,4.0,4.0,4.0,4.0,4.0,4.0,2.0,,2.0,4.0,1.0,6.0,7.0,6.0,7.0,7.0,5.0,6.0,5.0,6.0,6.0,2.0,5.0,4.0,3.0,4.0,1.0,1.0,,3.0,2.0,2.0,2.0,2.0,,0,3.333,2.75,4.286,3.0,4.5,3.0,4.75,4.0,6.111,4.0,2.8,3.6,3.182,6.1,3.6,1.857
341,44,Mujer,Soltero,Sin hijos,Bachiller,Urbana,3.0,Público,Entre 200 y 500 empleados,No,Carrera,49,Entre 1 y 3 SMLV,Operativo,No,Más de 25,Entre 1 y 3 años,Presencial,Más de 3 horas,58.0,4.0,3.0,3.0,2.0,2.0,2.0,2.0,5.0,4.0,5.0,5.0,5.0,4.0,4.0,5.0,4.0,5.0,4.0,5.0,5.0,5.0,1.0,1.0,1.0,4.0,3.0,4.0,5.0,4.0,,5.0,4.0,4.0,5.0,6.0,4.0,4.0,,4.0,,5.0,3.0,3.0,5.0,4.0,3.0,4.0,4.0,3.0,4.0,5.0,5.0,5.0,4.0,4.0,4.0,,,1.0,1.0,1.0,2.0,2.0,2.0,2.0,2.0,2.0,2.0,6.0,7.0,6.0,7.0,7.0,7.0,7.0,7.0,6.0,7.0,3.0,2.0,1.0,1.0,1.0,1.0,1.0,1.0,1.0,1.0,1.0,2.0,1.0,5.0,0,3.333,2.0,4.571,4.667,4.75,1.0,4.0,4.25,4.429,3.75,4.0,4.4,1.7,6.7,1.6,1.125
223,51,Hombre,Casado,Sin hijos,Técnico,Urbana,2.0,Público,Entre 200 y 500 empleados,No,Otro,42,Entre 1 y 3 SMLV,Operativo,Si,Entre 1 a 5,Entre 1 y 3 años,Presencial,Menos de 1 hora,35.0,5.0,4.0,5.0,1.0,1.0,2.0,1.0,4.0,4.0,4.0,4.0,,4.0,4.0,,5.0,,4.0,5.0,4.0,4.0,1.0,1.0,2.0,4.0,4.0,4.0,4.0,2.0,2.0,3.0,2.0,2.0,5.0,6.0,6.0,6.0,6.0,6.0,5.0,5.0,6.0,2.0,3.0,2.0,4.0,2.0,1.0,3.0,,1.0,2.0,2.0,2.0,2.0,3.0,1.0,1.0,1.0,1.0,1.0,1.0,1.0,1.0,1.0,1.0,1.0,1.0,6.0,5.0,5.0,5.0,6.0,5.0,5.0,6.0,5.0,6.0,2.0,3.0,1.0,2.0,3.0,2.0,3.0,2.0,3.0,3.0,4.0,2.0,3.0,6.0,0,4.667,1.25,4.0,5.0,4.25,1.333,4.0,2.2,5.667,2.75,1.75,2.2,1.0,5.4,2.2,2.75
306,52,Hombre,Unión libre,2,Técnico,Urbana,3.0,Público,Entre 200 y 500 empleados,No,Presentación de servicios,37,Entre 1 y 3 SMLV,Administrativo,No,Entre 5 a 10,Menos de 1 año,Presencial,Menos de 1 hora,2.0,1.0,1.0,1.0,5.0,4.0,4.0,4.0,3.0,4.0,3.0,2.0,3.0,4.0,3.0,3.0,3.0,4.0,4.0,4.0,4.0,4.0,4.0,3.0,3.0,3.0,4.0,4.0,4.0,2.0,3.0,2.0,3.0,3.0,5.0,5.0,4.0,6.0,6.0,,5.0,6.0,,5.0,3.0,3.0,3.0,3.0,,3.0,2.0,3.0,5.0,,6.0,5.0,5.0,1.0,1.0,1.0,1.0,1.0,1.0,1.0,1.0,1.0,1.0,2.0,1.0,6.0,6.0,6.0,5.0,6.0,6.0,6.0,6.0,5.0,6.0,,3.0,2.0,2.0,2.0,2.0,2.0,4.0,2.0,3.0,2.0,3.0,3.0,3.0,0,1.0,4.25,3.143,3.333,4.0,3.333,3.75,2.6,5.286,3.5,2.75,5.25,1.083,5.8,2.25,2.625
257,25,Mujer,Soltero,Sin hijos,Técnico,Urbana,3.0,Público,Entre 200 y 500 empleados,No,Presentación de servicios,48,Entre 1 y 3 SMLV,Administrativo,No,Entre 1 a 5,Entre 1 y 3 años,Presencial,Menos de 1 hora,2.0,3.0,4.0,4.0,2.0,1.0,1.0,1.0,4.0,4.0,4.0,4.0,4.0,5.0,4.0,4.0,4.0,4.0,4.0,4.0,5.0,5.0,3.0,3.0,3.0,3.0,3.0,2.0,2.0,2.0,2.0,2.0,2.0,3.0,5.0,6.0,6.0,7.0,,6.0,6.0,6.0,6.0,3.0,3.0,4.0,3.0,1.0,1.0,1.0,2.0,1.0,1.0,1.0,,1.0,1.0,2.0,1.0,2.0,2.0,2.0,2.0,2.0,2.0,2.0,2.0,,1.0,7.0,7.0,7.0,7.0,7.0,6.0,7.0,7.0,7.0,7.0,1.0,1.0,1.0,2.0,1.0,1.0,1.0,4.0,2.0,1.0,1.0,2.0,1.0,5.0,0,3.667,1.25,4.143,4.0,4.5,3.0,2.5,2.2,6.0,3.25,1.2,1.0,1.818,6.9,1.2,1.625
170,25,Mujer,Casado,2,Posgrado,Urbana,4.0,Público,Entre 200 y 500 empleados,No,Provisionalidad,44,Entre 1 y 3 SMLV,Administrativo,Si,Entre 15 a 20,Entre 3 y 7 años,Presencial,Menos de 1 hora,3.0,4.0,,5.0,1.0,1.0,1.0,1.0,5.0,5.0,5.0,5.0,5.0,5.0,5.0,3.0,,3.0,4.0,4.0,4.0,4.0,1.0,1.0,2.0,4.0,5.0,5.0,4.0,4.0,4.0,4.0,4.0,3.0,6.0,7.0,7.0,6.0,6.0,7.0,7.0,7.0,7.0,1.0,2.0,1.0,1.0,1.0,2.0,2.0,2.0,2.0,1.0,1.0,,1.0,1.0,1.0,2.0,2.0,2.0,2.0,2.0,2.0,1.0,2.0,2.0,2.0,2.0,7.0,7.0,6.0,7.0,7.0,7.0,7.0,7.0,7.0,6.0,1.0,3.0,2.0,2.0,2.0,1.0,1.0,1.0,1.0,2.0,1.0,2.0,2.0,7.0,0,4.5,1.0,5.0,3.0,4.0,1.333,4.5,3.8,6.667,1.25,1.8,1.0,1.833,6.8,2.0,1.375
408,40,Mujer,Casado,Sin hijos,Profesional,Rural,5.0,Público,Entre 200 y 500 empleados,No,Supernumerario,33,Entre 1 y 3 SMLV,Administrativo,No,Entre 5 a 10,Menos de 1 año,Presencial,Entre 1 y 2 horas,42.0,4.0,4.0,3.0,3.0,2.0,4.0,3.0,4.0,4.0,4.0,4.0,3.0,4.0,3.0,3.0,5.0,4.0,4.0,5.0,5.0,3.0,2.0,2.0,3.0,4.0,3.0,,3.0,3.0,3.0,3.0,,3.0,,4.0,4.0,5.0,5.0,,,5.0,5.0,4.0,3.0,3.0,5.0,2.0,1.0,1.0,1.0,2.0,3.0,3.0,2.0,3.0,2.0,2.0,2.0,2.0,2.0,4.0,2.0,4.0,4.0,2.0,1.0,2.0,4.0,7.0,7.0,7.0,,7.0,7.0,7.0,7.0,7.0,7.0,6.0,5.0,4.0,6.0,6.0,1.0,3.0,3.0,1.0,3.0,2.0,1.0,3.0,4.0,0,3.667,3.0,3.714,4.0,4.25,2.333,3.333,3.0,4.667,3.75,1.4,2.6,2.583,7.0,5.4,2.125
240,39,Mujer,Casado,1,Posgrado,Urbana,3.0,Público,Entre 50 y 200 empleados,No,Carrera,40,Entre 1 y 3 SMLV,Administrativo,No,Entre 15 a 20,Entre 1 y 3 años,Presencial,Entre 2 y 3 horas,1.0,4.0,4.0,5.0,3.0,4.0,3.0,3.0,4.0,3.0,3.0,4.0,3.0,5.0,4.0,,4.0,3.0,3.0,3.0,3.0,3.0,3.0,4.0,,4.0,4.0,4.0,4.0,5.0,3.0,4.0,4.0,4.0,4.0,5.0,5.0,3.0,5.0,4.0,5.0,3.0,6.0,5.0,5.0,4.0,4.0,3.0,3.0,2.0,3.0,3.0,6.0,5.0,5.0,5.0,,4.0,4.0,4.0,5.0,5.0,2.0,2.0,5.0,2.0,2.0,4.0,2.0,4.0,4.0,4.0,,4.0,4.0,4.0,5.0,5.0,4.0,6.0,,3.0,3.0,4.0,4.0,3.0,2.0,3.0,2.0,3.0,3.0,3.0,3.0,0,4.333,3.25,3.714,3.5,3.0,3.5,4.0,4.0,4.444,4.5,2.8,5.25,3.417,4.222,4.0,2.875
16,33,Mujer,Casado,4,Posgrado,Urbana,3.0,Público,Entre 50 y 200 empleados,No,Carrera,41,Entre 1 y 3 SMLV,Administrativo,No,Más de 25,Entre 7 y 10 años,Presencial,Menos de 1 hora,39.0,1.0,2.0,1.0,4.0,4.0,5.0,4.0,2.0,3.0,2.0,2.0,2.0,3.0,2.0,4.0,3.0,3.0,4.0,5.0,5.0,5.0,3.0,3.0,3.0,3.0,3.0,4.0,3.0,1.0,2.0,2.0,2.0,2.0,6.0,6.0,5.0,6.0,5.0,5.0,5.0,6.0,6.0,3.0,3.0,3.0,2.0,5.0,5.0,5.0,5.0,5.0,5.0,5.0,4.0,4.0,4.0,2.0,4.0,4.0,2.0,4.0,2.0,,4.0,2.0,4.0,4.0,2.0,4.0,4.0,4.0,5.0,4.0,4.0,4.0,5.0,4.0,5.0,3.0,4.0,2.0,1.0,3.0,4.0,4.0,3.0,2.0,3.0,,3.0,3.0,5.0,0,1.333,4.25,2.286,3.333,4.75,3.0,3.25,1.8,5.556,2.75,5.0,4.4,3.091,4.3,2.6,3.143
212,53,Hombre,Casado,3,Profesional,Urbana,4.0,Público,Entre 50 y 200 empleados,No,Carrera,45,Entre 1 y 3 SMLV,Administrativo,No,Entre 10 a 15,Entre 3 y 7 años,Presencial,Menos de 1 hora,2.0,2.0,3.0,2.0,4.0,3.0,3.0,3.0,5.0,4.0,4.0,4.0,4.0,4.0,3.0,4.0,3.0,4.0,4.0,4.0,5.0,5.0,2.0,3.0,2.0,3.0,3.0,3.0,2.0,3.0,2.0,3.0,4.0,3.0,,7.0,5.0,7.0,5.0,6.0,5.0,6.0,6.0,3.0,4.0,3.0,4.0,2.0,2.0,3.0,4.0,3.0,3.0,3.0,2.0,3.0,3.0,1.0,1.0,1.0,2.0,1.0,1.0,2.0,2.0,2.0,1.0,2.0,2.0,5.0,6.0,6.0,,5.0,5.0,6.0,5.0,5.0,6.0,1.0,1.0,,1.0,1.0,2.0,1.0,,2.0,2.0,2.0,3.0,1.0,5.0,0,2.333,3.25,4.0,3.667,4.5,2.333,2.75,3.0,5.875,3.5,2.8,2.8,1.5,5.444,1.0,1.857
235,38,Mujer,Soltero,3,Técnico,Urbana,4.0,Público,Entre 50 y 200 empleados,No,Otro,45,Entre 1 y 3 SMLV,Operativo,No,Entre 5 a 10,Entre 1 y 3 años,Presencial,Entre 1 y 2 horas,24.0,3.0,4.0,4.0,4.0,4.0,3.0,4.0,3.0,4.0,3.0,4.0,3.0,3.0,,4.0,4.0,3.0,4.0,5.0,5.0,5.0,2.0,2.0,3.0,3.0,3.0,3.0,4.0,3.0,3.0,4.0,4.0,4.0,6.0,5.0,6.0,,5.0,6.0,6.0,6.0,6.0,3.0,1.0,2.0,2.0,3.0,2.0,2.0,2.0,2.0,3.0,3.0,3.0,4.0,3.0,4.0,2.0,2.0,4.0,4.0,4.0,4.0,2.0,4.0,2.0,4.0,2.0,6.0,5.0,6.0,5.0,6.0,7.0,6.0,6.0,6.0,6.0,5.0,5.0,5.0,3.0,5.0,1.0,1.0,2.0,2.0,1.0,3.0,2.0,1.0,5.0,0,3.667,3.75,3.333,3.667,4.75,2.333,3.25,3.6,5.75,2.0,2.2,3.2,3.167,5.9,4.6,1.625
361,47,Hombre,Casado,1,Posgrado,Urbana,4.0,Público,Entre 50 y 200 empleados,No,Presentación de servicios,37,Entre 3 y 5 SMLV,Administrativo,Si,Entre 5 a 10,Menos de 1 año,Presencial,Menos de 1 hora,12.0,2.0,2.0,2.0,3.0,,3.0,3.0,3.0,,2.0,2.0,3.0,3.0,3.0,5.0,3.0,4.0,5.0,5.0,4.0,5.0,4.0,4.0,4.0,2.0,3.0,2.0,3.0,3.0,4.0,3.0,,3.0,6.0,5.0,5.0,5.0,5.0,6.0,5.0,5.0,5.0,3.0,3.0,2.0,3.0,4.0,4.0,3.0,3.0,3.0,5.0,4.0,5.0,3.0,4.0,2.0,,2.0,2.0,2.0,2.0,2.0,1.0,2.0,2.0,4.0,2.0,6.0,6.0,5.0,5.0,5.0,5.0,6.0,5.0,6.0,6.0,3.0,3.0,3.0,3.0,3.0,3.0,2.0,2.0,1.0,,1.0,2.0,2.0,5.0,0,2.0,3.0,2.667,4.0,4.75,4.0,2.5,3.25,5.222,2.75,3.4,4.2,2.091,5.5,3.0,1.857
121,29,Hombre,Soltero,Sin hijos,Técnico,Rural,4.0,Público,Más de 500 empleados,No,Libre nombramiento y remocion,47,Entre 1 y 3 SMLV,Administrativo,No,Entre 5 a 10,Entre 3 y 7 años,Presencial,Entre 1 y 2 horas,3.0,5.0,5.0,5.0,1.0,2.0,1.0,1.0,4.0,4.0,4.0,4.0,5.0,4.0,5.0,2.0,2.0,3.0,5.0,,5.0,5.0,1.0,1.0,1.0,3.0,3.0,2.0,3.0,2.0,3.0,,3.0,2.0,7.0,7.0,5.0,6.0,7.0,,6.0,6.0,7.0,2.0,1.0,1.0,2.0,,1.0,1.0,1.0,2.0,2.0,2.0,2.0,1.0,2.0,1.0,1.0,1.0,2.0,1.0,1.0,2.0,1.0,2.0,1.0,1.0,2.0,6.0,7.0,5.0,,,6.0,5.0,6.0,6.0,5.0,,1.0,1.0,2.0,1.0,1.0,1.0,2.0,2.0,1.0,2.0,1.0,1.0,6.0,0,5.0,1.25,4.286,2.333,5.0,1.0,2.75,2.5,6.375,1.5,1.25,1.8,1.333,5.75,1.25,1.375
